{
"type": "FeatureCollection",
"name": "spatial_points",
"crs": { "type": "name", "properties": { "name": "urn:ogc:def:crs:EPSG::32652" } },
"features": [
{ "type": "Feature", "properties": { "target": 25.48910100508672, "x_coord": 321236.20356542087, "y_coord": 4170944.8514205925 }, "geometry": { "type": "Point", "coordinates": [ 321236.203565420873929, 4170944.851420592516661 ] } },
{ "type": "Feature", "properties": { "target": 42.786971061862872, "x_coord": 338521.42919229751, "y_coord": 4166082.8909903234 }, "geometry": { "type": "Point", "coordinates": [ 338521.429192297509871, 4166082.890990323387086 ] } },
{ "type": "Feature", "properties": { "target": 40.055170707003327, "x_coord": 331959.81825434213, "y_coord": 4159285.8284885897 }, "geometry": { "type": "Point", "coordinates": [ 331959.818254342128057, 4159285.828488589730114 ] } },
{ "type": "Feature", "properties": { "target": 40.519715708633484, "x_coord": 327959.75452591112, "y_coord": 4174413.8505912083 }, "geometry": { "type": "Point", "coordinates": [ 327959.754525911121164, 4174413.850591208320111 ] } },
{ "type": "Feature", "properties": { "target": 13.108794288356671, "x_coord": 314680.55921327311, "y_coord": 4170541.9351766165 }, "geometry": { "type": "Point", "coordinates": [ 314680.559213273110799, 4170541.935176616534591 ] } },
{ "type": "Feature", "properties": { "target": 36.036355890421163, "x_coord": 314679.8356100861, "y_coord": 4154878.5081803468 }, "geometry": { "type": "Point", "coordinates": [ 314679.835610086098313, 4154878.508180346805602 ] } },
{ "type": "Feature", "properties": { "target": 7.1297444158321426, "x_coord": 311742.508365046, "y_coord": 4177327.8155348152 }, "geometry": { "type": "Point", "coordinates": [ 311742.508365046000108, 4177327.815534815192223 ] } },
{ "type": "Feature", "properties": { "target": 48.722797887650984, "x_coord": 335985.28437324805, "y_coord": 4174676.1172876949 }, "geometry": { "type": "Point", "coordinates": [ 335985.28437324805418, 4174676.117287694942206 ] } },
{ "type": "Feature", "properties": { "target": 31.893703441321875, "x_coord": 328033.45035229629, "y_coord": 4178493.9973987578 }, "geometry": { "type": "Point", "coordinates": [ 328033.450352296291385, 4178493.997398757841438 ] } },
{ "type": "Feature", "properties": { "target": 44.679782034510922, "x_coord": 331242.17733388138, "y_coord": 4171771.5852516508 }, "geometry": { "type": "Point", "coordinates": [ 331242.177333881380036, 4171771.585251650772989 ] } },
{ "type": "Feature", "properties": { "target": 4.2918539851358215, "x_coord": 310617.53482887405, "y_coord": 4168402.4558780738 }, "geometry": { "type": "Point", "coordinates": [ 310617.534828874049708, 4168402.455878073815256 ] } },
{ "type": "Feature", "properties": { "target": 50.620435529286489, "x_coord": 339097.29556485981, "y_coord": 4162547.2910887185 }, "geometry": { "type": "Point", "coordinates": [ 339097.295564859814476, 4162547.291088718455285 ] } },
{ "type": "Feature", "properties": { "target": 44.797835688647083, "x_coord": 334973.27922401263, "y_coord": 4177981.8545006206 }, "geometry": { "type": "Point", "coordinates": [ 334973.279224012629129, 4177981.854500620625913 ] } },
{ "type": "Feature", "properties": { "target": 5.0096424015811465, "x_coord": 316370.17332034826, "y_coord": 4175981.9166850122 }, "geometry": { "type": "Point", "coordinates": [ 316370.17332034825813, 4175981.916685012169182 ] } },
{ "type": "Feature", "properties": { "target": 11.154812840237312, "x_coord": 315454.749016213, "y_coord": 4151356.5601031855 }, "geometry": { "type": "Point", "coordinates": [ 315454.749016212997958, 4151356.560103185474873 ] } },
{ "type": "Feature", "properties": { "target": 20.59793279035144, "x_coord": 315502.13529560302, "y_coord": 4150791.0092349174 }, "geometry": { "type": "Point", "coordinates": [ 315502.135295603016857, 4150791.009234917350113 ] } },
{ "type": "Feature", "properties": { "target": 25.747617788289624, "x_coord": 319127.26728878613, "y_coord": 4161293.9010063414 }, "geometry": { "type": "Point", "coordinates": [ 319127.267288786126301, 4161293.901006341446191 ] } },
{ "type": "Feature", "properties": { "target": 35.146019678740622, "x_coord": 325742.69294896716, "y_coord": 4174316.5999234552 }, "geometry": { "type": "Point", "coordinates": [ 325742.692948967160191, 4174316.599923455156386 ] } },
{ "type": "Feature", "properties": { "target": 22.617868736323082, "x_coord": 322958.35055926349, "y_coord": 4179618.2838794482 }, "geometry": { "type": "Point", "coordinates": [ 322958.35055926349014, 4179618.283879448194057 ] } },
{ "type": "Feature", "properties": { "target": 22.697003561581454, "x_coord": 318736.87420594128, "y_coord": 4154512.506733106 }, "geometry": { "type": "Point", "coordinates": [ 318736.874205941276159, 4154512.506733105983585 ] } },
{ "type": "Feature", "properties": { "target": 51.140665917692374, "x_coord": 328355.58684167138, "y_coord": 4167823.9214605642 }, "geometry": { "type": "Point", "coordinates": [ 328355.586841671378352, 4167823.921460564248264 ] } },
{ "type": "Feature", "properties": { "target": 10.279200412510727, "x_coord": 314184.81581956125, "y_coord": 4161426.7256989307 }, "geometry": { "type": "Point", "coordinates": [ 314184.815819561248645, 4161426.725698930677027 ] } },
{ "type": "Feature", "properties": { "target": 15.568728236757075, "x_coord": 318764.33945605654, "y_coord": 4179097.4319344382 }, "geometry": { "type": "Point", "coordinates": [ 318764.33945605653571, 4179097.431934438180178 ] } },
{ "type": "Feature", "properties": { "target": 18.041798238882933, "x_coord": 320990.85529881075, "y_coord": 4175263.5676940712 }, "geometry": { "type": "Point", "coordinates": [ 320990.855298810754903, 4175263.567694071214646 ] } },
{ "type": "Feature", "properties": { "target": 23.803861616978473, "x_coord": 323682.0995265111, "y_coord": 4175149.8611413343 }, "geometry": { "type": "Point", "coordinates": [ 323682.099526511097793, 4175149.861141334287822 ] } },
{ "type": "Feature", "properties": { "target": 41.770176976637927, "x_coord": 333555.27884179039, "y_coord": 4164060.7947938489 }, "geometry": { "type": "Point", "coordinates": [ 333555.278841790393926, 4164060.794793848879635 ] } },
{ "type": "Feature", "properties": { "target": 19.328082290526254, "x_coord": 315990.21346475079, "y_coord": 4162444.5850701299 }, "geometry": { "type": "Point", "coordinates": [ 315990.2134647507919, 4162444.5850701299496 ] } },
{ "type": "Feature", "properties": { "target": 26.202858696259813, "x_coord": 325427.03315240837, "y_coord": 4158202.2121579214 }, "geometry": { "type": "Point", "coordinates": [ 325427.033152408374008, 4158202.212157921399921 ] } },
{ "type": "Feature", "properties": { "target": 36.564598301156082, "x_coord": 327772.4370658613, "y_coord": 4151691.2648995277 }, "geometry": { "type": "Point", "coordinates": [ 327772.437065861304291, 4151691.264899527654052 ] } },
{ "type": "Feature", "properties": { "target": -2.0155779669118012, "x_coord": 311393.51238159992, "y_coord": 4175941.6712876516 }, "geometry": { "type": "Point", "coordinates": [ 311393.512381599924993, 4175941.671287651639432 ] } },
{ "type": "Feature", "properties": { "target": 37.265031240386769, "x_coord": 328226.34555704315, "y_coord": 4174387.0302739022 }, "geometry": { "type": "Point", "coordinates": [ 328226.345557043154258, 4174387.030273902229965 ] } },
{ "type": "Feature", "properties": { "target": 6.4272281372975062, "x_coord": 315115.72371061874, "y_coord": 4179991.5301985838 }, "geometry": { "type": "Point", "coordinates": [ 315115.723710618738551, 4179991.530198583845049 ] } },
{ "type": "Feature", "properties": { "target": 10.419700873084384, "x_coord": 311951.54778955836, "y_coord": 4179899.1051122174 }, "geometry": { "type": "Point", "coordinates": [ 311951.547789558360819, 4179899.105112217366695 ] } },
{ "type": "Feature", "properties": { "target": 50.503084389125583, "x_coord": 338466.56611760001, "y_coord": 4166662.9511680789 }, "geometry": { "type": "Point", "coordinates": [ 338466.566117600013968, 4166662.951168078929186 ] } },
{ "type": "Feature", "properties": { "target": 55.293136735401795, "x_coord": 338968.9609922368, "y_coord": 4173069.6224554153 }, "geometry": { "type": "Point", "coordinates": [ 338968.960992236796301, 4173069.622455415315926 ] } },
{ "type": "Feature", "properties": { "target": 34.820078652724668, "x_coord": 334251.92044349381, "y_coord": 4178342.9718964729 }, "geometry": { "type": "Point", "coordinates": [ 334251.920443493814673, 4178342.971896472852677 ] } },
{ "type": "Feature", "properties": { "target": 18.024024545378204, "x_coord": 319138.4130752011, "y_coord": 4175489.4217203222 }, "geometry": { "type": "Point", "coordinates": [ 319138.413075201096945, 4175489.421720322221518 ] } },
{ "type": "Feature", "properties": { "target": 18.760459668454885, "x_coord": 312930.1634201915, "y_coord": 4157420.4430522961 }, "geometry": { "type": "Point", "coordinates": [ 312930.163420191500336, 4157420.443052296061069 ] } },
{ "type": "Feature", "properties": { "target": 39.724099464634044, "x_coord": 330526.99079536472, "y_coord": 4163516.3240593029 }, "geometry": { "type": "Point", "coordinates": [ 330526.990795364719816, 4163516.324059302918613 ] } },
{ "type": "Feature", "properties": { "target": 29.664993636596439, "x_coord": 323204.57481218805, "y_coord": 4153874.7824545447 }, "geometry": { "type": "Point", "coordinates": [ 323204.574812188046053, 4153874.78245454467833 ] } },
{ "type": "Feature", "properties": { "target": 3.6179933050147133, "x_coord": 313661.14704534336, "y_coord": 4178621.5308177616 }, "geometry": { "type": "Point", "coordinates": [ 313661.147045343357604, 4178621.530817761551589 ] } },
{ "type": "Feature", "properties": { "target": 41.965725531851213, "x_coord": 324855.30730333808, "y_coord": 4168185.2390335263 }, "geometry": { "type": "Point", "coordinates": [ 324855.307303338078782, 4168185.239033526275307 ] } },
{ "type": "Feature", "properties": { "target": 19.325518064171408, "x_coord": 311031.65563345654, "y_coord": 4156859.2841651039 }, "geometry": { "type": "Point", "coordinates": [ 311031.655633456539363, 4156859.284165103919804 ] } },
{ "type": "Feature", "properties": { "target": 47.119481329119246, "x_coord": 337279.61206236348, "y_coord": 4170151.0205321759 }, "geometry": { "type": "Point", "coordinates": [ 337279.612062363477889, 4170151.020532175898552 ] } },
{ "type": "Feature", "properties": { "target": 18.859851024663197, "x_coord": 317763.39944800053, "y_coord": 4168543.8472137367 }, "geometry": { "type": "Point", "coordinates": [ 317763.399448000534903, 4168543.847213736735284 ] } },
{ "type": "Feature", "properties": { "target": 43.097953648463488, "x_coord": 329875.66853061947, "y_coord": 4160744.8815409853 }, "geometry": { "type": "Point", "coordinates": [ 329875.668530619470403, 4160744.881540985312313 ] } },
{ "type": "Feature", "properties": { "target": 29.427331985937162, "x_coord": 319351.3322826823, "y_coord": 4153406.727765989 }, "geometry": { "type": "Point", "coordinates": [ 319351.332282682298683, 4153406.727765989024192 ] } },
{ "type": "Feature", "properties": { "target": 33.952851724311301, "x_coord": 325602.04063533433, "y_coord": 4170147.1958677839 }, "geometry": { "type": "Point", "coordinates": [ 325602.040635334327817, 4170147.195867783855647 ] } },
{ "type": "Feature", "properties": { "target": 34.244886940587548, "x_coord": 326401.30838029837, "y_coord": 4165609.2310271137 }, "geometry": { "type": "Point", "coordinates": [ 326401.308380298374686, 4165609.231027113739401 ] } },
{ "type": "Feature", "properties": { "target": 9.3507002570530844, "x_coord": 315545.63366576581, "y_coord": 4173169.551752069 }, "geometry": { "type": "Point", "coordinates": [ 315545.633665765810292, 4173169.551752069033682 ] } },
{ "type": "Feature", "properties": { "target": 43.359728622293872, "x_coord": 339087.53883293679, "y_coord": 4165604.9050333598 }, "geometry": { "type": "Point", "coordinates": [ 339087.538832936785184, 4165604.905033359769732 ] } },
{ "type": "Feature", "properties": { "target": 38.571072337085923, "x_coord": 333253.98470083345, "y_coord": 4175565.4450095561 }, "geometry": { "type": "Point", "coordinates": [ 333253.984700833447278, 4175565.4450095561333 ] } },
{ "type": "Feature", "properties": { "target": 44.160024177155286, "x_coord": 338184.96824692568, "y_coord": 4166557.2051632344 }, "geometry": { "type": "Point", "coordinates": [ 338184.968246925680432, 4166557.205163234379143 ] } },
{ "type": "Feature", "properties": { "target": 44.137261736295244, "x_coord": 336844.82051282946, "y_coord": 4166828.1391460616 }, "geometry": { "type": "Point", "coordinates": [ 336844.82051282946486, 4166828.139146061614156 ] } },
{ "type": "Feature", "properties": { "target": 33.979375897620614, "x_coord": 327936.99936433253, "y_coord": 4176299.6080797506 }, "geometry": { "type": "Point", "coordinates": [ 327936.999364332528785, 4176299.608079750556499 ] } },
{ "type": "Feature", "properties": { "target": 48.554478176157737, "x_coord": 337656.22705069353, "y_coord": 4162104.485986372 }, "geometry": { "type": "Point", "coordinates": [ 337656.227050693531055, 4162104.485986371990293 ] } },
{ "type": "Feature", "properties": { "target": 23.071154112073, "x_coord": 312654.77506155759, "y_coord": 4154020.4568535192 }, "geometry": { "type": "Point", "coordinates": [ 312654.77506155759329, 4154020.456853519193828 ] } },
{ "type": "Feature", "properties": { "target": 11.011020773590916, "x_coord": 315879.48587257438, "y_coord": 4150863.4802894001 }, "geometry": { "type": "Point", "coordinates": [ 315879.485872574383393, 4150863.480289400089532 ] } },
{ "type": "Feature", "properties": { "target": 7.7211114417107893, "x_coord": 311356.81866731617, "y_coord": 4172654.1176702087 }, "geometry": { "type": "Point", "coordinates": [ 311356.818667316169012, 4172654.117670208681375 ] } },
{ "type": "Feature", "properties": { "target": 25.445094683691543, "x_coord": 319759.90992289793, "y_coord": 4168609.2865406037 }, "geometry": { "type": "Point", "coordinates": [ 319759.90992289793212, 4168609.286540603730828 ] } },
{ "type": "Feature", "properties": { "target": 24.981524226728055, "x_coord": 321660.31869068445, "y_coord": 4171122.3930429765 }, "geometry": { "type": "Point", "coordinates": [ 321660.318690684449393, 4171122.393042976502329 ] } },
{ "type": "Feature", "properties": { "target": 26.486753434795872, "x_coord": 318140.47095321689, "y_coord": 4156388.9248452676 }, "geometry": { "type": "Point", "coordinates": [ 318140.470953216892667, 4156388.924845267552882 ] } },
{ "type": "Feature", "properties": { "target": 36.308595307229552, "x_coord": 334862.12527455785, "y_coord": 4154091.1442676033 }, "geometry": { "type": "Point", "coordinates": [ 334862.125274557853118, 4154091.144267603289336 ] } },
{ "type": "Feature", "properties": { "target": 22.160797036025055, "x_coord": 320702.59980080766, "y_coord": 4150436.3399700364 }, "geometry": { "type": "Point", "coordinates": [ 320702.59980080765672, 4150436.339970036409795 ] } },
{ "type": "Feature", "properties": { "target": 24.060343556177958, "x_coord": 318428.0352906214, "y_coord": 4160517.6267641978 }, "geometry": { "type": "Point", "coordinates": [ 318428.035290621395689, 4160517.626764197833836 ] } },
{ "type": "Feature", "properties": { "target": 40.977174367856684, "x_coord": 326280.88249474746, "y_coord": 4167697.5306056389 }, "geometry": { "type": "Point", "coordinates": [ 326280.882494747464079, 4167697.530605638865381 ] } },
{ "type": "Feature", "properties": { "target": 14.303475980061071, "x_coord": 314227.72674924287, "y_coord": 4161767.3213529917 }, "geometry": { "type": "Point", "coordinates": [ 314227.72674924286548, 4161767.321352991741151 ] } },
{ "type": "Feature", "properties": { "target": 55.352753937211176, "x_coord": 334065.90942262119, "y_coord": 4163124.2476607119 }, "geometry": { "type": "Point", "coordinates": [ 334065.909422621189151, 4163124.247660711873323 ] } },
{ "type": "Feature", "properties": { "target": 0.64955910208787948, "x_coord": 312236.51931039314, "y_coord": 4177124.7608348127 }, "geometry": { "type": "Point", "coordinates": [ 312236.519310393137857, 4177124.76083481265232 ] } },
{ "type": "Feature", "properties": { "target": 47.462311082892491, "x_coord": 339606.60809801554, "y_coord": 4160447.6640106989 }, "geometry": { "type": "Point", "coordinates": [ 339606.608098015538417, 4160447.664010698907077 ] } },
{ "type": "Feature", "properties": { "target": 41.576866825516625, "x_coord": 333167.34307889972, "y_coord": 4165419.6846747943 }, "geometry": { "type": "Point", "coordinates": [ 333167.343078899721149, 4165419.684674794320017 ] } },
{ "type": "Feature", "properties": { "target": 8.655877425779078, "x_coord": 315961.4704460252, "y_coord": 4173509.5903822342 }, "geometry": { "type": "Point", "coordinates": [ 315961.470446025195997, 4173509.590382234193385 ] } },
{ "type": "Feature", "properties": { "target": -0.66242033456389526, "x_coord": 310165.66351370804, "y_coord": 4161896.2834696383 }, "geometry": { "type": "Point", "coordinates": [ 310165.663513708044775, 4161896.283469638321549 ] } },
{ "type": "Feature", "properties": { "target": 54.582079500842276, "x_coord": 334463.84285364504, "y_coord": 4168662.6010068362 }, "geometry": { "type": "Point", "coordinates": [ 334463.842853645037394, 4168662.601006836164743 ] } },
{ "type": "Feature", "properties": { "target": 47.537636113922538, "x_coord": 331205.72031542851, "y_coord": 4175870.9112624023 }, "geometry": { "type": "Point", "coordinates": [ 331205.720315428508911, 4175870.911262402310967 ] } },
{ "type": "Feature", "properties": { "target": 35.79634062491526, "x_coord": 331870.21504122962, "y_coord": 4178485.6187097291 }, "geometry": { "type": "Point", "coordinates": [ 331870.215041229617782, 4178485.61870972905308 ] } },
{ "type": "Feature", "properties": { "target": 34.959690669074206, "x_coord": 333138.11040057836, "y_coord": 4154412.2044278709 }, "geometry": { "type": "Point", "coordinates": [ 333138.110400578356348, 4154412.204427870921791 ] } },
{ "type": "Feature", "properties": { "target": 6.1182097328630185, "x_coord": 312221.33955202269, "y_coord": 4177797.6287548449 }, "geometry": { "type": "Point", "coordinates": [ 312221.33955202269135, 4177797.628754844889045 ] } },
{ "type": "Feature", "properties": { "target": 39.763911222561916, "x_coord": 320753.97185632819, "y_coord": 4164763.4887923864 }, "geometry": { "type": "Point", "coordinates": [ 320753.971856328193098, 4164763.488792386371642 ] } },
{ "type": "Feature", "properties": { "target": 18.743652663348051, "x_coord": 313476.07178575388, "y_coord": 4157747.3316489686 }, "geometry": { "type": "Point", "coordinates": [ 313476.071785753883887, 4157747.331648968625814 ] } },
{ "type": "Feature", "properties": { "target": 46.612198314235208, "x_coord": 335893.1027762678, "y_coord": 4163774.0726871477 }, "geometry": { "type": "Point", "coordinates": [ 335893.102776267798617, 4163774.072687147650868 ] } },
{ "type": "Feature", "properties": { "target": 25.303553257673126, "x_coord": 328698.94380482676, "y_coord": 4179400.9772585644 }, "geometry": { "type": "Point", "coordinates": [ 328698.943804826762062, 4179400.977258564438671 ] } },
{ "type": "Feature", "properties": { "target": 53.432271924978799, "x_coord": 319926.94074557949, "y_coord": 4164778.5428197859 }, "geometry": { "type": "Point", "coordinates": [ 319926.940745579486247, 4164778.542819785885513 ] } },
{ "type": "Feature", "properties": { "target": 16.864847178569221, "x_coord": 311906.75050858071, "y_coord": 4159862.5483086254 }, "geometry": { "type": "Point", "coordinates": [ 311906.750508580706082, 4159862.548308625351638 ] } },
{ "type": "Feature", "properties": { "target": 21.348415820632098, "x_coord": 319329.46965146984, "y_coord": 4169002.0256295018 }, "geometry": { "type": "Point", "coordinates": [ 319329.469651469844393, 4169002.025629501789808 ] } },
{ "type": "Feature", "properties": { "target": 20.997065698323588, "x_coord": 319755.49966080242, "y_coord": 4157204.3685633456 }, "geometry": { "type": "Point", "coordinates": [ 319755.499660802423023, 4157204.368563345633447 ] } },
{ "type": "Feature", "properties": { "target": 38.366028297605766, "x_coord": 331888.1853501419, "y_coord": 4152275.8998432597 }, "geometry": { "type": "Point", "coordinates": [ 331888.185350141895469, 4152275.899843259714544 ] } },
{ "type": "Feature", "properties": { "target": 34.31384592367381, "x_coord": 329126.72414065641, "y_coord": 4153866.3916573194 }, "geometry": { "type": "Point", "coordinates": [ 329126.72414065641351, 4153866.391657319385558 ] } },
{ "type": "Feature", "properties": { "target": 48.100567423475482, "x_coord": 336616.38227728981, "y_coord": 4153841.3751687333 }, "geometry": { "type": "Point", "coordinates": [ 336616.382277289812919, 4153841.375168733298779 ] } },
{ "type": "Feature", "properties": { "target": 35.717756163937267, "x_coord": 324166.44775485847, "y_coord": 4154557.0808053687 }, "geometry": { "type": "Point", "coordinates": [ 324166.447754858469125, 4154557.080805368721485 ] } },
{ "type": "Feature", "properties": { "target": 19.849536318563764, "x_coord": 313587.82737814903, "y_coord": 4154164.8151794821 }, "geometry": { "type": "Point", "coordinates": [ 313587.827378149027936, 4154164.815179482102394 ] } },
{ "type": "Feature", "properties": { "target": 52.942253976296122, "x_coord": 331397.34361668985, "y_coord": 4169226.2423440963 }, "geometry": { "type": "Point", "coordinates": [ 331397.343616689846385, 4169226.242344096302986 ] } },
{ "type": "Feature", "properties": { "target": 31.814235771977824, "x_coord": 332823.5514585069, "y_coord": 4155456.4025319745 }, "geometry": { "type": "Point", "coordinates": [ 332823.551458506903145, 4155456.402531974483281 ] } },
{ "type": "Feature", "properties": { "target": 27.930745206929075, "x_coord": 326838.31592708488, "y_coord": 4160370.0184997157 }, "geometry": { "type": "Point", "coordinates": [ 326838.315927084884606, 4160370.018499715719372 ] } },
{ "type": "Feature", "properties": { "target": 41.479762304018678, "x_coord": 333129.01539863681, "y_coord": 4176903.6522971801 }, "geometry": { "type": "Point", "coordinates": [ 333129.01539863680955, 4176903.652297180145979 ] } },
{ "type": "Feature", "properties": { "target": 42.52227606331909, "x_coord": 324813.86789093172, "y_coord": 4164218.849207886 }, "geometry": { "type": "Point", "coordinates": [ 324813.867890931724105, 4164218.849207886029035 ] } },
{ "type": "Feature", "properties": { "target": 34.356420021521522, "x_coord": 325681.98488145979, "y_coord": 4170026.7321556308 }, "geometry": { "type": "Point", "coordinates": [ 325681.984881459793542, 4170026.732155630830675 ] } },
{ "type": "Feature", "properties": { "target": 25.477082407230082, "x_coord": 322826.2305507565, "y_coord": 4155169.5961360489 }, "geometry": { "type": "Point", "coordinates": [ 322826.230550756503362, 4155169.596136048901826 ] } },
{ "type": "Feature", "properties": { "target": 7.2959918875078076, "x_coord": 310762.57380232285, "y_coord": 4155768.6705642603 }, "geometry": { "type": "Point", "coordinates": [ 310762.573802322847769, 4155768.670564260333776 ] } },
{ "type": "Feature", "properties": { "target": 17.57070927923629, "x_coord": 313236.74280979915, "y_coord": 4151226.0584879946 }, "geometry": { "type": "Point", "coordinates": [ 313236.742809799150564, 4151226.058487994596362 ] } },
{ "type": "Feature", "properties": { "target": 20.784363371919532, "x_coord": 310942.87557060202, "y_coord": 4155068.0518921651 }, "geometry": { "type": "Point", "coordinates": [ 310942.875570602016523, 4155068.051892165094614 ] } },
{ "type": "Feature", "properties": { "target": 30.916443623662889, "x_coord": 329092.31233791343, "y_coord": 4158357.7101709587 }, "geometry": { "type": "Point", "coordinates": [ 329092.312337913434021, 4158357.710170958656818 ] } },
{ "type": "Feature", "properties": { "target": 20.159177508579283, "x_coord": 319430.67943228979, "y_coord": 4155310.3145283023 }, "geometry": { "type": "Point", "coordinates": [ 319430.679432289791293, 4155310.314528302289546 ] } },
{ "type": "Feature", "properties": { "target": 31.884972972255571, "x_coord": 325257.1207349411, "y_coord": 4152661.0760127115 }, "geometry": { "type": "Point", "coordinates": [ 325257.120734941097908, 4152661.076012711506337 ] } },
{ "type": "Feature", "properties": { "target": 49.222527952803489, "x_coord": 337226.99421778281, "y_coord": 4153619.0761330179 }, "geometry": { "type": "Point", "coordinates": [ 337226.994217782805208, 4153619.076133017893881 ] } },
{ "type": "Feature", "properties": { "target": 34.973136820038079, "x_coord": 317478.76687446627, "y_coord": 4163823.3630409818 }, "geometry": { "type": "Point", "coordinates": [ 317478.766874466266017, 4163823.363040981814265 ] } },
{ "type": "Feature", "properties": { "target": 27.171090844483643, "x_coord": 322311.48769106891, "y_coord": 4156190.0115521736 }, "geometry": { "type": "Point", "coordinates": [ 322311.487691068905406, 4156190.011552173644304 ] } },
{ "type": "Feature", "properties": { "target": 38.09030216669786, "x_coord": 332666.53415629145, "y_coord": 4160928.0958314422 }, "geometry": { "type": "Point", "coordinates": [ 332666.534156291454565, 4160928.095831442158669 ] } },
{ "type": "Feature", "properties": { "target": 25.959520333318117, "x_coord": 316863.94496474869, "y_coord": 4165102.5181256458 }, "geometry": { "type": "Point", "coordinates": [ 316863.944964748690836, 4165102.518125645816326 ] } },
{ "type": "Feature", "properties": { "target": 10.633474741684919, "x_coord": 312309.39729486377, "y_coord": 4170711.8448588811 }, "geometry": { "type": "Point", "coordinates": [ 312309.397294863767456, 4170711.844858881086111 ] } },
{ "type": "Feature", "properties": { "target": 23.081312742312733, "x_coord": 318692.54358741303, "y_coord": 4151179.3641952327 }, "geometry": { "type": "Point", "coordinates": [ 318692.543587413034402, 4151179.36419523274526 ] } },
{ "type": "Feature", "properties": { "target": 11.621776175583371, "x_coord": 314836.6386176201, "y_coord": 4173982.3119672714 }, "geometry": { "type": "Point", "coordinates": [ 314836.638617620104924, 4173982.311967271380126 ] } },
{ "type": "Feature", "properties": { "target": 54.653287156029144, "x_coord": 337890.92957027722, "y_coord": 4168837.0116847274 }, "geometry": { "type": "Point", "coordinates": [ 337890.929570277221501, 4168837.011684727389365 ] } },
{ "type": "Feature", "properties": { "target": 46.668638802928108, "x_coord": 334243.61138693249, "y_coord": 4152452.770958466 }, "geometry": { "type": "Point", "coordinates": [ 334243.611386932490859, 4152452.770958465989679 ] } },
{ "type": "Feature", "properties": { "target": 43.271298384613857, "x_coord": 329002.11269531271, "y_coord": 4176207.3587232032 }, "geometry": { "type": "Point", "coordinates": [ 329002.112695312709548, 4176207.358723203185946 ] } },
{ "type": "Feature", "properties": { "target": 48.464878439406128, "x_coord": 336143.81770563155, "y_coord": 4177626.1720159543 }, "geometry": { "type": "Point", "coordinates": [ 336143.817705631547142, 4177626.172015954274684 ] } },
{ "type": "Feature", "properties": { "target": 39.741732158845146, "x_coord": 334110.16230697342, "y_coord": 4151832.3387956461 }, "geometry": { "type": "Point", "coordinates": [ 334110.162306973419618, 4151832.338795646093786 ] } },
{ "type": "Feature", "properties": { "target": 20.226035602763783, "x_coord": 315597.10176658107, "y_coord": 4158306.3294444163 }, "geometry": { "type": "Point", "coordinates": [ 315597.101766581065021, 4158306.32944441633299 ] } },
{ "type": "Feature", "properties": { "target": 53.463562746101772, "x_coord": 336776.76995469932, "y_coord": 4174186.0383937918 }, "geometry": { "type": "Point", "coordinates": [ 336776.769954699324444, 4174186.038393791764975 ] } },
{ "type": "Feature", "properties": { "target": 31.887409943896884, "x_coord": 326180.26725746953, "y_coord": 4172447.7907115095 }, "geometry": { "type": "Point", "coordinates": [ 326180.267257469531614, 4172447.790711509529501 ] } },
{ "type": "Feature", "properties": { "target": 42.826089829059221, "x_coord": 334223.20465492189, "y_coord": 4155535.6305806912 }, "geometry": { "type": "Point", "coordinates": [ 334223.204654921893962, 4155535.630580691155046 ] } },
{ "type": "Feature", "properties": { "target": 43.410269091537884, "x_coord": 336882.73899770482, "y_coord": 4156280.4797001015 }, "geometry": { "type": "Point", "coordinates": [ 336882.73899770481512, 4156280.479700101539493 ] } },
{ "type": "Feature", "properties": { "target": 26.458522709747008, "x_coord": 319540.10424915591, "y_coord": 4161114.1630837414 }, "geometry": { "type": "Point", "coordinates": [ 319540.104249155905563, 4161114.163083741441369 ] } },
{ "type": "Feature", "properties": { "target": 15.996124255784672, "x_coord": 313301.55773583031, "y_coord": 4164535.6895557307 }, "geometry": { "type": "Point", "coordinates": [ 313301.557735830312595, 4164535.689555730670691 ] } },
{ "type": "Feature", "properties": { "target": 19.075772845674983, "x_coord": 316838.05487625825, "y_coord": 4168547.6431459091 }, "geometry": { "type": "Point", "coordinates": [ 316838.054876258247532, 4168547.643145909067243 ] } },
{ "type": "Feature", "properties": { "target": 29.269716525196021, "x_coord": 322813.23365878768, "y_coord": 4161067.4091870934 }, "geometry": { "type": "Point", "coordinates": [ 322813.233658787677996, 4161067.409187093377113 ] } },
{ "type": "Feature", "properties": { "target": 37.354929092985365, "x_coord": 334540.44297767477, "y_coord": 4163876.0414839946 }, "geometry": { "type": "Point", "coordinates": [ 334540.4429776747711, 4163876.041483994573355 ] } },
{ "type": "Feature", "properties": { "target": 51.406843916766483, "x_coord": 335821.9174976903, "y_coord": 4172424.1281440128 }, "geometry": { "type": "Point", "coordinates": [ 335821.917497690301389, 4172424.128144012764096 ] } },
{ "type": "Feature", "properties": { "target": 6.6194327493560277, "x_coord": 310208.56391593569, "y_coord": 4151100.496086718 }, "geometry": { "type": "Point", "coordinates": [ 310208.56391593569424, 4151100.4960867180489 ] } },
{ "type": "Feature", "properties": { "target": 38.97663842230078, "x_coord": 325322.41907732695, "y_coord": 4157573.1083303206 }, "geometry": { "type": "Point", "coordinates": [ 325322.419077326951083, 4157573.108330320566893 ] } },
{ "type": "Feature", "properties": { "target": 25.192120091813244, "x_coord": 322522.33009446337, "y_coord": 4171400.4875765364 }, "geometry": { "type": "Point", "coordinates": [ 322522.330094463366549, 4171400.487576536368579 ] } },
{ "type": "Feature", "properties": { "target": 12.828282780789682, "x_coord": 316663.23431412189, "y_coord": 4176856.2051306162 }, "geometry": { "type": "Point", "coordinates": [ 316663.234314121888019, 4176856.20513061620295 ] } },
{ "type": "Feature", "properties": { "target": 11.482500744292407, "x_coord": 313595.96102001047, "y_coord": 4165350.3232634701 }, "geometry": { "type": "Point", "coordinates": [ 313595.96102001046529, 4165350.323263470083475 ] } },
{ "type": "Feature", "properties": { "target": 47.859266415122029, "x_coord": 320128.45514210884, "y_coord": 4165963.4045579596 }, "geometry": { "type": "Point", "coordinates": [ 320128.455142108839937, 4165963.404557959642261 ] } },
{ "type": "Feature", "properties": { "target": 47.090045318495747, "x_coord": 338287.2911173756, "y_coord": 4153215.1603401932 }, "geometry": { "type": "Point", "coordinates": [ 338287.291117375600152, 4153215.160340193193406 ] } },
{ "type": "Feature", "properties": { "target": 36.656825331641031, "x_coord": 319696.08796062268, "y_coord": 4163422.3710047035 }, "geometry": { "type": "Point", "coordinates": [ 319696.087960622680839, 4163422.371004703454673 ] } },
{ "type": "Feature", "properties": { "target": 38.516163391186431, "x_coord": 325563.718652301, "y_coord": 4165978.5179936509 }, "geometry": { "type": "Point", "coordinates": [ 325563.718652301002294, 4165978.51799365086481 ] } },
{ "type": "Feature", "properties": { "target": 37.196244841313685, "x_coord": 331090.56876685534, "y_coord": 4157274.1151090418 }, "geometry": { "type": "Point", "coordinates": [ 331090.568766855343711, 4157274.11510904179886 ] } },
{ "type": "Feature", "properties": { "target": 21.791926795767818, "x_coord": 320908.88807137881, "y_coord": 4158077.2969284812 }, "geometry": { "type": "Point", "coordinates": [ 320908.8880713788094, 4158077.296928481198847 ] } },
{ "type": "Feature", "properties": { "target": 50.471584142624813, "x_coord": 339153.46248162881, "y_coord": 4161318.5248931386 }, "geometry": { "type": "Point", "coordinates": [ 339153.462481628812384, 4161318.524893138557673 ] } },
{ "type": "Feature", "properties": { "target": 53.870813664951825, "x_coord": 338873.41884826333, "y_coord": 4150602.1359333317 }, "geometry": { "type": "Point", "coordinates": [ 338873.41884826333262, 4150602.135933331679553 ] } },
{ "type": "Feature", "properties": { "target": 16.001330928208276, "x_coord": 317553.4688747609, "y_coord": 4159662.3749674954 }, "geometry": { "type": "Point", "coordinates": [ 317553.468874760903418, 4159662.374967495445162 ] } },
{ "type": "Feature", "properties": { "target": 27.82313317368838, "x_coord": 324917.45517677156, "y_coord": 4156343.4402098963 }, "geometry": { "type": "Point", "coordinates": [ 324917.455176771560218, 4156343.440209896303713 ] } },
{ "type": "Feature", "properties": { "target": 19.973201098805635, "x_coord": 319026.3492945031, "y_coord": 4159824.9205653374 }, "geometry": { "type": "Point", "coordinates": [ 319026.34929450310301, 4159824.920565337408334 ] } },
{ "type": "Feature", "properties": { "target": 27.839914830696415, "x_coord": 318545.214831324, "y_coord": 4153592.8639545776 }, "geometry": { "type": "Point", "coordinates": [ 318545.214831324003171, 4153592.863954577594995 ] } },
{ "type": "Feature", "properties": { "target": -5.7226639956051466, "x_coord": 311106.60842063598, "y_coord": 4176715.8184221969 }, "geometry": { "type": "Point", "coordinates": [ 311106.60842063598102, 4176715.818422196898609 ] } },
{ "type": "Feature", "properties": { "target": 43.322945687931046, "x_coord": 328286.93001939688, "y_coord": 4167807.7736066217 }, "geometry": { "type": "Point", "coordinates": [ 328286.930019396881107, 4167807.773606621660292 ] } },
{ "type": "Feature", "properties": { "target": 36.434985959026115, "x_coord": 325080.37069686584, "y_coord": 4170373.0695743347 }, "geometry": { "type": "Point", "coordinates": [ 325080.37069686583709, 4170373.069574334658682 ] } },
{ "type": "Feature", "properties": { "target": 10.816399069986861, "x_coord": 311544.36253749969, "y_coord": 4173675.1371582202 }, "geometry": { "type": "Point", "coordinates": [ 311544.362537499691825, 4173675.137158220168203 ] } },
{ "type": "Feature", "properties": { "target": 32.140375844794981, "x_coord": 318359.39392709837, "y_coord": 4164953.2659678715 }, "geometry": { "type": "Point", "coordinates": [ 318359.393927098368295, 4164953.265967871528119 ] } },
{ "type": "Feature", "properties": { "target": 43.042398550716364, "x_coord": 337247.9765789996, "y_coord": 4152607.6086426228 }, "geometry": { "type": "Point", "coordinates": [ 337247.97657899960177, 4152607.608642622828484 ] } },
{ "type": "Feature", "properties": { "target": 33.194300164725114, "x_coord": 317186.85672000918, "y_coord": 4166113.1962545565 }, "geometry": { "type": "Point", "coordinates": [ 317186.856720009178389, 4166113.196254556532949 ] } },
{ "type": "Feature", "properties": { "target": 4.1550760916839726, "x_coord": 314346.84616273671, "y_coord": 4167605.2335406262 }, "geometry": { "type": "Point", "coordinates": [ 314346.846162736706901, 4167605.233540626242757 ] } },
{ "type": "Feature", "properties": { "target": 20.224379517009517, "x_coord": 324683.58280832687, "y_coord": 4172363.1842255299 }, "geometry": { "type": "Point", "coordinates": [ 324683.5828083268716, 4172363.184225529897958 ] } },
{ "type": "Feature", "properties": { "target": 52.542805577264524, "x_coord": 339569.51362331799, "y_coord": 4162949.7863868903 }, "geometry": { "type": "Point", "coordinates": [ 339569.513623317994643, 4162949.786386890336871 ] } },
{ "type": "Feature", "properties": { "target": 20.863617202066884, "x_coord": 317261.65814534499, "y_coord": 4153827.409083867 }, "geometry": { "type": "Point", "coordinates": [ 317261.658145344990771, 4153827.409083866979927 ] } },
{ "type": "Feature", "properties": { "target": 30.094834912478198, "x_coord": 330164.06642217637, "y_coord": 4158513.2771739615 }, "geometry": { "type": "Point", "coordinates": [ 330164.066422176372726, 4158513.277173961512744 ] } },
{ "type": "Feature", "properties": { "target": 43.669110169696602, "x_coord": 332848.58845986152, "y_coord": 4160892.4688919592 }, "geometry": { "type": "Point", "coordinates": [ 332848.588459861523006, 4160892.468891959171742 ] } },
{ "type": "Feature", "properties": { "target": 18.903523317951226, "x_coord": 317129.12631977198, "y_coord": 4169377.5172399478 }, "geometry": { "type": "Point", "coordinates": [ 317129.126319771981798, 4169377.517239947803319 ] } },
{ "type": "Feature", "properties": { "target": 45.547954155421337, "x_coord": 331846.49045835581, "y_coord": 4167123.3491400676 }, "geometry": { "type": "Point", "coordinates": [ 331846.490458355809096, 4167123.349140067584813 ] } },
{ "type": "Feature", "properties": { "target": 20.835737488282255, "x_coord": 321033.49398157757, "y_coord": 4160682.9017769354 }, "geometry": { "type": "Point", "coordinates": [ 321033.493981577572413, 4160682.901776935439557 ] } },
{ "type": "Feature", "properties": { "target": 37.612664830056005, "x_coord": 328969.1749178074, "y_coord": 4179595.4574637893 }, "geometry": { "type": "Point", "coordinates": [ 328969.174917807395104, 4179595.457463789265603 ] } },
{ "type": "Feature", "properties": { "target": 53.842653455418471, "x_coord": 329005.89132282685, "y_coord": 4168173.2445807066 }, "geometry": { "type": "Point", "coordinates": [ 329005.891322826850228, 4168173.244580706581473 ] } },
{ "type": "Feature", "properties": { "target": 28.428671913757888, "x_coord": 326073.24052224273, "y_coord": 4157116.8037520796 }, "geometry": { "type": "Point", "coordinates": [ 326073.240522242733277, 4157116.803752079606056 ] } },
{ "type": "Feature", "properties": { "target": 23.017296711039094, "x_coord": 312708.69310163223, "y_coord": 4153053.4741786122 }, "geometry": { "type": "Point", "coordinates": [ 312708.693101632234175, 4153053.474178612232208 ] } },
{ "type": "Feature", "properties": { "target": 36.925023006389765, "x_coord": 335059.07486767712, "y_coord": 4154585.7741755298 }, "geometry": { "type": "Point", "coordinates": [ 335059.074867677118164, 4154585.774175529833883 ] } },
{ "type": "Feature", "properties": { "target": 15.27836095667281, "x_coord": 319623.40194915206, "y_coord": 4157378.7318515354 }, "geometry": { "type": "Point", "coordinates": [ 319623.401949152059387, 4157378.731851535383612 ] } },
{ "type": "Feature", "properties": { "target": 26.819390141002838, "x_coord": 315595.55531199562, "y_coord": 4154820.4411977865 }, "geometry": { "type": "Point", "coordinates": [ 315595.555311995616648, 4154820.441197786480188 ] } },
{ "type": "Feature", "properties": { "target": 8.993840818819697, "x_coord": 311223.25424664293, "y_coord": 4155597.0107215391 }, "geometry": { "type": "Point", "coordinates": [ 311223.254246642929502, 4155597.010721539147198 ] } },
{ "type": "Feature", "properties": { "target": 32.935823366917703, "x_coord": 327726.78829564725, "y_coord": 4158552.8550608153 }, "geometry": { "type": "Point", "coordinates": [ 327726.788295647245832, 4158552.855060815345496 ] } },
{ "type": "Feature", "properties": { "target": 33.494340238866933, "x_coord": 330326.9308552685, "y_coord": 4155201.2078588428 }, "geometry": { "type": "Point", "coordinates": [ 330326.930855268496089, 4155201.207858842797577 ] } },
{ "type": "Feature", "properties": { "target": 2.5807173146908813, "x_coord": 310497.63486783567, "y_coord": 4176902.9627387929 }, "geometry": { "type": "Point", "coordinates": [ 310497.634867835673504, 4176902.962738792877644 ] } },
{ "type": "Feature", "properties": { "target": 20.509159110962859, "x_coord": 325362.79174897843, "y_coord": 4152407.0123698493 }, "geometry": { "type": "Point", "coordinates": [ 325362.791748978430405, 4152407.012369849253446 ] } },
{ "type": "Feature", "properties": { "target": 29.458017659470343, "x_coord": 316794.87325593812, "y_coord": 4165735.3416871075 }, "geometry": { "type": "Point", "coordinates": [ 316794.873255938116927, 4165735.341687107458711 ] } },
{ "type": "Feature", "properties": { "target": 35.946818811913708, "x_coord": 329355.1837122835, "y_coord": 4162311.9048096896 }, "geometry": { "type": "Point", "coordinates": [ 329355.183712283498608, 4162311.904809689614922 ] } },
{ "type": "Feature", "properties": { "target": 14.450292804066663, "x_coord": 315230.99287014973, "y_coord": 4179471.3585072584 }, "geometry": { "type": "Point", "coordinates": [ 315230.992870149726514, 4179471.358507258351892 ] } },
{ "type": "Feature", "properties": { "target": 36.844991473031484, "x_coord": 330728.13214307395, "y_coord": 4153361.1670650416 }, "geometry": { "type": "Point", "coordinates": [ 330728.1321430739481, 4153361.167065041605383 ] } },
{ "type": "Feature", "properties": { "target": 32.824876552411524, "x_coord": 321602.06038901611, "y_coord": 4161935.6679713721 }, "geometry": { "type": "Point", "coordinates": [ 321602.060389016114641, 4161935.667971372138709 ] } },
{ "type": "Feature", "properties": { "target": 50.622677448975864, "x_coord": 338101.89966210205, "y_coord": 4179084.1129982611 }, "geometry": { "type": "Point", "coordinates": [ 338101.899662102048751, 4179084.112998261116445 ] } },
{ "type": "Feature", "properties": { "target": 9.5628816896494886, "x_coord": 314125.6283243798, "y_coord": 4175965.2137768194 }, "geometry": { "type": "Point", "coordinates": [ 314125.628324379795231, 4175965.21377681940794 ] } },
{ "type": "Feature", "properties": { "target": 22.476559213266299, "x_coord": 320231.99053150776, "y_coord": 4174512.1621284783 }, "geometry": { "type": "Point", "coordinates": [ 320231.99053150776308, 4174512.162128478288651 ] } },
{ "type": "Feature", "properties": { "target": 22.003827558912665, "x_coord": 313404.20563721767, "y_coord": 4157737.084811348 }, "geometry": { "type": "Point", "coordinates": [ 313404.205637217673939, 4157737.084811348002404 ] } },
{ "type": "Feature", "properties": { "target": 47.705366555974891, "x_coord": 337740.80854835687, "y_coord": 4155126.6276217019 }, "geometry": { "type": "Point", "coordinates": [ 337740.808548356872052, 4155126.627621701918542 ] } },
{ "type": "Feature", "properties": { "target": 52.054798053290114, "x_coord": 336320.18060142943, "y_coord": 4170059.2965977332 }, "geometry": { "type": "Point", "coordinates": [ 336320.180601429427043, 4170059.296597733162344 ] } },
{ "type": "Feature", "properties": { "target": 13.016856869949356, "x_coord": 317738.24883145466, "y_coord": 4177881.2796738273 }, "geometry": { "type": "Point", "coordinates": [ 317738.248831454664469, 4177881.279673827346414 ] } },
{ "type": "Feature", "properties": { "target": 53.121668056162321, "x_coord": 329799.52138102538, "y_coord": 4166702.8867904181 }, "geometry": { "type": "Point", "coordinates": [ 329799.521381025377195, 4166702.886790418066084 ] } },
{ "type": "Feature", "properties": { "target": 43.859657253983258, "x_coord": 334516.66600603645, "y_coord": 4167148.3806840968 }, "geometry": { "type": "Point", "coordinates": [ 334516.666006036452018, 4167148.380684096831828 ] } },
{ "type": "Feature", "properties": { "target": 39.229474807477402, "x_coord": 326656.02434798388, "y_coord": 4158399.3728098087 }, "geometry": { "type": "Point", "coordinates": [ 326656.024347983882762, 4158399.372809808701277 ] } },
{ "type": "Feature", "properties": { "target": 33.751931787119375, "x_coord": 325889.51735068019, "y_coord": 4173084.787995758 }, "geometry": { "type": "Point", "coordinates": [ 325889.517350680194795, 4173084.787995758000761 ] } },
{ "type": "Feature", "properties": { "target": 17.511265136189841, "x_coord": 317255.56872701354, "y_coord": 4155611.3124567256 }, "geometry": { "type": "Point", "coordinates": [ 317255.568727013538592, 4155611.312456725630909 ] } },
{ "type": "Feature", "properties": { "target": 11.078996390889447, "x_coord": 312793.08303417696, "y_coord": 4159710.3770921272 }, "geometry": { "type": "Point", "coordinates": [ 312793.083034176961519, 4159710.377092127222568 ] } },
{ "type": "Feature", "properties": { "target": 43.105254750744294, "x_coord": 336916.47273859981, "y_coord": 4162763.0931584924 }, "geometry": { "type": "Point", "coordinates": [ 336916.472738599812146, 4162763.093158492352813 ] } },
{ "type": "Feature", "properties": { "target": 51.7011201838597, "x_coord": 337012.54171489994, "y_coord": 4165228.3113605338 }, "geometry": { "type": "Point", "coordinates": [ 337012.541714899940416, 4165228.311360533814877 ] } },
{ "type": "Feature", "properties": { "target": 29.817668769516789, "x_coord": 328993.04371819802, "y_coord": 4157272.2919724523 }, "geometry": { "type": "Point", "coordinates": [ 328993.043718198023271, 4157272.291972452308983 ] } },
{ "type": "Feature", "properties": { "target": 19.499186459943122, "x_coord": 320170.89373146102, "y_coord": 4153445.1047421759 }, "geometry": { "type": "Point", "coordinates": [ 320170.893731461022981, 4153445.104742175899446 ] } },
{ "type": "Feature", "properties": { "target": 19.381967163126649, "x_coord": 320476.28723837982, "y_coord": 4168318.6012732489 }, "geometry": { "type": "Point", "coordinates": [ 320476.287238379823975, 4168318.601273248903453 ] } },
{ "type": "Feature", "properties": { "target": 35.415830223669076, "x_coord": 331778.6703661072, "y_coord": 4158658.9165972075 }, "geometry": { "type": "Point", "coordinates": [ 331778.67036610719515, 4158658.916597207542509 ] } },
{ "type": "Feature", "properties": { "target": 36.132745957709545, "x_coord": 336913.3077985773, "y_coord": 4167437.1466426784 }, "geometry": { "type": "Point", "coordinates": [ 336913.307798577297945, 4167437.146642678417265 ] } },
{ "type": "Feature", "properties": { "target": 36.916605531320094, "x_coord": 336612.59272795351, "y_coord": 4154630.8814582261 }, "geometry": { "type": "Point", "coordinates": [ 336612.592727953509893, 4154630.881458226125687 ] } },
{ "type": "Feature", "properties": { "target": 47.368865456142743, "x_coord": 333396.26637572871, "y_coord": 4164434.2030556444 }, "geometry": { "type": "Point", "coordinates": [ 333396.266375728708226, 4164434.203055644407868 ] } },
{ "type": "Feature", "properties": { "target": 46.529697170987774, "x_coord": 329260.94938462862, "y_coord": 4165977.6829765476 }, "geometry": { "type": "Point", "coordinates": [ 329260.949384628620464, 4165977.682976547628641 ] } },
{ "type": "Feature", "properties": { "target": 12.392826081861315, "x_coord": 312524.19894985144, "y_coord": 4151554.706104673 }, "geometry": { "type": "Point", "coordinates": [ 312524.198949851444922, 4151554.706104672979563 ] } },
{ "type": "Feature", "properties": { "target": 10.543511014199577, "x_coord": 314848.86142283841, "y_coord": 4160098.1283458178 }, "geometry": { "type": "Point", "coordinates": [ 314848.861422838410363, 4160098.128345817793161 ] } },
{ "type": "Feature", "properties": { "target": 45.140708892839029, "x_coord": 336956.62565581239, "y_coord": 4154032.440308169 }, "geometry": { "type": "Point", "coordinates": [ 336956.625655812385958, 4154032.440308168996125 ] } },
{ "type": "Feature", "properties": { "target": 30.946959052712561, "x_coord": 328192.87178978772, "y_coord": 4151901.2491141832 }, "geometry": { "type": "Point", "coordinates": [ 328192.871789787721355, 4151901.249114183243364 ] } },
{ "type": "Feature", "properties": { "target": -5.4694852687765518, "x_coord": 310275.9115484989, "y_coord": 4179698.8069716985 }, "geometry": { "type": "Point", "coordinates": [ 310275.911548498901539, 4179698.806971698533744 ] } },
{ "type": "Feature", "properties": { "target": 18.682632227811865, "x_coord": 313044.14628598094, "y_coord": 4159670.6153492415 }, "geometry": { "type": "Point", "coordinates": [ 313044.146285980939865, 4159670.615349241532385 ] } },
{ "type": "Feature", "properties": { "target": 46.398883392641245, "x_coord": 329905.05307324167, "y_coord": 4174296.2333756392 }, "geometry": { "type": "Point", "coordinates": [ 329905.053073241666425, 4174296.233375639189035 ] } },
{ "type": "Feature", "properties": { "target": 3.3780886011970965, "x_coord": 310151.84751538659, "y_coord": 4157639.219642913 }, "geometry": { "type": "Point", "coordinates": [ 310151.847515386587474, 4157639.219642912968993 ] } },
{ "type": "Feature", "properties": { "target": 10.836533009653138, "x_coord": 314824.24154252495, "y_coord": 4170445.0816667178 }, "geometry": { "type": "Point", "coordinates": [ 314824.241542524949182, 4170445.081666717771441 ] } },
{ "type": "Feature", "properties": { "target": 37.370847423692197, "x_coord": 326462.0136809976, "y_coord": 4172806.8357966905 }, "geometry": { "type": "Point", "coordinates": [ 326462.013680997595657, 4172806.835796690545976 ] } },
{ "type": "Feature", "properties": { "target": 41.786380318536992, "x_coord": 330756.85593078082, "y_coord": 4167869.1622182354 }, "geometry": { "type": "Point", "coordinates": [ 330756.855930780817289, 4167869.162218235433102 ] } },
{ "type": "Feature", "properties": { "target": 37.758031497540394, "x_coord": 329558.83778507804, "y_coord": 4164147.2856565048 }, "geometry": { "type": "Point", "coordinates": [ 329558.837785078037996, 4164147.285656504798681 ] } },
{ "type": "Feature", "properties": { "target": 17.291664217119099, "x_coord": 316728.0792838168, "y_coord": 4162355.2274244181 }, "geometry": { "type": "Point", "coordinates": [ 316728.079283816798124, 4162355.227424418088049 ] } },
{ "type": "Feature", "properties": { "target": 32.77991750156162, "x_coord": 331365.37664042605, "y_coord": 4160466.04799629 }, "geometry": { "type": "Point", "coordinates": [ 331365.3766404260532, 4160466.047996290028095 ] } },
{ "type": "Feature", "properties": { "target": 10.953338485198246, "x_coord": 317117.47262490401, "y_coord": 4177885.8743274347 }, "geometry": { "type": "Point", "coordinates": [ 317117.472624904010445, 4177885.874327434692532 ] } },
{ "type": "Feature", "properties": { "target": 27.121149040981731, "x_coord": 319761.99094477802, "y_coord": 4174918.582233632 }, "geometry": { "type": "Point", "coordinates": [ 319761.990944778022822, 4174918.582233631983399 ] } },
{ "type": "Feature", "properties": { "target": 42.385479313183716, "x_coord": 332394.74215354072, "y_coord": 4178950.8073199955 }, "geometry": { "type": "Point", "coordinates": [ 332394.742153540719301, 4178950.807319995481521 ] } },
{ "type": "Feature", "properties": { "target": 30.338244320239355, "x_coord": 329488.98697141645, "y_coord": 4153728.9167045662 }, "geometry": { "type": "Point", "coordinates": [ 329488.986971416452434, 4153728.916704566217959 ] } },
{ "type": "Feature", "properties": { "target": 50.750733002026919, "x_coord": 335476.70231482532, "y_coord": 4171926.0242561093 }, "geometry": { "type": "Point", "coordinates": [ 335476.702314825321082, 4171926.024256109260023 ] } },
{ "type": "Feature", "properties": { "target": 42.464758865122128, "x_coord": 329728.38676901028, "y_coord": 4178150.2137046312 }, "geometry": { "type": "Point", "coordinates": [ 329728.386769010277931, 4178150.213704631198198 ] } },
{ "type": "Feature", "properties": { "target": 34.398615948503448, "x_coord": 327049.25810006412, "y_coord": 4155436.9919849699 }, "geometry": { "type": "Point", "coordinates": [ 327049.258100064122118, 4155436.991984969936311 ] } },
{ "type": "Feature", "properties": { "target": 12.242276010439436, "x_coord": 312810.24303484277, "y_coord": 4151994.8880210035 }, "geometry": { "type": "Point", "coordinates": [ 312810.243034842773341, 4151994.888021003454924 ] } },
{ "type": "Feature", "properties": { "target": 19.41051832138546, "x_coord": 321031.47409178299, "y_coord": 4172233.6194787016 }, "geometry": { "type": "Point", "coordinates": [ 321031.474091782991309, 4172233.619478701613843 ] } },
{ "type": "Feature", "properties": { "target": 28.536649458060925, "x_coord": 317956.07103045174, "y_coord": 4167234.1933953972 }, "geometry": { "type": "Point", "coordinates": [ 317956.071030451741535, 4167234.193395397160202 ] } },
{ "type": "Feature", "properties": { "target": 15.325083014986285, "x_coord": 317319.68930137251, "y_coord": 4175254.8633027482 }, "geometry": { "type": "Point", "coordinates": [ 317319.689301372505724, 4175254.863302748184651 ] } },
{ "type": "Feature", "properties": { "target": 53.572229398742088, "x_coord": 339190.31664257339, "y_coord": 4154193.1712987889 }, "geometry": { "type": "Point", "coordinates": [ 339190.316642573394347, 4154193.17129878886044 ] } },
{ "type": "Feature", "properties": { "target": 26.024703767496604, "x_coord": 321792.93174000282, "y_coord": 4173858.0193557967 }, "geometry": { "type": "Point", "coordinates": [ 321792.931740002823062, 4173858.019355796743184 ] } },
{ "type": "Feature", "properties": { "target": 50.410260423228301, "x_coord": 336761.39665531338, "y_coord": 4156048.8196014324 }, "geometry": { "type": "Point", "coordinates": [ 336761.396655313379597, 4156048.819601432420313 ] } },
{ "type": "Feature", "properties": { "target": 29.813072380375175, "x_coord": 328934.15877991787, "y_coord": 4154909.6782859713 }, "geometry": { "type": "Point", "coordinates": [ 328934.158779917866923, 4154909.678285971283913 ] } },
{ "type": "Feature", "properties": { "target": 46.900463057088253, "x_coord": 333844.33910624945, "y_coord": 4154927.9739379296 }, "geometry": { "type": "Point", "coordinates": [ 333844.339106249448378, 4154927.973937929607928 ] } },
{ "type": "Feature", "properties": { "target": 30.875581675437417, "x_coord": 325079.11279315577, "y_coord": 4174437.2416069414 }, "geometry": { "type": "Point", "coordinates": [ 325079.112793155771215, 4174437.241606941446662 ] } },
{ "type": "Feature", "properties": { "target": 55.200921314252156, "x_coord": 327307.11653879075, "y_coord": 4169955.916620886 }, "geometry": { "type": "Point", "coordinates": [ 327307.116538790753111, 4169955.916620885953307 ] } },
{ "type": "Feature", "properties": { "target": 31.093519247940126, "x_coord": 324775.53081456589, "y_coord": 4165691.9627430737 }, "geometry": { "type": "Point", "coordinates": [ 324775.530814565892797, 4165691.962743073701859 ] } },
{ "type": "Feature", "properties": { "target": 26.177283604445687, "x_coord": 315857.28963394131, "y_coord": 4160764.9145237049 }, "geometry": { "type": "Point", "coordinates": [ 315857.289633941312786, 4160764.914523704908788 ] } },
{ "type": "Feature", "properties": { "target": 41.398624637140763, "x_coord": 331673.56345784519, "y_coord": 4176316.0162243932 }, "geometry": { "type": "Point", "coordinates": [ 331673.563457845186349, 4176316.016224393155426 ] } },
{ "type": "Feature", "properties": { "target": 22.058900089439653, "x_coord": 318423.17087322567, "y_coord": 4161773.3532226789 }, "geometry": { "type": "Point", "coordinates": [ 318423.170873225666583, 4161773.353222678881139 ] } },
{ "type": "Feature", "properties": { "target": -1.0053364896338133, "x_coord": 310729.47899294359, "y_coord": 4174497.9831841472 }, "geometry": { "type": "Point", "coordinates": [ 310729.478992943593767, 4174497.9831841471605 ] } },
{ "type": "Feature", "properties": { "target": 35.720982838692834, "x_coord": 329364.16887721501, "y_coord": 4163174.0472571068 }, "geometry": { "type": "Point", "coordinates": [ 329364.168877215008251, 4163174.047257106751204 ] } },
{ "type": "Feature", "properties": { "target": 18.098395265339935, "x_coord": 315313.32038221147, "y_coord": 4161308.3328827471 }, "geometry": { "type": "Point", "coordinates": [ 315313.32038221147377, 4161308.3328827470541 ] } },
{ "type": "Feature", "properties": { "target": 51.18299772064676, "x_coord": 338213.75753058743, "y_coord": 4163880.3935700883 }, "geometry": { "type": "Point", "coordinates": [ 338213.757530587434303, 4163880.393570088315755 ] } },
{ "type": "Feature", "properties": { "target": 45.544298477137502, "x_coord": 338617.85731007764, "y_coord": 4159041.3362249243 }, "geometry": { "type": "Point", "coordinates": [ 338617.857310077641159, 4159041.336224924307317 ] } },
{ "type": "Feature", "properties": { "target": 48.553375027051466, "x_coord": 337445.93170661345, "y_coord": 4172428.2814052873 }, "geometry": { "type": "Point", "coordinates": [ 337445.931706613453571, 4172428.281405287329108 ] } },
{ "type": "Feature", "properties": { "target": 51.600925588573517, "x_coord": 321104.76100766333, "y_coord": 4165081.6117027742 }, "geometry": { "type": "Point", "coordinates": [ 321104.761007663328201, 4165081.611702774185687 ] } },
{ "type": "Feature", "properties": { "target": 14.458301637397318, "x_coord": 310463.69849586603, "y_coord": 4156966.3808544045 }, "geometry": { "type": "Point", "coordinates": [ 310463.698495866032317, 4156966.380854404531419 ] } },
{ "type": "Feature", "properties": { "target": 49.987293562209288, "x_coord": 337849.55687763175, "y_coord": 4176987.2371982369 }, "geometry": { "type": "Point", "coordinates": [ 337849.556877631752286, 4176987.23719823686406 ] } },
{ "type": "Feature", "properties": { "target": 30.004710611774328, "x_coord": 322845.52444951941, "y_coord": 4161516.7366411965 }, "geometry": { "type": "Point", "coordinates": [ 322845.524449519405607, 4161516.736641196534038 ] } },
{ "type": "Feature", "properties": { "target": 50.691721024026236, "x_coord": 338999.64457131008, "y_coord": 4166306.5858334196 }, "geometry": { "type": "Point", "coordinates": [ 338999.644571310083847, 4166306.585833419580013 ] } },
{ "type": "Feature", "properties": { "target": 52.36930011872505, "x_coord": 338908.59931267757, "y_coord": 4177194.1633289363 }, "geometry": { "type": "Point", "coordinates": [ 338908.599312677572016, 4177194.163328936323524 ] } },
{ "type": "Feature", "properties": { "target": 43.129545670027497, "x_coord": 335590.28366402083, "y_coord": 4168727.1398774199 }, "geometry": { "type": "Point", "coordinates": [ 335590.283664020826109, 4168727.139877419918776 ] } },
{ "type": "Feature", "properties": { "target": 20.387671976048427, "x_coord": 318833.46676208754, "y_coord": 4153506.9412212512 }, "geometry": { "type": "Point", "coordinates": [ 318833.466762087540701, 4153506.941221251152456 ] } },
{ "type": "Feature", "properties": { "target": 11.949921966190232, "x_coord": 321552.93185805774, "y_coord": 4178194.9637084045 }, "geometry": { "type": "Point", "coordinates": [ 321552.931858057738282, 4178194.963708404451609 ] } },
{ "type": "Feature", "properties": { "target": 50.28119344486241, "x_coord": 335534.10014550568, "y_coord": 4168831.2415921427 }, "geometry": { "type": "Point", "coordinates": [ 335534.100145505683031, 4168831.241592142730951 ] } },
{ "type": "Feature", "properties": { "target": 27.631556745467666, "x_coord": 319507.66015468835, "y_coord": 4160047.1684397124 }, "geometry": { "type": "Point", "coordinates": [ 319507.660154688346665, 4160047.168439712375402 ] } },
{ "type": "Feature", "properties": { "target": 25.483712445879039, "x_coord": 315084.7824005828, "y_coord": 4154178.1621799017 }, "geometry": { "type": "Point", "coordinates": [ 315084.782400582800619, 4154178.162179901730269 ] } },
{ "type": "Feature", "properties": { "target": 43.067220791087735, "x_coord": 326704.03787375049, "y_coord": 4173820.7556781089 }, "geometry": { "type": "Point", "coordinates": [ 326704.037873750494327, 4173820.755678108893335 ] } },
{ "type": "Feature", "properties": { "target": 43.335011899187066, "x_coord": 338084.64322482341, "y_coord": 4168602.1826778552 }, "geometry": { "type": "Point", "coordinates": [ 338084.643224823405035, 4168602.182677855249494 ] } },
{ "type": "Feature", "properties": { "target": 37.42214061468821, "x_coord": 330880.89390024921, "y_coord": 4166003.8327592895 }, "geometry": { "type": "Point", "coordinates": [ 330880.893900249211583, 4166003.832759289536625 ] } },
{ "type": "Feature", "properties": { "target": 32.990322369676093, "x_coord": 327101.83510268095, "y_coord": 4176816.7774915285 }, "geometry": { "type": "Point", "coordinates": [ 327101.835102680954151, 4176816.77749152854085 ] } },
{ "type": "Feature", "properties": { "target": 10.769431862487782, "x_coord": 312915.29481312307, "y_coord": 4173657.9163367357 }, "geometry": { "type": "Point", "coordinates": [ 312915.294813123065978, 4173657.916336735710502 ] } },
{ "type": "Feature", "properties": { "target": 40.109968340760062, "x_coord": 328450.21680097509, "y_coord": 4154550.2463919823 }, "geometry": { "type": "Point", "coordinates": [ 328450.216800975089427, 4154550.246391982305795 ] } },
{ "type": "Feature", "properties": { "target": 47.884011646019516, "x_coord": 339701.61550312792, "y_coord": 4159351.6620338666 }, "geometry": { "type": "Point", "coordinates": [ 339701.61550312791951, 4159351.662033866625279 ] } },
{ "type": "Feature", "properties": { "target": 24.102721869091035, "x_coord": 314202.5204570957, "y_coord": 4157454.6741944342 }, "geometry": { "type": "Point", "coordinates": [ 314202.520457095699385, 4157454.674194434192032 ] } },
{ "type": "Feature", "properties": { "target": 33.790012926572203, "x_coord": 325549.88957091211, "y_coord": 4172318.3887771801 }, "geometry": { "type": "Point", "coordinates": [ 325549.889570912113413, 4172318.388777180109173 ] } },
{ "type": "Feature", "properties": { "target": 43.372042507922188, "x_coord": 336321.19215783867, "y_coord": 4151005.9730420732 }, "geometry": { "type": "Point", "coordinates": [ 336321.192157838668209, 4151005.973042073193938 ] } },
{ "type": "Feature", "properties": { "target": 52.501707669832896, "x_coord": 332223.05853262614, "y_coord": 4167096.6905461396 }, "geometry": { "type": "Point", "coordinates": [ 332223.058532626135275, 4167096.690546139609069 ] } },
{ "type": "Feature", "properties": { "target": 51.443392744514149, "x_coord": 330910.47222985805, "y_coord": 4172873.7605722207 }, "geometry": { "type": "Point", "coordinates": [ 330910.472229858045466, 4172873.760572220664471 ] } },
{ "type": "Feature", "properties": { "target": 31.727062214177877, "x_coord": 331074.52251961327, "y_coord": 4176302.9691028525 }, "geometry": { "type": "Point", "coordinates": [ 331074.522519613266923, 4176302.969102852512151 ] } },
{ "type": "Feature", "properties": { "target": 33.619263637301323, "x_coord": 320784.73453659267, "y_coord": 4160262.4524614774 }, "geometry": { "type": "Point", "coordinates": [ 320784.734536592673976, 4160262.45246147736907 ] } },
{ "type": "Feature", "properties": { "target": 23.330700865408708, "x_coord": 318807.75532793481, "y_coord": 4174637.7191401604 }, "geometry": { "type": "Point", "coordinates": [ 318807.755327934806701, 4174637.719140160363168 ] } },
{ "type": "Feature", "properties": { "target": 37.795524363666878, "x_coord": 334280.83466435538, "y_coord": 4153318.9521086561 }, "geometry": { "type": "Point", "coordinates": [ 334280.834664355381392, 4153318.952108656056225 ] } },
{ "type": "Feature", "properties": { "target": 46.318430606625235, "x_coord": 334303.40184037545, "y_coord": 4175393.5687520355 }, "geometry": { "type": "Point", "coordinates": [ 334303.401840375445317, 4175393.568752035498619 ] } },
{ "type": "Feature", "properties": { "target": 46.276771562522363, "x_coord": 336012.16955740313, "y_coord": 4153824.6598699596 }, "geometry": { "type": "Point", "coordinates": [ 336012.169557403132785, 4153824.659869959577918 ] } },
{ "type": "Feature", "properties": { "target": 48.269473705073018, "x_coord": 337397.21657669416, "y_coord": 4161918.6187168108 }, "geometry": { "type": "Point", "coordinates": [ 337397.216576694161631, 4161918.618716810829937 ] } },
{ "type": "Feature", "properties": { "target": 28.428411659498064, "x_coord": 325340.27196582814, "y_coord": 4173918.8609733866 }, "geometry": { "type": "Point", "coordinates": [ 325340.271965828142129, 4173918.860973386559635 ] } },
{ "type": "Feature", "properties": { "target": 23.414650771848013, "x_coord": 325045.48884061596, "y_coord": 4154497.5228204634 }, "geometry": { "type": "Point", "coordinates": [ 325045.488840615958907, 4154497.522820463404059 ] } },
{ "type": "Feature", "properties": { "target": 40.564810047959277, "x_coord": 333948.85536900326, "y_coord": 4156877.541856979 }, "geometry": { "type": "Point", "coordinates": [ 333948.855369003256783, 4156877.54185697901994 ] } },
{ "type": "Feature", "properties": { "target": 58.73453357822973, "x_coord": 329498.91792333295, "y_coord": 4171667.5770517918 }, "geometry": { "type": "Point", "coordinates": [ 329498.917923332948703, 4171667.577051791828126 ] } },
{ "type": "Feature", "properties": { "target": 56.868622990867308, "x_coord": 331059.00631773111, "y_coord": 4171601.096096382 }, "geometry": { "type": "Point", "coordinates": [ 331059.006317731109448, 4171601.096096382010728 ] } },
{ "type": "Feature", "properties": { "target": 47.800418214831041, "x_coord": 333873.78008308302, "y_coord": 4169234.4289865587 }, "geometry": { "type": "Point", "coordinates": [ 333873.780083083023783, 4169234.428986558690667 ] } },
{ "type": "Feature", "properties": { "target": 52.422343669579824, "x_coord": 336700.160254527, "y_coord": 4170818.453334013 }, "geometry": { "type": "Point", "coordinates": [ 336700.160254526999779, 4170818.453334013000131 ] } },
{ "type": "Feature", "properties": { "target": 23.572074981172719, "x_coord": 320139.85470554605, "y_coord": 4166281.7333004279 }, "geometry": { "type": "Point", "coordinates": [ 320139.854705546051264, 4166281.733300427906215 ] } },
{ "type": "Feature", "properties": { "target": 29.755715977161724, "x_coord": 321267.48857919831, "y_coord": 4157553.9717672085 }, "geometry": { "type": "Point", "coordinates": [ 321267.488579198310617, 4157553.971767208538949 ] } },
{ "type": "Feature", "properties": { "target": 1.2110509467097064, "x_coord": 312819.45819522609, "y_coord": 4160370.8798051174 }, "geometry": { "type": "Point", "coordinates": [ 312819.458195226092357, 4160370.879805117379874 ] } },
{ "type": "Feature", "properties": { "target": 28.399142687778212, "x_coord": 327348.4042298852, "y_coord": 4155447.9315040428 }, "geometry": { "type": "Point", "coordinates": [ 327348.404229885200039, 4155447.931504042819142 ] } },
{ "type": "Feature", "properties": { "target": -3.7894260211482433, "x_coord": 311078.26821390225, "y_coord": 4177253.516840009 }, "geometry": { "type": "Point", "coordinates": [ 311078.268213902250864, 4177253.516840009018779 ] } },
{ "type": "Feature", "properties": { "target": 27.236070797284192, "x_coord": 323967.94054397382, "y_coord": 4167501.7538429834 }, "geometry": { "type": "Point", "coordinates": [ 323967.940543973818421, 4167501.753842983394861 ] } },
{ "type": "Feature", "properties": { "target": 38.133108847179102, "x_coord": 326279.3390412273, "y_coord": 4162025.542502909 }, "geometry": { "type": "Point", "coordinates": [ 326279.339041227300186, 4162025.542502908967435 ] } },
{ "type": "Feature", "properties": { "target": 29.825753394724146, "x_coord": 318596.23756384855, "y_coord": 4163860.1741093239 }, "geometry": { "type": "Point", "coordinates": [ 318596.237563848553691, 4163860.174109323881567 ] } },
{ "type": "Feature", "properties": { "target": 33.467977041075045, "x_coord": 327724.99781707034, "y_coord": 4178418.5001883544 }, "geometry": { "type": "Point", "coordinates": [ 327724.997817070339806, 4178418.500188354402781 ] } },
{ "type": "Feature", "properties": { "target": 7.7278094950254337, "x_coord": 310915.00749817147, "y_coord": 4154600.5420934823 }, "geometry": { "type": "Point", "coordinates": [ 310915.007498171471525, 4154600.542093482334167 ] } },
{ "type": "Feature", "properties": { "target": 5.7654587114427391, "x_coord": 311120.44566247641, "y_coord": 4167586.894960504 }, "geometry": { "type": "Point", "coordinates": [ 311120.445662476413418, 4167586.894960504025221 ] } },
{ "type": "Feature", "properties": { "target": 45.729040047862419, "x_coord": 334678.01681978977, "y_coord": 4165176.6603665338 }, "geometry": { "type": "Point", "coordinates": [ 334678.016819789772853, 4165176.660366533789784 ] } },
{ "type": "Feature", "properties": { "target": 22.842085554182809, "x_coord": 320805.71924233786, "y_coord": 4168343.6270630392 }, "geometry": { "type": "Point", "coordinates": [ 320805.719242337858304, 4168343.627063039224595 ] } },
{ "type": "Feature", "properties": { "target": 16.695464350102803, "x_coord": 313811.81537955656, "y_coord": 4150543.3055146253 }, "geometry": { "type": "Point", "coordinates": [ 313811.815379556559492, 4150543.305514625273645 ] } },
{ "type": "Feature", "properties": { "target": 27.018695749732053, "x_coord": 325667.29780164413, "y_coord": 4176163.7172683245 }, "geometry": { "type": "Point", "coordinates": [ 325667.29780164413387, 4176163.717268324457109 ] } },
{ "type": "Feature", "properties": { "target": 33.025451682167471, "x_coord": 333099.80659295834, "y_coord": 4177963.5484745083 }, "geometry": { "type": "Point", "coordinates": [ 333099.806592958339024, 4177963.548474508337677 ] } },
{ "type": "Feature", "properties": { "target": 17.149413298134881, "x_coord": 316474.6308249053, "y_coord": 4166953.9955076762 }, "geometry": { "type": "Point", "coordinates": [ 316474.630824905296322, 4166953.995507676154375 ] } },
{ "type": "Feature", "properties": { "target": 60.290929626971348, "x_coord": 328686.71427457, "y_coord": 4170899.5247163069 }, "geometry": { "type": "Point", "coordinates": [ 328686.714274569996633, 4170899.524716306943446 ] } },
{ "type": "Feature", "properties": { "target": 8.6117242242085617, "x_coord": 312560.42394981306, "y_coord": 4177674.9814353189 }, "geometry": { "type": "Point", "coordinates": [ 312560.423949813062791, 4177674.981435318943113 ] } },
{ "type": "Feature", "properties": { "target": 1.6982952088663308, "x_coord": 311550.45163505821, "y_coord": 4171217.1590294018 }, "geometry": { "type": "Point", "coordinates": [ 311550.45163505821256, 4171217.159029401838779 ] } },
{ "type": "Feature", "properties": { "target": 26.262354947072271, "x_coord": 325940.63894704444, "y_coord": 4154576.1712874277 }, "geometry": { "type": "Point", "coordinates": [ 325940.638947044441011, 4154576.171287427656353 ] } },
{ "type": "Feature", "properties": { "target": 36.312620500427556, "x_coord": 326219.0536483032, "y_coord": 4167288.6508050044 }, "geometry": { "type": "Point", "coordinates": [ 326219.053648303204682, 4167288.65080500440672 ] } },
{ "type": "Feature", "properties": { "target": 61.587880013115772, "x_coord": 329122.89704494621, "y_coord": 4168201.4513914855 }, "geometry": { "type": "Point", "coordinates": [ 329122.897044946206734, 4168201.451391485519707 ] } },
{ "type": "Feature", "properties": { "target": 41.886199130311333, "x_coord": 331782.74001167982, "y_coord": 4162723.9201390715 }, "geometry": { "type": "Point", "coordinates": [ 331782.74001167982351, 4162723.920139071531594 ] } },
{ "type": "Feature", "properties": { "target": 52.787944668689605, "x_coord": 339275.56238387607, "y_coord": 4172093.3270687419 }, "geometry": { "type": "Point", "coordinates": [ 339275.562383876065724, 4172093.327068741898984 ] } },
{ "type": "Feature", "properties": { "target": 32.925130200237419, "x_coord": 325489.01044903585, "y_coord": 4178031.0104430704 }, "geometry": { "type": "Point", "coordinates": [ 325489.010449035849888, 4178031.010443070437759 ] } },
{ "type": "Feature", "properties": { "target": 18.192499035081756, "x_coord": 319688.69418823736, "y_coord": 4177767.0553872031 }, "geometry": { "type": "Point", "coordinates": [ 319688.69418823736487, 4177767.05538720311597 ] } },
{ "type": "Feature", "properties": { "target": 41.847277726777698, "x_coord": 333855.5858430611, "y_coord": 4163525.1811421239 }, "geometry": { "type": "Point", "coordinates": [ 333855.585843061096966, 4163525.181142123881727 ] } },
{ "type": "Feature", "properties": { "target": 20.858710181777258, "x_coord": 318124.96753786225, "y_coord": 4153397.1413752227 }, "geometry": { "type": "Point", "coordinates": [ 318124.967537862248719, 4153397.14137522270903 ] } },
{ "type": "Feature", "properties": { "target": 22.51721073488206, "x_coord": 323169.1426211691, "y_coord": 4179545.2359688701 }, "geometry": { "type": "Point", "coordinates": [ 323169.142621169099584, 4179545.23596887011081 ] } },
{ "type": "Feature", "properties": { "target": 4.0652572980790262, "x_coord": 312353.69144026795, "y_coord": 4175166.942593378 }, "geometry": { "type": "Point", "coordinates": [ 312353.691440267954022, 4175166.942593378014863 ] } },
{ "type": "Feature", "properties": { "target": 10.630235602990364, "x_coord": 310760.52230246371, "y_coord": 4153739.8804360982 }, "geometry": { "type": "Point", "coordinates": [ 310760.522302463708911, 4153739.880436098203063 ] } },
{ "type": "Feature", "properties": { "target": 49.448709052655488, "x_coord": 338879.45244033774, "y_coord": 4177625.256478521 }, "geometry": { "type": "Point", "coordinates": [ 338879.45244033774361, 4177625.256478521041572 ] } },
{ "type": "Feature", "properties": { "target": 48.262580836901293, "x_coord": 335079.4036153662, "y_coord": 4176096.8908618637 }, "geometry": { "type": "Point", "coordinates": [ 335079.403615366201848, 4176096.890861863736063 ] } },
{ "type": "Feature", "properties": { "target": 43.157479756029034, "x_coord": 330879.22618281096, "y_coord": 4165565.1417137822 }, "geometry": { "type": "Point", "coordinates": [ 330879.2261828109622, 4165565.141713782213628 ] } },
{ "type": "Feature", "properties": { "target": 32.580258914806876, "x_coord": 322268.58833242807, "y_coord": 4167738.2630723477 }, "geometry": { "type": "Point", "coordinates": [ 322268.588332428073045, 4167738.263072347734123 ] } },
{ "type": "Feature", "properties": { "target": 5.618819612950821, "x_coord": 315198.82960212539, "y_coord": 4161970.081116104 }, "geometry": { "type": "Point", "coordinates": [ 315198.82960212539183, 4161970.081116104032844 ] } },
{ "type": "Feature", "properties": { "target": 20.631104788445622, "x_coord": 314693.11128013261, "y_coord": 4151642.849164661 }, "geometry": { "type": "Point", "coordinates": [ 314693.111280132608954, 4151642.849164661020041 ] } },
{ "type": "Feature", "properties": { "target": 22.860505822419153, "x_coord": 317507.28694493783, "y_coord": 4160055.9172493769 }, "geometry": { "type": "Point", "coordinates": [ 317507.286944937834051, 4160055.917249376885593 ] } },
{ "type": "Feature", "properties": { "target": 39.069217190937714, "x_coord": 326476.79994118359, "y_coord": 4174085.6034579403 }, "geometry": { "type": "Point", "coordinates": [ 326476.799941183591727, 4174085.603457940276712 ] } },
{ "type": "Feature", "properties": { "target": 21.616055249574366, "x_coord": 331437.87768100185, "y_coord": 4150138.9606901379 }, "geometry": { "type": "Point", "coordinates": [ 331437.877681001846213, 4150138.960690137930214 ] } },
{ "type": "Feature", "properties": { "target": 45.751843677925372, "x_coord": 329805.92130153195, "y_coord": 4160004.9751507342 }, "geometry": { "type": "Point", "coordinates": [ 329805.921301531954668, 4160004.975150734186172 ] } },
{ "type": "Feature", "properties": { "target": 24.930009576766547, "x_coord": 318398.01690837828, "y_coord": 4161945.0608077282 }, "geometry": { "type": "Point", "coordinates": [ 318398.016908378282096, 4161945.060807728208601 ] } },
{ "type": "Feature", "properties": { "target": 55.162957445009525, "x_coord": 338645.95841989585, "y_coord": 4166121.8680881378 }, "geometry": { "type": "Point", "coordinates": [ 338645.958419895847328, 4166121.868088137824088 ] } },
{ "type": "Feature", "properties": { "target": 34.5032651295503, "x_coord": 332136.90750087303, "y_coord": 4177595.6684923829 }, "geometry": { "type": "Point", "coordinates": [ 332136.907500873028766, 4177595.668492382857949 ] } },
{ "type": "Feature", "properties": { "target": 34.420610185582049, "x_coord": 326630.62157534203, "y_coord": 4160390.3798309788 }, "geometry": { "type": "Point", "coordinates": [ 326630.621575342025608, 4160390.379830978810787 ] } },
{ "type": "Feature", "properties": { "target": 28.25944998859843, "x_coord": 328351.62238703057, "y_coord": 4160408.5960568869 }, "geometry": { "type": "Point", "coordinates": [ 328351.622387030569371, 4160408.596056886948645 ] } },
{ "type": "Feature", "properties": { "target": 22.986002535232632, "x_coord": 322588.0018728337, "y_coord": 4172125.0374432923 }, "geometry": { "type": "Point", "coordinates": [ 322588.001872833701782, 4172125.037443292327225 ] } },
{ "type": "Feature", "properties": { "target": 34.708607075497419, "x_coord": 317431.92968503473, "y_coord": 4163566.5382266943 }, "geometry": { "type": "Point", "coordinates": [ 317431.929685034730937, 4163566.538226694334298 ] } },
{ "type": "Feature", "properties": { "target": 22.309802270416366, "x_coord": 320679.18035953783, "y_coord": 4156738.1446881993 }, "geometry": { "type": "Point", "coordinates": [ 320679.180359537829645, 4156738.144688199274242 ] } },
{ "type": "Feature", "properties": { "target": 43.052555665283542, "x_coord": 332735.38331393106, "y_coord": 4163573.1854839809 }, "geometry": { "type": "Point", "coordinates": [ 332735.383313931059092, 4163573.185483980923891 ] } },
{ "type": "Feature", "properties": { "target": 10.412528128252866, "x_coord": 310431.80465889268, "y_coord": 4154225.7106113941 }, "geometry": { "type": "Point", "coordinates": [ 310431.804658892680891, 4154225.710611394140869 ] } },
{ "type": "Feature", "properties": { "target": 23.662151104645652, "x_coord": 313482.17921520746, "y_coord": 4155291.6095951865 }, "geometry": { "type": "Point", "coordinates": [ 313482.17921520746313, 4155291.60959518654272 ] } },
{ "type": "Feature", "properties": { "target": 5.3087466871558329, "x_coord": 311380.07926065259, "y_coord": 4164951.0331821842 }, "geometry": { "type": "Point", "coordinates": [ 311380.079260652593803, 4164951.03318218421191 ] } },
{ "type": "Feature", "properties": { "target": 6.6030373709439232, "x_coord": 311221.8640695691, "y_coord": 4162567.7634851364 }, "geometry": { "type": "Point", "coordinates": [ 311221.864069569099229, 4162567.763485136441886 ] } },
{ "type": "Feature", "properties": { "target": 56.644917811648185, "x_coord": 335663.81752033019, "y_coord": 4177445.3770320429 }, "geometry": { "type": "Point", "coordinates": [ 335663.817520330194384, 4177445.377032042946666 ] } },
{ "type": "Feature", "properties": { "target": 37.361736873406379, "x_coord": 331109.7357814007, "y_coord": 4160871.816973499 }, "geometry": { "type": "Point", "coordinates": [ 331109.735781400697306, 4160871.816973499022424 ] } },
{ "type": "Feature", "properties": { "target": 35.062679317560779, "x_coord": 324225.21487261978, "y_coord": 4167417.6505083414 }, "geometry": { "type": "Point", "coordinates": [ 324225.214872619777452, 4167417.650508341379464 ] } },
{ "type": "Feature", "properties": { "target": 12.306011478265919, "x_coord": 312935.02481953002, "y_coord": 4168967.9286375861 }, "geometry": { "type": "Point", "coordinates": [ 312935.024819530022796, 4168967.928637586068362 ] } },
{ "type": "Feature", "properties": { "target": 31.059993243994949, "x_coord": 324748.47625350498, "y_coord": 4150392.8336976501 }, "geometry": { "type": "Point", "coordinates": [ 324748.476253504981287, 4150392.833697650115937 ] } },
{ "type": "Feature", "properties": { "target": 38.265901863053756, "x_coord": 324204.153123417, "y_coord": 4169906.1211605011 }, "geometry": { "type": "Point", "coordinates": [ 324204.153123416996095, 4169906.121160501148552 ] } },
{ "type": "Feature", "properties": { "target": 34.487880902937654, "x_coord": 315196.05609730043, "y_coord": 4155341.0790060926 }, "geometry": { "type": "Point", "coordinates": [ 315196.056097300432157, 4155341.079006092622876 ] } },
{ "type": "Feature", "properties": { "target": 17.080822203175231, "x_coord": 323015.5494771392, "y_coord": 4178832.1095240838 }, "geometry": { "type": "Point", "coordinates": [ 323015.549477139196824, 4178832.109524083789438 ] } },
{ "type": "Feature", "properties": { "target": 31.468315107452931, "x_coord": 321955.14203192119, "y_coord": 4154459.8818325936 }, "geometry": { "type": "Point", "coordinates": [ 321955.14203192119021, 4154459.881832593586296 ] } },
{ "type": "Feature", "properties": { "target": 29.573204727972904, "x_coord": 328475.50294156652, "y_coord": 4162438.7237118105 }, "geometry": { "type": "Point", "coordinates": [ 328475.502941566519439, 4162438.723711810540408 ] } },
{ "type": "Feature", "properties": { "target": 33.8973588300872, "x_coord": 329052.80952602933, "y_coord": 4152560.4900423591 }, "geometry": { "type": "Point", "coordinates": [ 329052.809526029333938, 4152560.490042359102517 ] } },
{ "type": "Feature", "properties": { "target": -1.6020388027008372, "x_coord": 311359.12029316131, "y_coord": 4179906.2275553783 }, "geometry": { "type": "Point", "coordinates": [ 311359.120293161307927, 4179906.227555378340185 ] } },
{ "type": "Feature", "properties": { "target": 39.933864408462625, "x_coord": 321238.37843879411, "y_coord": 4165065.8503099373 }, "geometry": { "type": "Point", "coordinates": [ 321238.378438794112299, 4165065.850309937261045 ] } },
{ "type": "Feature", "properties": { "target": 49.887881423665718, "x_coord": 328775.79747142707, "y_coord": 4167861.5505196014 }, "geometry": { "type": "Point", "coordinates": [ 328775.797471427067649, 4167861.55051960144192 ] } },
{ "type": "Feature", "properties": { "target": 27.920375399215178, "x_coord": 325094.08775740262, "y_coord": 4152012.294321653 }, "geometry": { "type": "Point", "coordinates": [ 325094.087757402623538, 4152012.294321652967483 ] } },
{ "type": "Feature", "properties": { "target": 49.699835567112771, "x_coord": 335694.69523564965, "y_coord": 4172498.8141119755 }, "geometry": { "type": "Point", "coordinates": [ 335694.695235649647657, 4172498.814111975487322 ] } },
{ "type": "Feature", "properties": { "target": 42.076199405367049, "x_coord": 329760.80894856836, "y_coord": 4156297.1677928674 }, "geometry": { "type": "Point", "coordinates": [ 329760.808948568359483, 4156297.167792867403477 ] } },
{ "type": "Feature", "properties": { "target": 10.806648474311098, "x_coord": 314888.03281244286, "y_coord": 4176941.6286832215 }, "geometry": { "type": "Point", "coordinates": [ 314888.03281244286336, 4176941.628683221526444 ] } },
{ "type": "Feature", "properties": { "target": 11.570703366611161, "x_coord": 312117.06242201291, "y_coord": 4156154.1892144601 }, "geometry": { "type": "Point", "coordinates": [ 312117.062422012910247, 4156154.189214460086077 ] } },
{ "type": "Feature", "properties": { "target": 37.968428202711628, "x_coord": 329272.57834618946, "y_coord": 4155720.6316199098 }, "geometry": { "type": "Point", "coordinates": [ 329272.578346189460717, 4155720.631619909778237 ] } },
{ "type": "Feature", "properties": { "target": 10.846066398806556, "x_coord": 310795.33931624866, "y_coord": 4151096.4900354426 }, "geometry": { "type": "Point", "coordinates": [ 310795.339316248660907, 4151096.490035442635417 ] } },
{ "type": "Feature", "properties": { "target": 30.013754548007096, "x_coord": 327573.26743820391, "y_coord": 4164162.0083532999 }, "geometry": { "type": "Point", "coordinates": [ 327573.267438203911297, 4164162.008353299926966 ] } },
{ "type": "Feature", "properties": { "target": 52.278772306481287, "x_coord": 338206.90724274871, "y_coord": 4166945.2339978786 }, "geometry": { "type": "Point", "coordinates": [ 338206.907242748711724, 4166945.233997878618538 ] } },
{ "type": "Feature", "properties": { "target": 33.034579232244631, "x_coord": 327264.22533627634, "y_coord": 4151971.2591828504 }, "geometry": { "type": "Point", "coordinates": [ 327264.225336276344024, 4151971.259182850364596 ] } },
{ "type": "Feature", "properties": { "target": 21.507688224656388, "x_coord": 321645.09778619563, "y_coord": 4173265.8285008501 }, "geometry": { "type": "Point", "coordinates": [ 321645.097786195634399, 4173265.828500850126147 ] } },
{ "type": "Feature", "properties": { "target": 44.673305314489916, "x_coord": 329298.64655327058, "y_coord": 4163598.6650424409 }, "geometry": { "type": "Point", "coordinates": [ 329298.646553270576987, 4163598.665042440872639 ] } },
{ "type": "Feature", "properties": { "target": 33.642157360704594, "x_coord": 323747.5867147455, "y_coord": 4165731.7080798275 }, "geometry": { "type": "Point", "coordinates": [ 323747.586714745499194, 4165731.708079827483743 ] } },
{ "type": "Feature", "properties": { "target": 34.228107754996088, "x_coord": 326368.50367947808, "y_coord": 4163222.8824081467 }, "geometry": { "type": "Point", "coordinates": [ 326368.503679478075355, 4163222.882408146746457 ] } },
{ "type": "Feature", "properties": { "target": 47.36352177152505, "x_coord": 338243.94426329574, "y_coord": 4162022.8918262599 }, "geometry": { "type": "Point", "coordinates": [ 338243.944263295736164, 4162022.89182625990361 ] } },
{ "type": "Feature", "properties": { "target": 34.907611652504109, "x_coord": 321583.07913402322, "y_coord": 4166789.2099392465 }, "geometry": { "type": "Point", "coordinates": [ 321583.079134023224469, 4166789.209939246531576 ] } },
{ "type": "Feature", "properties": { "target": 43.038273157190822, "x_coord": 338835.71691471746, "y_coord": 4154657.2073779213 }, "geometry": { "type": "Point", "coordinates": [ 338835.716914717457257, 4154657.207377921324223 ] } },
{ "type": "Feature", "properties": { "target": 38.581554740434214, "x_coord": 337160.51925868192, "y_coord": 4155457.8439148581 }, "geometry": { "type": "Point", "coordinates": [ 337160.519258681917563, 4155457.843914858065546 ] } },
{ "type": "Feature", "properties": { "target": 18.489039461052592, "x_coord": 315873.73404367891, "y_coord": 4175853.5686304057 }, "geometry": { "type": "Point", "coordinates": [ 315873.734043678909075, 4175853.568630405701697 ] } },
{ "type": "Feature", "properties": { "target": -0.75465129790504726, "x_coord": 312080.83902625495, "y_coord": 4178383.4638640089 }, "geometry": { "type": "Point", "coordinates": [ 312080.839026254951023, 4178383.463864008896053 ] } },
{ "type": "Feature", "properties": { "target": 4.9278835184453094, "x_coord": 313023.34004132281, "y_coord": 4161199.2794883926 }, "geometry": { "type": "Point", "coordinates": [ 313023.340041322808247, 4161199.279488392639905 ] } },
{ "type": "Feature", "properties": { "target": -5.3948648105618959, "x_coord": 310546.65476954647, "y_coord": 4158122.3401943068 }, "geometry": { "type": "Point", "coordinates": [ 310546.654769546468742, 4158122.340194306802005 ] } },
{ "type": "Feature", "properties": { "target": 3.4869779044974614, "x_coord": 312833.28882267786, "y_coord": 4169319.9862971706 }, "geometry": { "type": "Point", "coordinates": [ 312833.288822677859571, 4169319.986297170631588 ] } },
{ "type": "Feature", "properties": { "target": 31.228916653261269, "x_coord": 330490.20320249069, "y_coord": 4162262.0251329429 }, "geometry": { "type": "Point", "coordinates": [ 330490.203202490694821, 4162262.025132942944765 ] } },
{ "type": "Feature", "properties": { "target": 16.238526859544201, "x_coord": 312135.65945380687, "y_coord": 4150761.5906698103 }, "geometry": { "type": "Point", "coordinates": [ 312135.659453806874808, 4150761.590669810306281 ] } },
{ "type": "Feature", "properties": { "target": 27.401421129081449, "x_coord": 319569.26890881284, "y_coord": 4154684.5779209859 }, "geometry": { "type": "Point", "coordinates": [ 319569.268908812839072, 4154684.577920985873789 ] } },
{ "type": "Feature", "properties": { "target": 44.693079269807974, "x_coord": 335346.25932908361, "y_coord": 4171479.1668654219 }, "geometry": { "type": "Point", "coordinates": [ 335346.259329083608463, 4171479.16686542192474 ] } },
{ "type": "Feature", "properties": { "target": 13.308735458411963, "x_coord": 310698.15807207476, "y_coord": 4169767.7182573047 }, "geometry": { "type": "Point", "coordinates": [ 310698.15807207475882, 4169767.718257304746658 ] } },
{ "type": "Feature", "properties": { "target": 45.992443086177978, "x_coord": 334434.05447766808, "y_coord": 4150812.8797751046 }, "geometry": { "type": "Point", "coordinates": [ 334434.054477668076288, 4150812.879775104578584 ] } },
{ "type": "Feature", "properties": { "target": 21.223907338268269, "x_coord": 318455.64324320201, "y_coord": 4156659.1648579887 }, "geometry": { "type": "Point", "coordinates": [ 318455.643243202008307, 4156659.164857988711447 ] } },
{ "type": "Feature", "properties": { "target": 5.3800932315610144, "x_coord": 313544.94482864969, "y_coord": 4156932.243897642 }, "geometry": { "type": "Point", "coordinates": [ 313544.944828649691772, 4156932.24389764200896 ] } },
{ "type": "Feature", "properties": { "target": 72.810864099691514, "x_coord": 330902.11496092449, "y_coord": 4170156.782307962 }, "geometry": { "type": "Point", "coordinates": [ 330902.114960924489424, 4170156.782307961955667 ] } },
{ "type": "Feature", "properties": { "target": 24.984008011271303, "x_coord": 328868.28540339653, "y_coord": 4150591.3161326312 }, "geometry": { "type": "Point", "coordinates": [ 328868.285403396526817, 4150591.316132631152868 ] } },
{ "type": "Feature", "properties": { "target": 36.069531612281011, "x_coord": 336324.16040581156, "y_coord": 4153123.2574595371 }, "geometry": { "type": "Point", "coordinates": [ 336324.160405811562669, 4153123.257459537126124 ] } },
{ "type": "Feature", "properties": { "target": 50.091375596389575, "x_coord": 332052.13131411659, "y_coord": 4173997.4825611957 }, "geometry": { "type": "Point", "coordinates": [ 332052.131314116588328, 4173997.482561195734888 ] } },
{ "type": "Feature", "properties": { "target": 52.97227076159237, "x_coord": 334104.42791154544, "y_coord": 4155356.33986163 }, "geometry": { "type": "Point", "coordinates": [ 334104.42791154544102, 4155356.339861629996449 ] } },
{ "type": "Feature", "properties": { "target": 27.843224604883247, "x_coord": 318461.03717713919, "y_coord": 4169582.3832355561 }, "geometry": { "type": "Point", "coordinates": [ 318461.037177139194682, 4169582.383235556073487 ] } },
{ "type": "Feature", "properties": { "target": 25.15081857023306, "x_coord": 315323.18631339166, "y_coord": 4157145.4834314017 }, "geometry": { "type": "Point", "coordinates": [ 315323.186313391663134, 4157145.483431401662529 ] } },
{ "type": "Feature", "properties": { "target": 40.983359736385268, "x_coord": 332518.44254922576, "y_coord": 4152983.2417827803 }, "geometry": { "type": "Point", "coordinates": [ 332518.44254922575783, 4152983.241782780271024 ] } },
{ "type": "Feature", "properties": { "target": 45.427879382616013, "x_coord": 334205.0421780179, "y_coord": 4157295.1657299837 }, "geometry": { "type": "Point", "coordinates": [ 334205.042178017902188, 4157295.165729983709753 ] } },
{ "type": "Feature", "properties": { "target": 55.009900400926824, "x_coord": 339715.15426002018, "y_coord": 4171668.0079556699 }, "geometry": { "type": "Point", "coordinates": [ 339715.154260020179208, 4171668.007955669891089 ] } },
{ "type": "Feature", "properties": { "target": 24.309272941933134, "x_coord": 322378.53030734282, "y_coord": 4175670.8940431885 }, "geometry": { "type": "Point", "coordinates": [ 322378.530307342822198, 4175670.894043188542128 ] } },
{ "type": "Feature", "properties": { "target": 21.400637030205115, "x_coord": 321160.54257378349, "y_coord": 4174906.5959370099 }, "geometry": { "type": "Point", "coordinates": [ 321160.542573783488479, 4174906.595937009900808 ] } },
{ "type": "Feature", "properties": { "target": 40.988396503579118, "x_coord": 333292.38882225991, "y_coord": 4161915.5058885538 }, "geometry": { "type": "Point", "coordinates": [ 333292.388822259905282, 4161915.505888553801924 ] } },
{ "type": "Feature", "properties": { "target": 20.269224769331608, "x_coord": 320224.10620759055, "y_coord": 4170042.5540971193 }, "geometry": { "type": "Point", "coordinates": [ 320224.106207590550184, 4170042.554097119253129 ] } },
{ "type": "Feature", "properties": { "target": 45.669835856114013, "x_coord": 337922.71976810694, "y_coord": 4156149.5288624745 }, "geometry": { "type": "Point", "coordinates": [ 337922.719768106937408, 4156149.528862474486232 ] } },
{ "type": "Feature", "properties": { "target": 35.379096548835953, "x_coord": 335752.38255529036, "y_coord": 4158794.4319078303 }, "geometry": { "type": "Point", "coordinates": [ 335752.382555290358141, 4158794.431907830294222 ] } },
{ "type": "Feature", "properties": { "target": 22.768220079991959, "x_coord": 322869.82082125056, "y_coord": 4176890.0745556336 }, "geometry": { "type": "Point", "coordinates": [ 322869.820821250556037, 4176890.074555633589625 ] } },
{ "type": "Feature", "properties": { "target": 32.960801975872741, "x_coord": 332526.13203374494, "y_coord": 4150390.0577053223 }, "geometry": { "type": "Point", "coordinates": [ 332526.132033744943328, 4150390.057705322280526 ] } },
{ "type": "Feature", "properties": { "target": 32.660602330159129, "x_coord": 332636.28622254048, "y_coord": 4152565.2559256339 }, "geometry": { "type": "Point", "coordinates": [ 332636.286222540482413, 4152565.255925633944571 ] } },
{ "type": "Feature", "properties": { "target": 18.336592152563963, "x_coord": 313093.71606507798, "y_coord": 4156236.5876543806 }, "geometry": { "type": "Point", "coordinates": [ 313093.71606507798424, 4156236.587654380593449 ] } },
{ "type": "Feature", "properties": { "target": 52.454407874211157, "x_coord": 337076.58720038697, "y_coord": 4150795.9661162146 }, "geometry": { "type": "Point", "coordinates": [ 337076.587200386973564, 4150795.966116214636713 ] } },
{ "type": "Feature", "properties": { "target": 31.764860506423133, "x_coord": 325157.57117343572, "y_coord": 4155443.0630526938 }, "geometry": { "type": "Point", "coordinates": [ 325157.571173435717355, 4155443.063052693847567 ] } },
{ "type": "Feature", "properties": { "target": 39.697639458917877, "x_coord": 334793.72398323222, "y_coord": 4167491.2468290906 }, "geometry": { "type": "Point", "coordinates": [ 334793.723983232222963, 4167491.246829090639949 ] } },
{ "type": "Feature", "properties": { "target": 26.294883914261142, "x_coord": 319601.48803091835, "y_coord": 4162642.7365177749 }, "geometry": { "type": "Point", "coordinates": [ 319601.488030918349978, 4162642.736517774872482 ] } },
{ "type": "Feature", "properties": { "target": 51.20795979122704, "x_coord": 336865.69685488602, "y_coord": 4176780.1513323095 }, "geometry": { "type": "Point", "coordinates": [ 336865.696854886016808, 4176780.151332309469581 ] } },
{ "type": "Feature", "properties": { "target": 17.238401289940434, "x_coord": 321676.05036202492, "y_coord": 4174523.306852153 }, "geometry": { "type": "Point", "coordinates": [ 321676.050362024921924, 4174523.306852153036743 ] } },
{ "type": "Feature", "properties": { "target": 2.4163716250432969, "x_coord": 310325.12954440893, "y_coord": 4160254.5205509365 }, "geometry": { "type": "Point", "coordinates": [ 310325.129544408933725, 4160254.520550936460495 ] } },
{ "type": "Feature", "properties": { "target": 48.704508534296991, "x_coord": 337161.45929257793, "y_coord": 4157782.703002939 }, "geometry": { "type": "Point", "coordinates": [ 337161.459292577928863, 4157782.703002939000726 ] } },
{ "type": "Feature", "properties": { "target": 4.1985224671653576, "x_coord": 312738.60030358401, "y_coord": 4161390.7722450178 }, "geometry": { "type": "Point", "coordinates": [ 312738.600303584011272, 4161390.772245017811656 ] } },
{ "type": "Feature", "properties": { "target": 29.737953497459198, "x_coord": 319579.40912771242, "y_coord": 4167708.848275444 }, "geometry": { "type": "Point", "coordinates": [ 319579.409127712424379, 4167708.848275444004685 ] } },
{ "type": "Feature", "properties": { "target": 41.472046270574289, "x_coord": 338501.85901152412, "y_coord": 4158041.9092246862 }, "geometry": { "type": "Point", "coordinates": [ 338501.859011524124071, 4158041.909224686212838 ] } },
{ "type": "Feature", "properties": { "target": 46.889850940402539, "x_coord": 338518.21440812666, "y_coord": 4168724.4672354739 }, "geometry": { "type": "Point", "coordinates": [ 338518.214408126659691, 4168724.467235473915935 ] } },
{ "type": "Feature", "properties": { "target": 35.157939260999598, "x_coord": 327203.13664369856, "y_coord": 4162282.3495657374 }, "geometry": { "type": "Point", "coordinates": [ 327203.136643698555417, 4162282.349565737415105 ] } },
{ "type": "Feature", "properties": { "target": 35.829897398729422, "x_coord": 328955.11636509397, "y_coord": 4166561.4154255595 }, "geometry": { "type": "Point", "coordinates": [ 328955.116365093970671, 4166561.41542555950582 ] } },
{ "type": "Feature", "properties": { "target": 34.655812077201887, "x_coord": 323453.3656593496, "y_coord": 4163083.7958740597 }, "geometry": { "type": "Point", "coordinates": [ 323453.365659349597991, 4163083.795874059665948 ] } },
{ "type": "Feature", "properties": { "target": 22.499214769866054, "x_coord": 318796.32315094193, "y_coord": 4158833.9727862575 }, "geometry": { "type": "Point", "coordinates": [ 318796.323150941927452, 4158833.972786257509142 ] } },
{ "type": "Feature", "properties": { "target": 19.917094026535018, "x_coord": 319859.9363610975, "y_coord": 4178453.5992088648 }, "geometry": { "type": "Point", "coordinates": [ 319859.936361097497866, 4178453.599208864849061 ] } },
{ "type": "Feature", "properties": { "target": 48.572427419470785, "x_coord": 330175.55368231115, "y_coord": 4172908.1738247927 }, "geometry": { "type": "Point", "coordinates": [ 330175.553682311146986, 4172908.173824792727828 ] } },
{ "type": "Feature", "properties": { "target": 45.003404438315485, "x_coord": 332571.2358831304, "y_coord": 4154203.3952729935 }, "geometry": { "type": "Point", "coordinates": [ 332571.235883130400907, 4154203.395272993482649 ] } },
{ "type": "Feature", "properties": { "target": 43.780399386480305, "x_coord": 333747.37131177547, "y_coord": 4176054.0392769375 }, "geometry": { "type": "Point", "coordinates": [ 333747.371311775466893, 4176054.039276937488467 ] } },
{ "type": "Feature", "properties": { "target": 41.878337438053769, "x_coord": 333688.54428383661, "y_coord": 4164622.9359474853 }, "geometry": { "type": "Point", "coordinates": [ 333688.544283836614341, 4164622.935947485268116 ] } },
{ "type": "Feature", "properties": { "target": 5.352701752291888, "x_coord": 312736.18309146073, "y_coord": 4176836.5668068225 }, "geometry": { "type": "Point", "coordinates": [ 312736.183091460727155, 4176836.566806822549552 ] } },
{ "type": "Feature", "properties": { "target": 32.468401439696848, "x_coord": 324832.60914107744, "y_coord": 4173995.6576784193 }, "geometry": { "type": "Point", "coordinates": [ 324832.609141077438835, 4173995.657678419258446 ] } },
{ "type": "Feature", "properties": { "target": 6.1846253136688203, "x_coord": 311726.76280049933, "y_coord": 4162756.4051340772 }, "geometry": { "type": "Point", "coordinates": [ 311726.762800499331206, 4162756.405134077183902 ] } },
{ "type": "Feature", "properties": { "target": 28.386542933757287, "x_coord": 326485.86646971205, "y_coord": 4150674.0792496037 }, "geometry": { "type": "Point", "coordinates": [ 326485.866469712054823, 4150674.079249603673816 ] } },
{ "type": "Feature", "properties": { "target": 22.608468682535683, "x_coord": 323245.91504120128, "y_coord": 4158060.3207815485 }, "geometry": { "type": "Point", "coordinates": [ 323245.915041201282293, 4158060.320781548507512 ] } },
{ "type": "Feature", "properties": { "target": 44.242646174530826, "x_coord": 336631.12548274902, "y_coord": 4166249.026439826 }, "geometry": { "type": "Point", "coordinates": [ 336631.125482749019284, 4166249.026439826004207 ] } },
{ "type": "Feature", "properties": { "target": 19.925611817379522, "x_coord": 320527.45037656237, "y_coord": 4169004.3465947844 }, "geometry": { "type": "Point", "coordinates": [ 320527.450376562366728, 4169004.346594784408808 ] } },
{ "type": "Feature", "properties": { "target": 24.472369760432414, "x_coord": 313512.01049282815, "y_coord": 4157736.630562996 }, "geometry": { "type": "Point", "coordinates": [ 313512.010492828150745, 4157736.630562996026129 ] } },
{ "type": "Feature", "properties": { "target": 18.707492542331558, "x_coord": 314289.75046158506, "y_coord": 4154180.6822221847 }, "geometry": { "type": "Point", "coordinates": [ 314289.750461585063022, 4154180.682222184725106 ] } },
{ "type": "Feature", "properties": { "target": 40.027434028791973, "x_coord": 332845.31895152415, "y_coord": 4175047.907103979 }, "geometry": { "type": "Point", "coordinates": [ 332845.318951524153817, 4175047.907103979028761 ] } },
{ "type": "Feature", "properties": { "target": 28.958890223477574, "x_coord": 328546.54189948784, "y_coord": 4179532.0654211068 }, "geometry": { "type": "Point", "coordinates": [ 328546.541899487841874, 4179532.065421106759459 ] } },
{ "type": "Feature", "properties": { "target": 12.990147381066308, "x_coord": 313033.6802836837, "y_coord": 4165770.7054690807 }, "geometry": { "type": "Point", "coordinates": [ 313033.680283683701418, 4165770.705469080712646 ] } },
{ "type": "Feature", "properties": { "target": 13.961710208022097, "x_coord": 312523.20418344991, "y_coord": 4155150.3785754489 }, "geometry": { "type": "Point", "coordinates": [ 312523.204183449910488, 4155150.378575448878109 ] } },
{ "type": "Feature", "properties": { "target": 42.633428716944785, "x_coord": 331029.07394377358, "y_coord": 4158169.219795581 }, "geometry": { "type": "Point", "coordinates": [ 331029.073943773575593, 4158169.21979558095336 ] } },
{ "type": "Feature", "properties": { "target": 4.5122521990167419, "x_coord": 312182.8901909258, "y_coord": 4150551.7202964239 }, "geometry": { "type": "Point", "coordinates": [ 312182.890190925798379, 4150551.720296423882246 ] } },
{ "type": "Feature", "properties": { "target": 44.668829280640985, "x_coord": 334655.80177871068, "y_coord": 4177428.9641968152 }, "geometry": { "type": "Point", "coordinates": [ 334655.801778710680082, 4177428.964196815155447 ] } },
{ "type": "Feature", "properties": { "target": 31.708906021819331, "x_coord": 331187.26681469486, "y_coord": 4153532.5324867042 }, "geometry": { "type": "Point", "coordinates": [ 331187.266814694856293, 4153532.532486704178154 ] } },
{ "type": "Feature", "properties": { "target": 17.215516536210473, "x_coord": 312440.46341925696, "y_coord": 4167295.4942654278 }, "geometry": { "type": "Point", "coordinates": [ 312440.463419256964698, 4167295.494265427812934 ] } },
{ "type": "Feature", "properties": { "target": 5.6547210399845547, "x_coord": 312545.13142255577, "y_coord": 4158221.6566206161 }, "geometry": { "type": "Point", "coordinates": [ 312545.131422555772588, 4158221.656620616093278 ] } },
{ "type": "Feature", "properties": { "target": 52.452315844893697, "x_coord": 339599.18735503528, "y_coord": 4166625.3400754738 }, "geometry": { "type": "Point", "coordinates": [ 339599.187355035275687, 4166625.340075473766774 ] } },
{ "type": "Feature", "properties": { "target": 30.10662361616308, "x_coord": 321228.12387268362, "y_coord": 4169542.6116505559 }, "geometry": { "type": "Point", "coordinates": [ 321228.123872683616355, 4169542.611650555860251 ] } },
{ "type": "Feature", "properties": { "target": 22.874391015232824, "x_coord": 321119.26441200671, "y_coord": 4174892.2541112159 }, "geometry": { "type": "Point", "coordinates": [ 321119.264412006712519, 4174892.254111215937883 ] } },
{ "type": "Feature", "properties": { "target": 40.381945116131867, "x_coord": 334383.98701772507, "y_coord": 4156192.6381528182 }, "geometry": { "type": "Point", "coordinates": [ 334383.987017725070473, 4156192.638152818195522 ] } },
{ "type": "Feature", "properties": { "target": 47.085510832504639, "x_coord": 338417.45732151577, "y_coord": 4150329.8748597545 }, "geometry": { "type": "Point", "coordinates": [ 338417.457321515772492, 4150329.874859754461795 ] } },
{ "type": "Feature", "properties": { "target": 49.962645997522038, "x_coord": 339580.03191468614, "y_coord": 4154106.5689020641 }, "geometry": { "type": "Point", "coordinates": [ 339580.031914686143864, 4154106.568902064114809 ] } },
{ "type": "Feature", "properties": { "target": 40.135381967070423, "x_coord": 332601.34555776825, "y_coord": 4177000.559255443 }, "geometry": { "type": "Point", "coordinates": [ 332601.34555776824709, 4177000.559255443047732 ] } },
{ "type": "Feature", "properties": { "target": 25.306127646057945, "x_coord": 321287.78756592749, "y_coord": 4176216.7023268756 }, "geometry": { "type": "Point", "coordinates": [ 321287.787565927486867, 4176216.702326875645667 ] } },
{ "type": "Feature", "properties": { "target": 17.485845532529019, "x_coord": 312505.02150096005, "y_coord": 4167922.3930651094 }, "geometry": { "type": "Point", "coordinates": [ 312505.021500960050616, 4167922.393065109383315 ] } },
{ "type": "Feature", "properties": { "target": 46.277006564969305, "x_coord": 333314.40747782309, "y_coord": 4168015.5058130096 }, "geometry": { "type": "Point", "coordinates": [ 333314.407477823086083, 4168015.505813009571284 ] } },
{ "type": "Feature", "properties": { "target": 34.895177092939036, "x_coord": 326752.12749207416, "y_coord": 4169951.1002363875 }, "geometry": { "type": "Point", "coordinates": [ 326752.12749207415618, 4169951.100236387457699 ] } },
{ "type": "Feature", "properties": { "target": 23.849900702546979, "x_coord": 322726.6602774093, "y_coord": 4155261.1383587033 }, "geometry": { "type": "Point", "coordinates": [ 322726.660277409304399, 4155261.138358703348786 ] } },
{ "type": "Feature", "properties": { "target": 59.655415575981714, "x_coord": 337190.6315528421, "y_coord": 4177432.3583777486 }, "geometry": { "type": "Point", "coordinates": [ 337190.631552842096426, 4177432.358377748634666 ] } },
{ "type": "Feature", "properties": { "target": 6.1429465700560861, "x_coord": 313335.92446918454, "y_coord": 4162563.1157467621 }, "geometry": { "type": "Point", "coordinates": [ 313335.924469184537884, 4162563.11574676213786 ] } },
{ "type": "Feature", "properties": { "target": 38.788834292923376, "x_coord": 324778.7531287258, "y_coord": 4161494.1558474847 }, "geometry": { "type": "Point", "coordinates": [ 324778.753128725802526, 4161494.155847484711558 ] } },
{ "type": "Feature", "properties": { "target": 10.47369114288848, "x_coord": 310340.60934302257, "y_coord": 4165567.531158485 }, "geometry": { "type": "Point", "coordinates": [ 310340.609343022573739, 4165567.531158484984189 ] } },
{ "type": "Feature", "properties": { "target": 21.984252254016596, "x_coord": 324059.81925982377, "y_coord": 4151408.9790032515 }, "geometry": { "type": "Point", "coordinates": [ 324059.819259823765606, 4151408.97900325153023 ] } },
{ "type": "Feature", "properties": { "target": 14.135176594233224, "x_coord": 311689.09827045514, "y_coord": 4154988.5010626824 }, "geometry": { "type": "Point", "coordinates": [ 311689.098270455142483, 4154988.501062682364136 ] } },
{ "type": "Feature", "properties": { "target": 15.337453715371995, "x_coord": 313564.53748804214, "y_coord": 4172141.0084927911 }, "geometry": { "type": "Point", "coordinates": [ 313564.537488042144105, 4172141.008492791093886 ] } },
{ "type": "Feature", "properties": { "target": 13.539417565189645, "x_coord": 313525.78740331315, "y_coord": 4152483.9600377539 }, "geometry": { "type": "Point", "coordinates": [ 313525.787403313152026, 4152483.960037753917277 ] } },
{ "type": "Feature", "properties": { "target": 50.816033912630765, "x_coord": 329476.30906348192, "y_coord": 4168094.5632839915 }, "geometry": { "type": "Point", "coordinates": [ 329476.309063481923658, 4168094.563283991534263 ] } },
{ "type": "Feature", "properties": { "target": 35.382575069539882, "x_coord": 332381.34637796268, "y_coord": 4157360.4732904397 }, "geometry": { "type": "Point", "coordinates": [ 332381.346377962676343, 4157360.47329043969512 ] } },
{ "type": "Feature", "properties": { "target": 28.298748306431094, "x_coord": 327501.0629529148, "y_coord": 4161678.8684212593 }, "geometry": { "type": "Point", "coordinates": [ 327501.062952914799098, 4161678.868421259336174 ] } },
{ "type": "Feature", "properties": { "target": 45.53127034929998, "x_coord": 338865.17645423627, "y_coord": 4158660.8121031211 }, "geometry": { "type": "Point", "coordinates": [ 338865.176454236265272, 4158660.812103121075779 ] } },
{ "type": "Feature", "properties": { "target": 21.272854570260076, "x_coord": 321246.11738571111, "y_coord": 4160670.1814939487 }, "geometry": { "type": "Point", "coordinates": [ 321246.117385711113457, 4160670.181493948679417 ] } },
{ "type": "Feature", "properties": { "target": 18.399452861539793, "x_coord": 318571.36258845584, "y_coord": 4171571.3771555275 }, "geometry": { "type": "Point", "coordinates": [ 318571.362588455842342, 4171571.377155527472496 ] } },
{ "type": "Feature", "properties": { "target": 40.492522781869361, "x_coord": 336057.97384568379, "y_coord": 4158913.6514686951 }, "geometry": { "type": "Point", "coordinates": [ 336057.973845683794934, 4158913.651468695141375 ] } },
{ "type": "Feature", "properties": { "target": 21.361981610320459, "x_coord": 316707.87515558361, "y_coord": 4166992.1392089068 }, "geometry": { "type": "Point", "coordinates": [ 316707.875155583606102, 4166992.13920890679583 ] } },
{ "type": "Feature", "properties": { "target": 41.805427483079214, "x_coord": 338896.67618321837, "y_coord": 4164281.5120659731 }, "geometry": { "type": "Point", "coordinates": [ 338896.67618321836926, 4164281.512065973132849 ] } },
{ "type": "Feature", "properties": { "target": 3.0167590686005603, "x_coord": 310364.63424069452, "y_coord": 4169910.1349608796 }, "geometry": { "type": "Point", "coordinates": [ 310364.634240694518667, 4169910.134960879571736 ] } },
{ "type": "Feature", "properties": { "target": 53.615942227864686, "x_coord": 339096.36480122915, "y_coord": 4178104.8921797429 }, "geometry": { "type": "Point", "coordinates": [ 339096.364801229152363, 4178104.892179742921144 ] } },
{ "type": "Feature", "properties": { "target": -7.1699838238671507, "x_coord": 311294.7973585173, "y_coord": 4171977.1629163073 }, "geometry": { "type": "Point", "coordinates": [ 311294.7973585173022, 4171977.162916307337582 ] } },
{ "type": "Feature", "properties": { "target": 47.017131448990185, "x_coord": 336734.29341094213, "y_coord": 4156448.2113577225 }, "geometry": { "type": "Point", "coordinates": [ 336734.29341094213305, 4156448.211357722524554 ] } },
{ "type": "Feature", "properties": { "target": 33.358886416392231, "x_coord": 325831.03327258897, "y_coord": 4150935.4940518388 }, "geometry": { "type": "Point", "coordinates": [ 325831.033272588974796, 4150935.494051838759333 ] } },
{ "type": "Feature", "properties": { "target": 44.178737853189027, "x_coord": 339788.94388357899, "y_coord": 4157867.9213289949 }, "geometry": { "type": "Point", "coordinates": [ 339788.943883578991517, 4157867.921328994911164 ] } },
{ "type": "Feature", "properties": { "target": 14.134035851300965, "x_coord": 312213.89694206195, "y_coord": 4167852.3379210075 }, "geometry": { "type": "Point", "coordinates": [ 312213.896942061954178, 4167852.337921007536352 ] } },
{ "type": "Feature", "properties": { "target": 30.580454260082899, "x_coord": 326615.62853203964, "y_coord": 4151542.7744045276 }, "geometry": { "type": "Point", "coordinates": [ 326615.628532039641868, 4151542.774404527619481 ] } },
{ "type": "Feature", "properties": { "target": 46.419742576831347, "x_coord": 339079.07606857299, "y_coord": 4164890.9874160369 }, "geometry": { "type": "Point", "coordinates": [ 339079.076068572991062, 4164890.987416036892682 ] } },
{ "type": "Feature", "properties": { "target": 36.688589086428351, "x_coord": 325692.93532510445, "y_coord": 4167905.2854675069 }, "geometry": { "type": "Point", "coordinates": [ 325692.935325104452204, 4167905.285467506852001 ] } },
{ "type": "Feature", "properties": { "target": 36.815150390806707, "x_coord": 328881.95914405788, "y_coord": 4160027.316724509 }, "geometry": { "type": "Point", "coordinates": [ 328881.959144057880621, 4160027.316724509000778 ] } },
{ "type": "Feature", "properties": { "target": 47.529481064331264, "x_coord": 330872.46066953853, "y_coord": 4173127.3661123747 }, "geometry": { "type": "Point", "coordinates": [ 330872.460669538530055, 4173127.366112374700606 ] } },
{ "type": "Feature", "properties": { "target": 27.340365425503119, "x_coord": 323636.23194303317, "y_coord": 4153197.9475940131 }, "geometry": { "type": "Point", "coordinates": [ 323636.231943033169955, 4153197.9475940130651 ] } },
{ "type": "Feature", "properties": { "target": 27.394308209842688, "x_coord": 328826.74240252189, "y_coord": 4152254.1334520741 }, "geometry": { "type": "Point", "coordinates": [ 328826.742402521893382, 4152254.133452074136585 ] } },
{ "type": "Feature", "properties": { "target": 43.716937118158761, "x_coord": 327529.42935769301, "y_coord": 4171845.6626861081 }, "geometry": { "type": "Point", "coordinates": [ 327529.42935769300675, 4171845.662686108145863 ] } },
{ "type": "Feature", "properties": { "target": 40.315057245480027, "x_coord": 337034.74031472969, "y_coord": 4164864.7394861858 }, "geometry": { "type": "Point", "coordinates": [ 337034.740314729686361, 4164864.739486185833812 ] } },
{ "type": "Feature", "properties": { "target": 2.637096628639803, "x_coord": 311363.39141024376, "y_coord": 4170652.0718928319 }, "geometry": { "type": "Point", "coordinates": [ 311363.391410243755672, 4170652.071892831940204 ] } },
{ "type": "Feature", "properties": { "target": 24.190600558987981, "x_coord": 318428.8956877669, "y_coord": 4163044.8201581123 }, "geometry": { "type": "Point", "coordinates": [ 318428.895687766897026, 4163044.8201581123285 ] } },
{ "type": "Feature", "properties": { "target": 44.435801449526089, "x_coord": 338512.34452229674, "y_coord": 4157392.0609971732 }, "geometry": { "type": "Point", "coordinates": [ 338512.34452229674207, 4157392.060997173190117 ] } },
{ "type": "Feature", "properties": { "target": 53.370706676960843, "x_coord": 336707.91351672751, "y_coord": 4174573.0695302258 }, "geometry": { "type": "Point", "coordinates": [ 336707.913516727508977, 4174573.069530225824565 ] } },
{ "type": "Feature", "properties": { "target": 32.360854262353314, "x_coord": 323669.70258357137, "y_coord": 4173982.4763690694 }, "geometry": { "type": "Point", "coordinates": [ 323669.702583571372088, 4173982.476369069423527 ] } },
{ "type": "Feature", "properties": { "target": 55.466624913779349, "x_coord": 328603.97793404612, "y_coord": 4170840.8941256329 }, "geometry": { "type": "Point", "coordinates": [ 328603.977934046124574, 4170840.894125632941723 ] } },
{ "type": "Feature", "properties": { "target": 16.748001801980699, "x_coord": 318321.43548943399, "y_coord": 4158164.354116899 }, "geometry": { "type": "Point", "coordinates": [ 318321.435489433992188, 4158164.354116898961365 ] } },
{ "type": "Feature", "properties": { "target": 13.745891699622335, "x_coord": 315643.63479171286, "y_coord": 4167706.9200060726 }, "geometry": { "type": "Point", "coordinates": [ 315643.634791712858714, 4167706.920006072614342 ] } },
{ "type": "Feature", "properties": { "target": 35.349696266490426, "x_coord": 323910.95214819949, "y_coord": 4160829.2169082006 }, "geometry": { "type": "Point", "coordinates": [ 323910.952148199488875, 4160829.216908200643957 ] } },
{ "type": "Feature", "properties": { "target": 22.231480438384356, "x_coord": 320600.5668407816, "y_coord": 4152747.4621997993 }, "geometry": { "type": "Point", "coordinates": [ 320600.566840781597421, 4152747.462199799250811 ] } },
{ "type": "Feature", "properties": { "target": 43.613089238560661, "x_coord": 327509.68335552618, "y_coord": 4177519.4072638671 }, "geometry": { "type": "Point", "coordinates": [ 327509.683355526183732, 4177519.407263867091388 ] } },
{ "type": "Feature", "properties": { "target": 15.795459261934136, "x_coord": 312332.03910894954, "y_coord": 4154104.5589275691 }, "geometry": { "type": "Point", "coordinates": [ 312332.039108949538786, 4154104.558927569072694 ] } },
{ "type": "Feature", "properties": { "target": 50.565574422471528, "x_coord": 339231.84422998497, "y_coord": 4178507.1206146241 }, "geometry": { "type": "Point", "coordinates": [ 339231.844229984970298, 4178507.12061462411657 ] } },
{ "type": "Feature", "properties": { "target": 48.880181948469954, "x_coord": 339586.3223343881, "y_coord": 4163380.1731887385 }, "geometry": { "type": "Point", "coordinates": [ 339586.322334388096351, 4163380.173188738524914 ] } }
]
}
