sido_short,sigungu,dong,dong_code,is_decline_area,is_gun,n_stores,diversity,share_과학·기술,share_교육,share_보건의료,share_부동산,share_소매,share_수리·개인,share_숙박,share_시설관리·임대,share_예술·스포츠,share_음식,n_personal,chain_share,lon,lat,n_convenience,has_convenience,n_pharmacy,has_pharmacy,n_clinic,has_clinic,n_gas,has_gas,cluster
강원,고성군,간성읍,51820250,True,True,530,0.8191961310887859,0.05849056603773585,0.04339622641509434,0.018867924528301886,0.016981132075471698,0.2509433962264151,0.08490566037735849,0.07547169811320754,0.03962264150943396,0.033962264150943396,0.37735849056603776,45,0.05471698113207547,128.46942553965,38.379234187507,6,True,3,True,9,True,3,True,1
강원,고성군,거진읍,51820253,True,True,502,0.7686737355164069,0.017928286852589643,0.02390438247011952,0.013944223107569721,0.01195219123505976,0.31274900398406374,0.08565737051792828,0.10557768924302789,0.0199203187250996,0.027888446215139442,0.3804780876494024,43,0.017928286852589643,128.4548383889635,38.44723491429005,8,True,4,True,6,True,4,True,2
강원,고성군,죽왕면,51820320,True,True,494,0.6556292537636168,0.04048582995951417,0.022267206477732792,0.0020242914979757085,0.020242914979757085,0.16396761133603238,0.030364372469635626,0.3603238866396761,0.05060728744939271,0.022267206477732792,0.2874493927125506,15,0.024291497975708502,128.5265902471715,38.3274206569155,17,True,2,True,1,True,3,True,2
강원,고성군,토성면,51820330,True,True,897,0.6886416161728935,0.03455964325529543,0.03567447045707915,0.002229654403567447,0.022296544035674472,0.1716833890746934,0.03567447045707915,0.28205128205128205,0.028985507246376812,0.03901895206243032,0.34782608695652173,32,0.04124860646599777,128.556207624423,38.2547283858691,34,True,3,True,2,True,8,True,2
강원,고성군,현내면,51820310,True,True,208,0.7609511771835404,0.028846153846153848,0.004807692307692308,0.0,0.014423076923076924,0.23076923076923078,0.038461538461538464,0.22115384615384615,0.019230769230769232,0.038461538461538464,0.40384615384615385,8,0.009615384615384616,128.4245609177375,38.4996429705999,6,True,1,True,0,False,3,True,2
강원,삼척시,가곡면,51230350,True,False,32,0.8372987670670724,0.03125,0.0,0.0,0.0,0.21875,0.0625,0.3125,0.0625,0.09375,0.21875,2,0.03125,129.1804265784885,37.13956880042555,1,True,0,False,0,False,0,False,2
강원,삼척시,교동,51230530,True,False,587,0.808335158672082,0.07155025553662692,0.04599659284497445,0.0068143100511073255,0.017035775127768313,0.18057921635434412,0.0919931856899489,0.04258943781942078,0.049403747870528106,0.05792163543441227,0.43611584327086883,54,0.06984667802385008,129.171603664659,37.4506977850445,18,True,2,True,4,True,3,True,1
강원,삼척시,근덕면,51230310,True,False,570,0.627327095198747,0.015789473684210527,0.0035087719298245615,0.005263157894736842,0.012280701754385965,0.18070175438596492,0.02982456140350877,0.4070175438596491,0.03508771929824561,0.03859649122807018,0.2719298245614035,17,0.012280701754385965,129.27120715088398,37.318087533383,17,True,1,True,3,True,7,True,2
강원,삼척시,남양동,51230510,True,False,918,0.7784436606060905,0.04030501089324619,0.0392156862745098,0.027233115468409588,0.004357298474945534,0.2570806100217865,0.11220043572984749,0.037037037037037035,0.04139433551198257,0.03159041394335512,0.4095860566448802,103,0.023965141612200435,129.166724298294,37.4420553928924,19,True,12,True,23,True,0,False,1
강원,삼척시,노곡면,51230330,True,False,29,0.9248631623608516,0.0,0.06896551724137931,0.0,0.0,0.3103448275862069,0.034482758620689655,0.13793103448275862,0.06896551724137931,0.1724137931034483,0.20689655172413793,1,0.0,129.163567937899,37.3272837543372,0,False,0,False,0,False,1,True,0
강원,삼척시,도계읍,51230250,True,False,480,0.7994091360244193,0.022916666666666665,0.03333333333333333,0.014583333333333334,0.0020833333333333333,0.28958333333333336,0.12291666666666666,0.010416666666666666,0.03958333333333333,0.05,0.41458333333333336,59,0.0625,129.044616564166,37.233048969006745,13,True,3,True,6,True,4,True,1
강원,삼척시,미로면,51230340,True,False,47,0.8680932581353338,0.02127659574468085,0.02127659574468085,0.0,0.0,0.3404255319148936,0.0425531914893617,0.10638297872340426,0.10638297872340426,0.02127659574468085,0.3404255319148936,2,0.0,129.101753191948,37.4146167810376,1,True,0,False,0,False,2,True,0
강원,삼척시,성내동,51230570,True,False,651,0.8232902251139474,0.06605222734254992,0.06144393241167435,0.01228878648233487,0.013824884792626729,0.25499231950844853,0.1152073732718894,0.015360983102918587,0.043010752688172046,0.03840245775729647,0.3794162826420891,75,0.05069124423963134,129.163661684984,37.443828805556,11,True,2,True,8,True,2,True,1
강원,삼척시,신기면,51230360,True,False,57,0.7419922133155384,0.0,0.017543859649122806,0.0,0.0,0.2631578947368421,0.017543859649122806,0.19298245614035087,0.0,0.0,0.5087719298245614,1,0.0,129.05573415146,37.342808712152,1,True,0,False,0,False,2,True,2
강원,삼척시,원덕읍,51230253,True,False,482,0.7292563499852702,0.02074688796680498,0.012448132780082987,0.006224066390041493,0.01037344398340249,0.2717842323651452,0.07676348547717843,0.13485477178423236,0.016597510373443983,0.026970954356846474,0.42323651452282157,37,0.012448132780082987,129.3370115985295,37.227035114718944,9,True,1,True,3,True,5,True,2
강원,삼척시,정라동,51230540,True,False,348,0.7786611162846016,0.04310344827586207,0.09195402298850575,0.008620689655172414,0.014367816091954023,0.2471264367816092,0.14367816091954022,0.031609195402298854,0.028735632183908046,0.02586206896551724,0.3649425287356322,50,0.028735632183908046,129.177844250713,37.4404325193812,12,True,2,True,0,False,5,True,1
강원,삼척시,하장면,51230320,True,False,59,0.8364563018252896,0.0,0.0,0.0,0.0,0.2711864406779661,0.1016949152542373,0.1864406779661017,0.05084745762711865,0.03389830508474576,0.3559322033898305,6,0.01694915254237288,128.942518693153,37.3639056894819,0,False,0,False,0,False,2,True,2
강원,양구군,국토정중앙면,51800315,True,True,133,0.8163859483749811,0.05263157894736842,0.045112781954887216,0.0,0.0,0.2706766917293233,0.11278195488721804,0.13533834586466165,0.03007518796992481,0.015037593984962405,0.3383458646616541,15,0.03007518796992481,128.028995523429,38.1033218373915,3,True,0,False,0,False,5,True,2
강원,양구군,동면,51800320,True,True,73,0.8244274666432526,0.0136986301369863,0.0136986301369863,0.0136986301369863,0.0,0.2191780821917808,0.0547945205479452,0.2328767123287671,0.0547945205479452,0.0136986301369863,0.3835616438356164,4,0.0684931506849315,128.045115907486,38.2019545314874,3,True,0,False,0,False,0,False,2
강원,양구군,방산면,51800330,True,True,68,0.7543481905348798,0.014705882352941176,0.0,0.0,0.0,0.29411764705882354,0.04411764705882353,0.2647058823529412,0.014705882352941176,0.0,0.36764705882352944,3,0.0,127.949945478131,38.208876966271745,2,True,0,False,0,False,1,True,2
강원,양구군,양구읍,51800250,True,True,1103,0.7995600283433492,0.044424297370806894,0.05983680870353581,0.012692656391659111,0.006346328195829556,0.22846781504986402,0.11514052583862194,0.0815956482320943,0.038077969174977334,0.043517679057116954,0.36990027198549413,127,0.07615593834995467,127.988869596864,38.1055891543083,16,True,7,True,12,True,4,True,1
강원,양구군,해안면,51800340,True,True,61,0.8857516717647786,0.01639344262295082,0.0,0.0,0.0,0.47540983606557374,0.11475409836065574,0.04918032786885246,0.08196721311475409,0.0,0.26229508196721313,7,0.04918032786885246,128.13971362518,38.2884428146874,2,True,0,False,0,False,1,True,0
강원,양양군,강현면,51830350,True,True,676,0.6442143000285785,0.019230769230769232,0.02514792899408284,0.0,0.022189349112426034,0.1804733727810651,0.034023668639053255,0.33875739644970415,0.03550295857988166,0.047337278106508875,0.2973372781065089,23,0.03106508875739645,128.615722017867,38.128613542543405,20,True,6,True,0,False,3,True,2
강원,양양군,서면,51830310,True,True,249,0.6011470061166215,0.028112449799196786,0.01606425702811245,0.004016064257028112,0.0,0.18875502008032127,0.012048192771084338,0.46184738955823296,0.01606425702811245,0.01606425702811245,0.2570281124497992,3,0.004016064257028112,128.52007577751,38.0629893032283,3,True,0,False,0,False,1,True,2
강원,양양군,손양면,51830320,True,True,289,0.6859795442126667,0.03460207612456748,0.02422145328719723,0.0,0.01384083044982699,0.15916955017301038,0.031141868512110725,0.31833910034602075,0.04498269896193772,0.04844290657439446,0.32525951557093424,9,0.02768166089965398,128.668891271749,38.070302884644,9,True,0,False,0,False,4,True,2
강원,양양군,양양읍,51830250,True,True,1072,0.806882931114258,0.05037313432835821,0.06436567164179105,0.014925373134328358,0.021455223880597014,0.24253731343283583,0.10727611940298508,0.05223880597014925,0.036380597014925374,0.04011194029850746,0.37033582089552236,115,0.0830223880597015,128.622439662614,38.07525388497845,22,True,5,True,15,True,9,True,1
강원,양양군,현남면,51830340,True,True,534,0.710294096448637,0.026217228464419477,0.07116104868913857,0.0018726591760299626,0.016853932584269662,0.16853932584269662,0.020599250936329586,0.2958801498127341,0.03932584269662921,0.03745318352059925,0.32209737827715357,11,0.011235955056179775,128.76157085236048,37.9688733159508,14,True,0,False,0,False,2,True,2
강원,양양군,현북면,51830330,True,True,337,0.6441699222353385,0.01483679525222552,0.05637982195845697,0.0,0.002967359050445104,0.142433234421365,0.01483679525222552,0.4362017804154303,0.03857566765578635,0.02967359050445104,0.26409495548961426,5,0.017804154302670624,128.721538418901,38.0091982381453,9,True,0,False,0,False,1,True,2
강원,영월군,김삿갓면,51750325,True,True,179,0.6230029070033238,0.00558659217877095,0.0223463687150838,0.00558659217877095,0.0,0.24022346368715083,0.0111731843575419,0.4748603351955307,0.01675977653631285,0.0446927374301676,0.1787709497206704,2,0.0,128.603230264142,37.1177700042868,3,True,0,False,0,False,2,True,2
강원,영월군,남면,51750340,True,True,82,0.8402032814715733,0.04878048780487805,0.0,0.0,0.0,0.3902439024390244,0.036585365853658534,0.12195121951219512,0.08536585365853659,0.06097560975609756,0.25609756097560976,3,0.07317073170731707,128.4030967500325,37.192136588728104,1,True,0,False,0,False,3,True,0
강원,영월군,무릉도원면,51750380,True,True,212,0.4687166322032602,0.009433962264150943,0.02358490566037736,0.0,0.0047169811320754715,0.1179245283018868,0.0,0.6698113207547169,0.014150943396226415,0.018867924528301886,0.14150943396226415,0,0.0,128.2679036671685,37.32646345024775,1,True,0,False,0,False,0,False,2
강원,영월군,북면,51750330,True,True,91,0.8328654310585253,0.054945054945054944,0.04395604395604396,0.0,0.0,0.24175824175824176,0.07692307692307693,0.21978021978021978,0.06593406593406594,0.03296703296703297,0.26373626373626374,7,0.0,128.437790627748,37.2552749138116,1,True,0,False,0,False,2,True,2
강원,영월군,산솔면,51750312,True,True,76,0.8321933213209937,0.039473684210526314,0.039473684210526314,0.0,0.02631578947368421,0.2236842105263158,0.07894736842105263,0.27631578947368424,0.02631578947368421,0.02631578947368421,0.2631578947368421,6,0.02631578947368421,128.667602211765,37.157816018991454,1,True,0,False,0,False,3,True,2
강원,영월군,상동읍,51750253,True,True,50,0.8689750754888772,0.06,0.02,0.0,0.0,0.34,0.06,0.16,0.06,0.04,0.26,3,0.02,128.825777112147,37.126135098429,1,True,0,False,0,False,2,True,0
강원,영월군,영월읍,51750250,True,True,1678,0.8069908348418873,0.05125148986889154,0.04707985697258641,0.012514898688915376,0.014898688915375448,0.2520858164481526,0.09177592371871275,0.06138259833134684,0.05542312276519666,0.056615017878426696,0.3569725864123957,154,0.027413587604290822,128.4685445022935,37.1833195013323,34,True,13,True,16,True,7,True,1
강원,영월군,주천면,51750360,True,True,293,0.7627006220340656,0.034129692832764506,0.030716723549488054,0.013651877133105802,0.017064846416382253,0.2901023890784983,0.06825938566552901,0.13993174061433447,0.023890784982935155,0.027303754266211604,0.35494880546075086,20,0.020477815699658702,128.268261789843,37.2704730216434,5,True,2,True,4,True,2,True,2
강원,영월군,한반도면,51750355,True,True,150,0.8074277904172055,0.05333333333333334,0.03333333333333333,0.013333333333333334,0.0,0.26,0.08,0.18,0.08666666666666667,0.03333333333333333,0.26,12,0.03333333333333333,128.326551969326,37.183899847144,2,True,1,True,1,True,4,True,0
강원,인제군,기린면,51810330,False,True,453,0.7344046411739344,0.039735099337748346,0.03532008830022075,0.008830022075055188,0.008830022075055188,0.2119205298013245,0.0640176600441501,0.2737306843267108,0.03090507726269316,0.03090507726269316,0.2958057395143488,29,0.006622516556291391,128.318050827124,37.955979109203,6,True,2,True,3,True,2,True,2
강원,인제군,남면,51810310,False,True,290,0.7910169180136424,0.017241379310344827,0.013793103448275862,0.0034482758620689655,0.0034482758620689655,0.3413793103448276,0.06206896551724138,0.13793103448275862,0.03793103448275862,0.04482758620689655,0.33793103448275863,18,0.017241379310344827,128.0809106451695,37.9677715358334,9,True,1,True,1,True,6,True,2
강원,인제군,북면,51810320,False,True,933,0.7497230277660931,0.028938906752411574,0.03644158628081458,0.007502679528403001,0.010718113612004287,0.3236870310825295,0.06645230439442658,0.12861736334405144,0.01929260450160772,0.03429796355841372,0.3440514469453376,62,0.011789924973204717,128.21059779634,38.125816237537,16,True,4,True,6,True,11,True,2
강원,인제군,상남면,51810350,False,True,149,0.7472722036827548,0.020134228187919462,0.04697986577181208,0.0,0.013422818791946308,0.2483221476510067,0.006711409395973154,0.2953020134228188,0.026845637583892617,0.040268456375838924,0.30201342281879195,1,0.03355704697986577,128.278307715175,37.8728299600989,1,True,0,False,0,False,3,True,2
강원,인제군,서화면,51810340,False,True,170,0.8198824521970886,0.029411764705882353,0.047058823529411764,0.0058823529411764705,0.0058823529411764705,0.2411764705882353,0.06470588235294118,0.12941176470588237,0.047058823529411764,0.03529411764705882,0.3941176470588235,11,0.011764705882352941,128.209024278137,38.2244331030139,8,True,1,True,0,False,1,True,2
강원,인제군,인제읍,51810250,False,True,931,0.7943710773455472,0.05477980665950591,0.05692803437164339,0.00966702470461869,0.00966702470461869,0.21911922663802363,0.09022556390977443,0.14070891514500536,0.05370569280343716,0.05263157894736842,0.3125671321160043,84,0.021482277121374866,128.173548788728,38.0677989597717,15,True,3,True,7,True,6,True,1
강원,정선군,고한읍,51770253,True,True,533,0.7484528017375374,0.0225140712945591,0.009380863039399626,0.00375234521575985,0.00375234521575985,0.22326454033771106,0.05628517823639775,0.14821763602251406,0.09380863039399624,0.03564727954971857,0.40337711069418386,30,0.024390243902439025,128.8526690996,37.2020185695076,19,True,1,True,2,True,2,True,2
강원,정선군,남면,51770320,True,True,252,0.7593348656947935,0.027777777777777776,0.015873015873015872,0.0,0.003968253968253968,0.24603174603174602,0.05952380952380952,0.23015873015873015,0.03968253968253968,0.027777777777777776,0.3492063492063492,15,0.007936507936507936,128.774795705538,37.24660899873655,6,True,1,True,0,False,2,True,2
강원,정선군,북평면,51770340,True,True,185,0.7769683650089987,0.016216216216216217,0.03783783783783784,0.0,0.010810810810810811,0.2648648648648649,0.05945945945945946,0.2,0.04864864864864865,0.021621621621621623,0.34054054054054056,11,0.02702702702702703,128.66571067033,37.4488967946959,3,True,0,False,0,False,3,True,2
강원,정선군,사북읍,51770256,True,True,511,0.7719450364474592,0.023483365949119372,0.023483365949119372,0.009784735812133072,0.003913894324853229,0.3013698630136986,0.08610567514677103,0.1232876712328767,0.04500978473581213,0.029354207436399216,0.3542074363992172,44,0.021526418786692758,128.817991025973,37.2271986404702,25,True,3,True,4,True,2,True,2
강원,정선군,신동읍,51770259,True,True,187,0.8283618648457773,0.0374331550802139,0.016042780748663103,0.0106951871657754,0.0053475935828877,0.35294117647058826,0.0962566844919786,0.0748663101604278,0.0748663101604278,0.03208556149732621,0.2994652406417112,18,0.0213903743315508,128.648472287185,37.2153052421695,3,True,1,True,1,True,4,True,0
강원,정선군,여량면,51770370,True,True,154,0.8071851835255,0.025974025974025976,0.045454545454545456,0.0,0.012987012987012988,0.2987012987012987,0.08441558441558442,0.16233766233766234,0.025974025974025976,0.01948051948051948,0.3246753246753247,13,0.006493506493506494,128.7245745434175,37.472336086506004,2,True,1,True,0,False,1,True,2
강원,정선군,임계면,51770350,True,True,225,0.8086167880801453,0.013333333333333334,0.022222222222222223,0.008888888888888889,0.013333333333333334,0.3111111111111111,0.08888888888888889,0.1288888888888889,0.07555555555555556,0.0044444444444444444,0.3333333333333333,20,0.0044444444444444444,128.851027817009,37.4954291802278,4,True,1,True,2,True,5,True,0
강원,정선군,정선읍,51770250,True,True,874,0.8031556333540396,0.06292906178489703,0.03775743707093822,0.013729977116704805,0.010297482837528604,0.2906178489702517,0.10068649885583524,0.06178489702517163,0.03318077803203661,0.034324942791762014,0.35469107551487417,88,0.02288329519450801,128.6643613617125,37.3805187776586,13,True,6,True,10,True,5,True,1
강원,정선군,화암면,51770360,True,True,88,0.7778165112187281,0.045454545454545456,0.022727272727272728,0.0,0.011363636363636364,0.3522727272727273,0.022727272727272728,0.20454545454545456,0.022727272727272728,0.0,0.3181818181818182,2,0.011363636363636364,128.789859907819,37.3380992728054,0,False,0,False,0,False,2,True,2
강원,철원군,갈말읍,51780256,True,True,836,0.8099500834689857,0.061004784688995214,0.05143540669856459,0.01076555023923445,0.011961722488038277,0.23923444976076555,0.09569377990430622,0.04904306220095694,0.04066985645933014,0.05861244019138756,0.3815789473684211,80,0.04665071770334928,127.3090736675975,38.1465675230975,17,True,4,True,8,True,8,True,1
강원,철원군,근남면,51780320,True,True,72,0.8010695885333989,0.041666666666666664,0.013888888888888888,0.0,0.0,0.3055555555555556,0.05555555555555555,0.2638888888888889,0.013888888888888888,0.013888888888888888,0.2916666666666667,4,0.013888888888888888,127.470002219729,38.229561059767,0,False,0,False,0,False,1,True,2
강원,철원군,근북면,51780330,True,True,2,1.0,0.5,0.0,0.0,0.0,0.5,0.0,0.0,0.0,0.0,0.0,0,0.0,127.39741461351099,38.30270697424425,0,False,0,False,0,False,0,False,0
강원,철원군,김화읍,51780253,True,True,102,0.8219793133479195,0.029411764705882353,0.049019607843137254,0.0,0.0196078431372549,0.28431372549019607,0.058823529411764705,0.0784313725490196,0.029411764705882353,0.0196078431372549,0.43137254901960786,6,0.0196078431372549,127.4139622947925,38.2481074461632,4,True,0,False,0,False,1,True,2
강원,철원군,동송읍,51780259,True,True,1177,0.7932749124205635,0.034834324553950725,0.056074766355140186,0.012744265080713678,0.016142735768903994,0.24893797790994052,0.10620220900594732,0.06796941376380629,0.026338147833474938,0.05097706032285471,0.3797790994052676,125,0.08071367884451996,127.219387826508,38.2075557057952,22,True,7,True,13,True,5,True,1
강원,철원군,서면,51780310,True,True,508,0.8143367294050088,0.027559055118110236,0.04921259842519685,0.017716535433070866,0.011811023622047244,0.27755905511811024,0.11811023622047244,0.08070866141732283,0.015748031496062992,0.04133858267716536,0.36023622047244097,60,0.013779527559055118,127.437811530845,38.238652065317,9,True,7,True,9,True,6,True,1
강원,철원군,철원읍,51780250,True,True,181,0.8618335902140457,0.055248618784530384,0.08287292817679558,0.0,0.11049723756906077,0.2596685082872928,0.08839779005524862,0.049723756906077346,0.0718232044198895,0.03314917127071823,0.24861878453038674,16,0.027624309392265192,127.213447514373,38.2136987375915,5,True,0,False,0,False,3,True,0
강원,태백시,구문소동,51190605,True,False,75,0.919623500162611,0.09333333333333334,0.06666666666666667,0.0,0.0,0.17333333333333334,0.21333333333333335,0.04,0.12,0.0,0.29333333333333333,16,0.0,129.022537094082,37.0995280673204,2,True,0,False,0,False,3,True,0
강원,태백시,문곡소도동,51190585,True,False,184,0.7738846714781001,0.02717391304347826,0.02717391304347826,0.0,0.0,0.266304347826087,0.11413043478260869,0.11413043478260869,0.06521739130434782,0.016304347826086956,0.3695652173913043,21,0.02717391304347826,128.9614005116075,37.1302875140903,6,True,0,False,0,False,2,True,2
강원,태백시,삼수동,51190535,True,False,523,0.8056535466047443,0.0248565965583174,0.019120458891013385,0.0038240917782026767,0.0038240917782026767,0.27915869980879543,0.12045889101338432,0.0745697896749522,0.05353728489483748,0.040152963671128104,0.38049713193116635,63,0.022944550669216062,128.986403244173,37.1761918585476,11,True,3,True,2,True,2,True,1
강원,태백시,상장동,51190540,True,False,641,0.8131527197783437,0.046801872074883,0.07644305772230889,0.0062402496099844,0.0062402496099844,0.22776911076443057,0.12792511700468018,0.0202808112324493,0.031201248049921998,0.0686427457098284,0.38845553822152884,82,0.0218408736349454,128.987620875156,37.1590302263329,17,True,3,True,2,True,3,True,1
강원,태백시,장성동,51190595,True,False,197,0.8421591030105098,0.025380710659898477,0.015228426395939087,0.025380710659898477,0.0,0.29441624365482233,0.1319796954314721,0.030456852791878174,0.04060913705583756,0.05583756345177665,0.38071065989847713,26,0.06091370558375635,129.009280353353,37.1017846628489,4,True,2,True,3,True,1,True,1
강원,태백시,철암동,51190615,True,False,52,0.873902171467896,0.019230769230769232,0.019230769230769232,0.0,0.0,0.28846153846153844,0.1346153846153846,0.038461538461538464,0.019230769230769232,0.038461538461538464,0.4423076923076923,7,0.0,129.0380961626625,37.11716775772765,2,True,0,False,0,False,1,True,0
강원,태백시,황연동,51190525,True,False,282,0.8297270124517012,0.09219858156028368,0.04609929078014184,0.010638297872340425,0.0035460992907801418,0.29432624113475175,0.16666666666666666,0.014184397163120567,0.04609929078014184,0.028368794326241134,0.2978723404255319,47,0.014184397163120567,128.988524394734,37.1767793234427,6,True,1,True,2,True,5,True,1
강원,태백시,황지동,51190515,True,False,746,0.792620327128577,0.03753351206434316,0.03485254691689008,0.036193029490616625,0.006702412868632708,0.3753351206434316,0.128686327077748,0.00938337801608579,0.0160857908847185,0.0388739946380697,0.3163538873994638,96,0.03351206434316354,128.992133993808,37.1721265641353,10,True,10,True,26,True,1,True,1
강원,평창군,대관령면,51760380,True,True,816,0.755116217888459,0.028186274509803922,0.03676470588235294,0.006127450980392157,0.015931372549019607,0.17279411764705882,0.05514705882352941,0.13970588235294118,0.1017156862745098,0.05024509803921569,0.39338235294117646,45,0.06495098039215687,128.70806493573,37.672103318316104,29,True,2,True,5,True,7,True,1
강원,평창군,대화면,51760330,True,True,305,0.8259903362100044,0.03934426229508197,0.036065573770491806,0.013114754098360656,0.02622950819672131,0.2786885245901639,0.10163934426229508,0.06557377049180328,0.05245901639344262,0.04918032786885246,0.3377049180327869,31,0.03934426229508197,128.454793207596,37.4997448297737,7,True,3,True,4,True,5,True,1
강원,평창군,미탄면,51760310,True,True,110,0.7869532345301474,0.01818181818181818,0.01818181818181818,0.0,0.00909090909090909,0.3090909090909091,0.06363636363636363,0.22727272727272727,0.045454545454545456,0.01818181818181818,0.2909090909090909,7,0.0,128.49986798123848,37.3415776732202,1,True,0,False,0,False,2,True,2
강원,평창군,방림면,51760320,True,True,120,0.8234321795185707,0.041666666666666664,0.05,0.0,0.058333333333333334,0.24166666666666667,0.075,0.20833333333333334,0.025,0.008333333333333333,0.2916666666666667,9,0.0,128.3133534714095,37.435810323942846,2,True,0,False,0,False,2,True,2
강원,평창군,봉평면,51760340,True,True,897,0.6586784901390594,0.020066889632107024,0.033444816053511704,0.006688963210702341,0.008918617614269788,0.15830546265328874,0.043478260869565216,0.3377926421404682,0.05351170568561873,0.020066889632107024,0.3177257525083612,39,0.008918617614269788,128.349111912667,37.6090243086733,14,True,2,True,4,True,6,True,2
강원,평창군,용평면,51760350,True,True,261,0.76798556745083,0.034482758620689655,0.03065134099616858,0.011494252873563218,0.04980842911877394,0.2222222222222222,0.06130268199233716,0.19540229885057472,0.034482758620689655,0.022988505747126436,0.3371647509578544,16,0.01532567049808429,128.418502755361,37.5858416965557,6,True,1,True,3,True,7,True,2
강원,평창군,진부면,51760360,True,True,717,0.7949103067417662,0.030683403068340307,0.04881450488145049,0.01394700139470014,0.02510460251046025,0.2398884239888424,0.10599721059972106,0.08786610878661087,0.03626220362622036,0.03486750348675035,0.37656903765690375,76,0.01813110181311018,128.558740459201,37.6375301432006,11,True,6,True,10,True,10,True,1
강원,평창군,평창읍,51760250,True,True,619,0.8521576438034588,0.07269789983844911,0.045234248788368334,0.012924071082390954,0.008077544426494346,0.2665589660743134,0.09693053311793215,0.07431340872374798,0.06785137318255251,0.024232633279483037,0.33117932148626816,60,0.024232633279483037,128.394037211364,37.3675506399831,8,True,4,True,8,True,6,True,1
강원,홍천군,남면,51720360,True,True,299,0.7907745059207849,0.020066889632107024,0.030100334448160536,0.013377926421404682,0.030100334448160536,0.26755852842809363,0.07357859531772576,0.11036789297658862,0.030100334448160536,0.043478260869565216,0.38127090301003347,22,0.03678929765886288,127.768351772377,37.6158745496158,12,True,1,True,4,True,6,True,2
강원,홍천군,내면,51720390,True,True,190,0.7540496923017579,0.021052631578947368,0.015789473684210527,0.0,0.021052631578947368,0.3157894736842105,0.06315789473684211,0.24736842105263157,0.005263157894736842,0.031578947368421054,0.2789473684210526,12,0.010526315789473684,128.389806157902,37.78055761786905,3,True,1,True,0,False,4,True,2
강원,홍천군,내촌면,51720330,True,True,111,0.7545503712236052,0.036036036036036036,0.018018018018018018,0.0,0.07207207207207207,0.25225225225225223,0.036036036036036036,0.34234234234234234,0.0,0.018018018018018018,0.22522522522522523,4,0.0,128.088026781457,37.8129954045937,0,False,0,False,0,False,1,True,2
강원,홍천군,두촌면,51720320,True,True,113,0.8230349108379625,0.02654867256637168,0.017699115044247787,0.008849557522123894,0.017699115044247787,0.30973451327433627,0.061946902654867256,0.12389380530973451,0.04424778761061947,0.02654867256637168,0.36283185840707965,7,0.0,128.018376067875,37.8601884853966,2,True,0,False,0,False,6,True,2
강원,홍천군,북방면,51720380,True,True,262,0.7430590934926677,0.04198473282442748,0.015267175572519083,0.003816793893129771,0.022900763358778626,0.22900763358778625,0.06870229007633588,0.3320610687022901,0.04198473282442748,0.011450381679389313,0.23282442748091603,18,0.019083969465648856,127.8384988607405,37.6983436375412,3,True,1,True,0,False,4,True,2
강원,홍천군,서면,51720370,True,True,754,0.6542495422543119,0.01989389920424403,0.027851458885941646,0.0,0.01989389920424403,0.14986737400530503,0.01989389920424403,0.33819628647214856,0.09946949602122016,0.03050397877984085,0.29442970822281167,15,0.026525198938992044,127.675477608022,37.6752583296255,15,True,1,True,0,False,3,True,2
강원,홍천군,서석면,51720340,True,True,207,0.8302436625691212,0.05314009661835749,0.01932367149758454,0.014492753623188406,0.024154589371980676,0.2946859903381642,0.06763285024154589,0.15942028985507245,0.01932367149758454,0.03864734299516908,0.30917874396135264,14,0.024154589371980676,128.186808082346,37.7121796381001,1,True,1,True,3,True,1,True,2
강원,홍천군,영귀미면,51720352,True,True,160,0.7867021885484129,0.05625,0.0375,0.0,0.0125,0.30625,0.03125,0.2125,0.03125,0.0125,0.3,5,0.01875,127.9482879200855,37.6778278421301,3,True,1,True,0,False,0,False,2
강원,홍천군,홍천읍,51720250,True,True,2611,0.8068150459653795,0.055534278054385294,0.04787437763309077,0.019149751053236307,0.027575641516660282,0.2761394101876676,0.1271543469934891,0.022213711221754116,0.036384527001148984,0.035235541937954806,0.35273841440061277,332,0.1037916507085408,127.88549224519,37.6906763529717,41,True,18,True,43,True,15,True,1
강원,홍천군,화촌면,51720310,True,True,235,0.7676413023642189,0.0425531914893617,0.01276595744680851,0.00851063829787234,0.02127659574468085,0.28085106382978725,0.03404255319148936,0.23404255319148937,0.029787234042553193,0.02553191489361702,0.31063829787234043,8,0.00851063829787234,127.965748523611,37.7538027474943,3,True,0,False,1,True,8,True,2
강원,화천군,간동면,51790310,True,True,139,0.8085027167041023,0.02158273381294964,0.05755395683453238,0.0,0.04316546762589928,0.2733812949640288,0.04316546762589928,0.1366906474820144,0.050359712230215826,0.03597122302158273,0.3381294964028777,6,0.0,127.816813085185,38.0546023541857,3,True,0,False,0,False,2,True,2
강원,화천군,사내면,51790340,True,True,456,0.7617613253451564,0.02631578947368421,0.05043859649122807,0.010964912280701754,0.010964912280701754,0.24561403508771928,0.07456140350877193,0.1600877192982456,0.017543859649122806,0.03508771929824561,0.3684210526315789,34,0.03728070175438596,127.521242740404,38.07111994712295,7,True,3,True,5,True,4,True,2
강원,화천군,상서면,51790330,True,True,171,0.7951098613898223,0.005847953216374269,0.011695906432748537,0.0,0.0,0.30994152046783624,0.06432748538011696,0.18128654970760233,0.023391812865497075,0.06432748538011696,0.3391812865497076,11,0.023391812865497075,127.662101812828,38.1904277340383,8,True,0,False,0,False,3,True,2
강원,화천군,하남면,51790320,True,True,99,0.7435648703086416,0.06060606060606061,0.020202020202020204,0.0,0.010101010101010102,0.21212121212121213,0.0707070707070707,0.31313131313131315,0.020202020202020204,0.010101010101010102,0.2828282828282828,7,0.0,127.699064684332,38.0690239630659,2,True,0,False,0,False,2,True,2
강원,화천군,화천읍,51790250,True,True,772,0.8042988192176019,0.04533678756476684,0.054404145077720206,0.010362694300518135,0.011658031088082901,0.25,0.10103626943005181,0.10751295336787564,0.023316062176165803,0.03626943005181347,0.3601036269430052,78,0.11139896373056994,127.7056558295095,38.1046663470053,13,True,4,True,8,True,4,True,1
강원,횡성군,갑천면,51730340,True,True,151,0.7756985678645969,0.039735099337748346,0.026490066225165563,0.0,0.039735099337748346,0.26490066225165565,0.046357615894039736,0.2980132450331126,0.039735099337748346,0.019867549668874173,0.2251655629139073,7,0.0,128.081233074801,37.558796761474,1,True,0,False,0,False,2,True,2
강원,횡성군,강림면,51730380,True,True,72,0.8193553654879505,0.041666666666666664,0.041666666666666664,0.013888888888888888,0.013888888888888888,0.2777777777777778,0.06944444444444445,0.25,0.0,0.013888888888888888,0.2777777777777778,5,0.0,128.128403175293,37.3601915313735,1,True,0,False,0,False,1,True,2
강원,횡성군,공근면,51730360,True,True,101,0.8280543247755925,0.0297029702970297,0.019801980198019802,0.0,0.06930693069306931,0.33663366336633666,0.0594059405940594,0.10891089108910891,0.009900990099009901,0.019801980198019802,0.3465346534653465,6,0.009900990099009901,127.958423586424,37.5351260439651,4,True,0,False,0,False,2,True,2
강원,횡성군,둔내면,51730330,True,True,554,0.7574947628693205,0.04151624548736462,0.02527075812274368,0.007220216606498195,0.039711191335740074,0.2075812274368231,0.061371841155234655,0.1552346570397112,0.0631768953068592,0.030685920577617327,0.36823104693140796,34,0.018050541516245487,128.2174999400455,37.51182765881245,18,True,2,True,4,True,6,True,2
강원,횡성군,서원면,51730370,True,True,141,0.7313630029377002,0.028368794326241134,0.028368794326241134,0.0,0.014184397163120567,0.16312056737588654,0.14184397163120568,0.24822695035460993,0.0425531914893617,0.02127659574468085,0.3120567375886525,20,0.014184397163120567,127.840869674512,37.4865463257136,1,True,0,False,0,False,1,True,2
강원,횡성군,안흥면,51730320,True,True,134,0.8551200348283481,0.014925373134328358,0.029850746268656716,0.014925373134328358,0.05223880597014925,0.31343283582089554,0.08955223880597014,0.06716417910447761,0.007462686567164179,0.03731343283582089,0.373134328358209,12,0.007462686567164179,128.15721952234702,37.41283441767685,1,True,1,True,1,True,3,True,0
강원,횡성군,우천면,51730310,True,True,288,0.7737286161070969,0.034722222222222224,0.027777777777777776,0.003472222222222222,0.07291666666666667,0.2465277777777778,0.0625,0.10416666666666667,0.03819444444444445,0.024305555555555556,0.3854166666666667,18,0.010416666666666666,128.074332357717,37.45420031952305,6,True,1,True,1,True,7,True,2
강원,횡성군,청일면,51730350,True,True,114,0.770902289049542,0.03508771929824561,0.008771929824561403,0.0,0.02631578947368421,0.23684210526315788,0.08771929824561403,0.2894736842105263,0.008771929824561403,0.02631578947368421,0.2807017543859649,10,0.0,128.15307473034648,37.58842960409265,1,True,0,False,0,False,0,False,2
강원,횡성군,횡성읍,51730250,True,True,1511,0.8197991712474576,0.071475843812045,0.054268696227663796,0.01985440105890139,0.02911978821972204,0.28325612177365983,0.10919920582395765,0.01654533421575116,0.03772336201191264,0.036399735274652546,0.34215751158173396,165,0.09199205823957644,127.986868735754,37.4900453250313,22,True,13,True,26,True,6,True,1
경기,가평군,가평읍,41820250,True,True,1960,0.7498075461766522,0.06683673469387755,0.044897959183673466,0.01173469387755102,0.019387755102040816,0.18571428571428572,0.07908163265306123,0.20153061224489796,0.036734693877551024,0.04081632653061224,0.31326530612244896,155,0.06326530612244897,127.512526606545,37.8276772111301,44,True,9,True,22,True,8,True,1
경기,가평군,북면,41820350,True,True,679,0.45774715694145557,0.016200294550810016,0.016200294550810016,0.0,0.010309278350515464,0.1487481590574374,0.005891016200294551,0.6362297496318114,0.005891016200294551,0.017673048600883652,0.14285714285714285,4,0.033873343151693665,127.518735202792,37.9028471749484,10,True,1,True,0,False,1,True,2
경기,가평군,상면,41820330,True,True,707,0.5908534895347077,0.04526166902404526,0.016973125884016973,0.002828854314002829,0.016973125884016973,0.19519094766619519,0.024045261669024046,0.4497878359264498,0.021216407355021217,0.015558698727015558,0.21216407355021216,17,0.014144271570014143,127.36056183854,37.7700406992862,13,True,1,True,0,False,6,True,2
경기,가평군,설악면,41820310,True,True,1107,0.7181123297559026,0.057813911472448055,0.044263775971093045,0.007226738934056007,0.03974706413730804,0.17434507678410116,0.03432700993676603,0.23667570009033423,0.04245709123757904,0.05058717253839205,0.31255645889792233,38,0.02077687443541102,127.491759529773,37.6762546863798,29,True,6,True,7,True,10,True,2
경기,가평군,조종면,41820345,True,True,849,0.7649503089773961,0.043580683156654886,0.03180212014134275,0.015312131919905771,0.03651354534746761,0.22143698468786807,0.07891637220259129,0.17314487632508835,0.023557126030624265,0.038869257950530034,0.336866902237927,67,0.02237926972909305,127.349510851878,37.8203905861174,20,True,3,True,12,True,4,True,2
경기,가평군,청평면,41820325,True,True,1268,0.7360169682808161,0.04022082018927445,0.032334384858044164,0.012618296529968454,0.03391167192429022,0.23501577287066247,0.0694006309148265,0.2200315457413249,0.018138801261829655,0.03391167192429022,0.30441640378548895,88,0.018138801261829655,127.41978558674,37.7351571893817,36,True,7,True,14,True,17,True,2
경기,양평군,강상면,41830310,False,True,468,0.840297886608794,0.10256410256410256,0.0811965811965812,0.00641025641025641,0.08974358974358974,0.24572649572649571,0.06196581196581197,0.10042735042735043,0.049145299145299144,0.021367521367521368,0.24145299145299146,29,0.027777777777777776,127.47837809872149,37.4824427592496,12,True,3,True,1,True,4,True,1
경기,양평군,강하면,41830320,False,True,312,0.7952857245074373,0.08333333333333333,0.038461538461538464,0.003205128205128205,0.09935897435897435,0.21474358974358973,0.038461538461538464,0.1955128205128205,0.035256410256410256,0.028846153846153848,0.26282051282051283,12,0.022435897435897436,127.4144104596925,37.4937423080814,4,True,1,True,0,False,2,True,2
경기,양평군,개군면,41830410,False,True,238,0.8339307041114153,0.08823529411764706,0.06722689075630252,0.004201680672268907,0.05042016806722689,0.18067226890756302,0.07983193277310924,0.0546218487394958,0.04201680672268908,0.058823529411764705,0.3739495798319328,19,0.012605042016806723,127.537718681084,37.432408920831804,7,True,1,True,1,True,4,True,1
경기,양평군,단월면,41830360,False,True,279,0.6932885222134381,0.043010752688172046,0.05734767025089606,0.0035842293906810036,0.043010752688172046,0.1863799283154122,0.05017921146953405,0.4050179211469534,0.021505376344086023,0.017921146953405017,0.17204301075268819,14,0.010752688172043012,127.663575994489,37.5783484832839,4,True,0,False,0,False,4,True,2
경기,양평군,서종면,41830350,False,True,917,0.7623628100100723,0.12540894220283533,0.07306434023991276,0.013086150490730643,0.07851690294438386,0.17884405670665213,0.03380588876772083,0.21264994547437296,0.018538713195201745,0.028353326063249727,0.23773173391494,31,0.006543075245365322,127.368792354452,37.6049205946762,10,True,3,True,9,True,3,True,2
경기,양평군,양동면,41830380,False,True,229,0.8026516426345446,0.06550218340611354,0.039301310043668124,0.008733624454148471,0.06550218340611354,0.2183406113537118,0.08296943231441048,0.22270742358078602,0.026200873362445413,0.03056768558951965,0.24017467248908297,19,0.013100436681222707,127.752974425088,37.4189744929871,4,True,1,True,2,True,3,True,2
경기,양평군,양서면,41830330,False,True,782,0.8206309232660616,0.1278772378516624,0.0639386189258312,0.015345268542199489,0.058823529411764705,0.2237851662404092,0.07289002557544758,0.03964194373401535,0.043478260869565216,0.029411764705882353,0.3248081841432225,57,0.015345268542199489,127.328301706717,37.5435990987206,16,True,7,True,8,True,6,True,1
경기,양평군,양평읍,41830250,False,True,2458,0.8483584768487321,0.09316517493897478,0.08991049633848658,0.028478437754271765,0.05573637103336045,0.23148901545972336,0.11472742066720912,0.023189585028478437,0.04109031733116355,0.03376729048006509,0.2884458909682669,282,0.0838079739625712,127.4934026186695,37.49101055286215,53,True,19,True,63,True,17,True,1
경기,양평군,옥천면,41830340,False,True,516,0.7897385920693057,0.07170542635658915,0.08139534883720931,0.007751937984496124,0.10465116279069768,0.17635658914728683,0.04844961240310078,0.13178294573643412,0.050387596899224806,0.027131782945736434,0.3003875968992248,25,0.04263565891472868,127.4610863828965,37.52301877369755,8,True,2,True,4,True,5,True,2
경기,양평군,용문면,41830400,False,True,1359,0.7974580089897921,0.047829286239882265,0.06181015452538632,0.016188373804267846,0.04341427520235467,0.21927888153053715,0.0875643855776306,0.12141280353200883,0.03164091243561442,0.037527593818984545,0.3333333333333333,119,0.054451802796173655,127.594245568512,37.4879588373921,26,True,10,True,19,True,9,True,1
경기,양평군,지평면,41830395,False,True,301,0.8680295171006542,0.11627906976744186,0.06312292358803986,0.009966777408637873,0.04983388704318937,0.21926910299003322,0.08305647840531562,0.09302325581395349,0.08970099667774087,0.03986710963455149,0.23588039867109634,25,0.013289036544850499,127.636604894739,37.4743591164496,6,True,1,True,3,True,3,True,0
경기,양평군,청운면,41830370,False,True,212,0.7914135443756728,0.09433962264150944,0.04716981132075472,0.009433962264150943,0.03773584905660377,0.2169811320754717,0.06132075471698113,0.25943396226415094,0.02358490566037736,0.0330188679245283,0.2169811320754717,13,0.014150943396226415,127.7282274965475,37.5534958890139,2,True,2,True,1,True,6,True,2
경기,연천군,군남면,41800310,True,True,149,0.8561696216336308,0.06711409395973154,0.026845637583892617,0.0,0.040268456375838924,0.30201342281879195,0.10738255033557047,0.06040268456375839,0.03355704697986577,0.040268456375838924,0.3221476510067114,16,0.006711409395973154,127.024385577209,38.058594647381,7,True,1,True,0,False,3,True,0
경기,연천군,미산면,41800340,True,True,112,0.7679256559166948,0.05357142857142857,0.0,0.008928571428571428,0.05357142857142857,0.23214285714285715,0.03571428571428571,0.3482142857142857,0.07142857142857142,0.017857142857142856,0.17857142857142858,4,0.05357142857142857,126.9738658680445,38.0266874331569,3,True,0,False,1,True,0,False,2
경기,연천군,백학면,41800330,True,True,146,0.823672089256508,0.0410958904109589,0.0,0.00684931506849315,0.06164383561643835,0.3013698630136986,0.0547945205479452,0.0547945205479452,0.0547945205479452,0.02054794520547945,0.4041095890410959,8,0.0273972602739726,126.9191288349005,38.0088859226958,4,True,2,True,1,True,3,True,0
경기,연천군,신서면,41800360,True,True,153,0.7635237084512108,0.0196078431372549,0.0196078431372549,0.0,0.026143790849673203,0.2679738562091503,0.032679738562091505,0.10457516339869281,0.032679738562091505,0.013071895424836602,0.48366013071895425,5,0.0,127.107634527059,38.1852246116862,2,True,1,True,0,False,2,True,2
경기,연천군,연천읍,41800250,True,True,423,0.8142534442842804,0.07328605200945626,0.02364066193853428,0.014184397163120567,0.054373522458628844,0.23404255319148937,0.1016548463356974,0.02364066193853428,0.054373522458628844,0.03546099290780142,0.38534278959810875,43,0.014184397163120567,127.07555487268,38.0999964595578,9,True,5,True,6,True,3,True,1
경기,연천군,왕징면,41800350,True,True,43,0.797141717403515,0.023255813953488372,0.0,0.023255813953488372,0.023255813953488372,0.09302325581395349,0.023255813953488372,0.11627906976744186,0.46511627906976744,0.046511627906976744,0.18604651162790697,1,0.0,127.003693640249,38.0697940858634,0,False,0,False,1,True,0,False,0
경기,연천군,장남면,41800380,True,True,43,0.8588310090174288,0.046511627906976744,0.06976744186046512,0.0,0.06976744186046512,0.3023255813953488,0.0,0.2558139534883721,0.023255813953488372,0.023255813953488372,0.20930232558139536,0,0.0,126.879191233814,37.9879902854299,2,True,0,False,0,False,0,False,2
경기,연천군,전곡읍,41800253,True,True,1386,0.8232366013742903,0.04184704184704185,0.047619047619047616,0.021645021645021644,0.02886002886002886,0.26551226551226553,0.1111111111111111,0.03535353535353535,0.050505050505050504,0.046897546897546896,0.35064935064935066,154,0.08080808080808081,127.06846782661151,38.026062622524194,30,True,13,True,28,True,10,True,1
경기,연천군,중면,41800370,True,True,18,0.8859142421682964,0.0,0.0,0.0,0.0,0.16666666666666666,0.0,0.2777777777777778,0.1111111111111111,0.1111111111111111,0.3333333333333333,0,0.0,127.023781679695,38.132260779138605,0,False,0,False,0,False,0,False,2
경기,연천군,청산면,41800320,True,True,217,0.7963187464130469,0.06451612903225806,0.013824884792626729,0.004608294930875576,0.041474654377880185,0.30414746543778803,0.06912442396313365,0.06912442396313365,0.055299539170506916,0.018433179723502304,0.35944700460829493,15,0.013824884792626729,127.093207876123,38.019357321424,10,True,2,True,1,True,8,True,0
경남,거창군,가북면,48880410,True,True,28,0.8495725399199703,0.03571428571428571,0.0,0.0,0.0,0.32142857142857145,0.07142857142857142,0.35714285714285715,0.0,0.0,0.21428571428571427,2,0.0,127.99362722223401,35.762628704630146,0,False,0,False,0,False,1,True,2
경남,거창군,가조면,48880400,True,True,226,0.7718409818092398,0.008849557522123894,0.02654867256637168,0.004424778761061947,0.01327433628318584,0.22123893805309736,0.084070796460177,0.11061946902654868,0.017699115044247787,0.035398230088495575,0.4778761061946903,19,0.030973451327433628,128.016458065167,35.7098453939693,6,True,1,True,1,True,2,True,2
경남,거창군,거창읍,48880250,True,True,2617,0.7961076697517944,0.055024837600305694,0.060374474589224306,0.005349636988918609,0.015666794038975928,0.28353076041268627,0.14864348490638135,0.015666794038975928,0.026748184944593044,0.030569354222392053,0.3584256782575468,389,0.027894535727932747,127.912377683045,35.6868161738254,46,True,30,True,7,True,15,True,1
경남,거창군,고제면,48880330,True,True,42,0.8007366853444844,0.047619047619047616,0.023809523809523808,0.0,0.0,0.47619047619047616,0.07142857142857142,0.047619047619047616,0.0,0.0,0.3333333333333333,3,0.0,127.87220854726249,35.8498036132447,0,False,0,False,0,False,0,False,0
경남,거창군,남상면,48880370,True,True,44,0.9306177726693515,0.022727272727272728,0.045454545454545456,0.0,0.0,0.2727272727272727,0.06818181818181818,0.045454545454545456,0.022727272727272728,0.06818181818181818,0.45454545454545453,3,0.06818181818181818,127.930543836329,35.653248007574604,1,True,0,False,0,False,0,False,0
경남,거창군,남하면,48880380,True,True,34,0.9142561231193211,0.058823529411764705,0.11764705882352941,0.0,0.0,0.2647058823529412,0.0,0.11764705882352941,0.058823529411764705,0.08823529411764706,0.29411764705882354,0,0.029411764705882353,127.96403296301699,35.648735384766496,0,False,0,False,0,False,1,True,0
경남,거창군,마리면,48880360,True,True,67,0.7861381327372953,0.0,0.014925373134328358,0.0,0.014925373134328358,0.26865671641791045,0.029850746268656716,0.07462686567164178,0.014925373134328358,0.0,0.582089552238806,2,0.014925373134328358,127.856285318922,35.6990967795471,1,True,0,False,0,False,1,True,2
경남,거창군,북상면,48880340,True,True,104,0.6768385971653816,0.019230769230769232,0.038461538461538464,0.0,0.0,0.15384615384615385,0.028846153846153848,0.4519230769230769,0.019230769230769232,0.038461538461538464,0.25,3,0.0,127.7778884987855,35.7748510166551,0,False,0,False,0,False,0,False,2
경남,거창군,신원면,48880390,True,True,25,0.8431561525810787,0.0,0.0,0.0,0.0,0.24,0.04,0.08,0.0,0.04,0.6,1,0.04,127.925712829469,35.5678866542482,0,False,0,False,0,False,1,True,2
경남,거창군,웅양면,48880320,True,True,49,0.8817194889686075,0.0,0.04081632653061224,0.0,0.0,0.40816326530612246,0.04081632653061224,0.16326530612244897,0.02040816326530612,0.04081632653061224,0.2857142857142857,2,0.0,127.918061253093,35.8061720718858,1,True,0,False,0,False,1,True,0
경남,거창군,위천면,48880350,True,True,115,0.7883676468309592,0.017391304347826087,0.043478260869565216,0.0,0.0,0.19130434782608696,0.034782608695652174,0.20869565217391303,0.034782608695652174,0.06086956521739131,0.40869565217391307,4,0.017391304347826087,127.832252309669,35.7523392925003,2,True,1,True,0,False,1,True,2
경남,거창군,주상면,48880310,True,True,27,0.85050846914312,0.0,0.0,0.0,0.0,0.5925925925925926,0.0,0.037037037037037035,0.0,0.0,0.37037037037037035,0,0.0,127.914582169402,35.7584401538256,0,False,0,False,0,False,4,True,0
경남,고성군,개천면,48820380,True,True,22,0.9254322758742487,0.045454545454545456,0.045454545454545456,0.0,0.0,0.36363636363636365,0.0,0.13636363636363635,0.09090909090909091,0.045454545454545456,0.2727272727272727,0,0.0,128.273120691165,35.09333538986035,0,False,0,False,0,False,1,True,0
경남,고성군,거류면,48820430,True,True,145,0.8064665817428152,0.034482758620689655,0.027586206896551724,0.013793103448275862,0.020689655172413793,0.1724137931034483,0.09655172413793103,0.027586206896551724,0.041379310344827586,0.020689655172413793,0.5448275862068965,14,0.013793103448275862,128.404494978511,34.988922787171,3,True,1,True,1,True,2,True,2
경남,고성군,고성읍,48820250,True,True,1642,0.7850580454256855,0.05602923264311815,0.031668696711327646,0.004263093788063338,0.020706455542021926,0.2679658952496955,0.12362971985383678,0.031668696711327646,0.034713763702801465,0.024360535931790498,0.4049939098660171,203,0.0828258221680877,128.3248375388,34.97526403465745,24,True,12,True,4,True,14,True,1
경남,고성군,구만면,48820390,True,True,15,0.9782223928152853,0.2,0.06666666666666667,0.0,0.0,0.2,0.13333333333333333,0.06666666666666667,0.13333333333333333,0.0,0.2,2,0.0,128.336140158385,35.0885948604311,0,False,0,False,0,False,0,False,0
경남,고성군,대가면,48820350,True,True,36,0.9319524520210392,0.08333333333333333,0.0,0.0,0.0,0.4444444444444444,0.027777777777777776,0.19444444444444445,0.0,0.0,0.25,1,0.027777777777777776,128.2901663884325,35.02432851462085,0,False,0,False,0,False,2,True,0
경남,고성군,동해면,48820420,True,True,137,0.7915375277852295,0.021897810218978103,0.0072992700729927005,0.0,0.058394160583941604,0.22627737226277372,0.043795620437956206,0.16058394160583941,0.08029197080291971,0.014598540145985401,0.38686131386861317,6,0.021897810218978103,128.460768584469,35.0494183905558,6,True,0,False,0,False,1,True,2
경남,고성군,마암면,48820410,True,True,47,0.8723848399108186,0.02127659574468085,0.0,0.0,0.02127659574468085,0.425531914893617,0.0425531914893617,0.10638297872340426,0.0425531914893617,0.0,0.3404255319148936,2,0.02127659574468085,128.356140185409,35.0393922782319,2,True,0,False,0,False,5,True,0
경남,고성군,삼산면,48820310,True,True,50,0.7725276155750014,0.06,0.0,0.0,0.0,0.16,0.02,0.16,0.0,0.1,0.5,1,0.0,128.2921225335865,34.937661362586454,0,False,0,False,0,False,1,True,2
경남,고성군,상리면,48820340,True,True,80,0.8445671899697008,0.0625,0.0,0.0,0.025,0.2375,0.1125,0.15,0.0375,0.025,0.35,9,0.0,128.20644045138852,34.9895972546835,2,True,0,False,0,False,5,True,0
경남,고성군,영오면,48820370,True,True,48,0.9207867116579915,0.020833333333333332,0.020833333333333332,0.0,0.041666666666666664,0.3541666666666667,0.10416666666666667,0.125,0.0,0.041666666666666664,0.2916666666666667,5,0.020833333333333332,128.2070418241835,35.0994633116817,1,True,2,True,0,False,1,True,0
경남,고성군,영현면,48820360,True,True,14,0.9311066102039657,0.0,0.07142857142857142,0.0,0.0,0.21428571428571427,0.07142857142857142,0.07142857142857142,0.0,0.07142857142857142,0.5,1,0.0,128.2084856108865,35.0541628192871,0,False,0,False,0,False,0,False,0
경남,고성군,하이면,48820330,True,True,122,0.7974094681148876,0.02459016393442623,0.00819672131147541,0.0,0.02459016393442623,0.26229508196721313,0.0,0.16393442622950818,0.08196721311475409,0.00819672131147541,0.4262295081967213,0,0.00819672131147541,128.1262843786095,34.92746137710135,5,True,0,False,0,False,3,True,2
경남,고성군,하일면,48820320,True,True,47,0.8407908414231156,0.02127659574468085,0.0425531914893617,0.0,0.0,0.2553191489361702,0.0425531914893617,0.2765957446808511,0.0425531914893617,0.1276595744680851,0.19148936170212766,2,0.0,128.194899430524,34.931314796584,1,True,0,False,0,False,0,False,2
경남,고성군,회화면,48820400,True,True,274,0.7910067447792091,0.032846715328467155,0.025547445255474453,0.0,0.014598540145985401,0.22262773722627738,0.10583941605839416,0.09854014598540146,0.025547445255474453,0.025547445255474453,0.4489051094890511,29,0.040145985401459854,128.37065818131651,35.05693094996265,5,True,3,True,0,False,1,True,1
경남,남해군,고현면,48840370,True,True,86,0.8767238884162175,0.03488372093023256,0.0,0.011627906976744186,0.03488372093023256,0.32558139534883723,0.13953488372093023,0.09302325581395349,0.046511627906976744,0.023255813953488372,0.29069767441860467,12,0.011627906976744186,127.8730558555705,34.8960869895134,2,True,0,False,1,True,1,True,0
경남,남해군,남면,48840350,True,True,369,0.5437724922037943,0.005420054200542005,0.013550135501355014,0.0,0.0027100271002710027,0.14634146341463414,0.016260162601626018,0.5528455284552846,0.008130081300813009,0.01084010840108401,0.24390243902439024,6,0.018970189701897018,127.884027122312,34.7528736002355,8,True,1,True,0,False,0,False,2
경남,남해군,남해읍,48840250,True,True,1097,0.8108790490508413,0.06472196900638104,0.03190519598906107,0.007292616226071103,0.01276207839562443,0.2689152233363719,0.14038286235186873,0.020966271649954422,0.03372835004557885,0.037374658158614404,0.381950774840474,154,0.08933454876937101,127.894489995584,34.8384186768797,15,True,11,True,6,True,7,True,1
경남,남해군,미조면,48840340,True,True,286,0.6618844182040716,0.013986013986013986,0.006993006993006993,0.006993006993006993,0.0034965034965034965,0.15734265734265734,0.05244755244755245,0.3146853146853147,0.02097902097902098,0.027972027972027972,0.3951048951048951,15,0.006993006993006993,128.04611894373602,34.7123813388199,5,True,1,True,2,True,1,True,2
경남,남해군,삼동면,48840330,True,True,467,0.659711778648679,0.019271948608137045,0.014989293361884369,0.0,0.01284796573875803,0.19271948608137046,0.019271948608137045,0.3297644539614561,0.01284796573875803,0.021413276231263382,0.37687366167023556,9,0.021413276231263382,128.037743372041,34.8056777049613,10,True,2,True,0,False,4,True,2
경남,남해군,상주면,48840320,True,True,176,0.6780881243203966,0.022727272727272728,0.03409090909090909,0.005681818181818182,0.017045454545454544,0.1534090909090909,0.03977272727272727,0.38636363636363635,0.022727272727272728,0.03409090909090909,0.2840909090909091,7,0.0,127.98586279187799,34.7225040045478,4,True,0,False,1,True,1,True,2
경남,남해군,서면,48840360,True,True,158,0.6870869629075026,0.02531645569620253,0.006329113924050633,0.0,0.03164556962025317,0.22151898734177214,0.02531645569620253,0.4177215189873418,0.006329113924050633,0.012658227848101266,0.25316455696202533,4,0.03164556962025317,127.83096687265751,34.8151314882728,1,True,0,False,0,False,1,True,2
경남,남해군,설천면,48840380,True,True,126,0.742233583738142,0.0,0.0,0.0,0.0,0.2619047619047619,0.031746031746031744,0.2777777777777778,0.031746031746031744,0.031746031746031744,0.36507936507936506,4,0.015873015873015872,127.902260529028,34.9300186697952,2,True,0,False,0,False,2,True,2
경남,남해군,이동면,48840310,True,True,215,0.7485294957042017,0.027906976744186046,0.027906976744186046,0.004651162790697674,0.018604651162790697,0.2744186046511628,0.05581395348837209,0.3209302325581395,0.018604651162790697,0.004651162790697674,0.24651162790697675,12,0.04186046511627907,127.9484281404,34.7874697387282,9,True,3,True,0,False,3,True,2
경남,남해군,창선면,48840390,True,True,340,0.6823608280488739,0.014705882352941176,0.0029411764705882353,0.0,0.041176470588235294,0.19705882352941176,0.047058823529411764,0.36470588235294116,0.01764705882352941,0.03235294117647059,0.2823529411764706,16,0.008823529411764706,128.0133696463385,34.8721078817095,9,True,2,True,0,False,1,True,2
경남,밀양시,가곡동,48270540,True,False,270,0.799115412240536,0.025925925925925925,0.037037037037037035,0.011111111111111112,0.02962962962962963,0.22592592592592592,0.11851851851851852,0.03333333333333333,0.044444444444444446,0.018518518518518517,0.45555555555555555,32,0.05555555555555555,128.766901110417,35.4750905475159,11,True,2,True,1,True,0,False,1
경남,밀양시,교동,48270550,True,False,143,0.8767574447627665,0.055944055944055944,0.027972027972027972,0.0,0.11188811188811189,0.2097902097902098,0.18181818181818182,0.027972027972027972,0.08391608391608392,0.03496503496503497,0.26573426573426573,26,0.006993006993006993,128.754214031354,35.5041486560433,4,True,0,False,0,False,4,True,0
경남,밀양시,내이동,48270520,True,False,1389,0.8012791880774088,0.1079913606911447,0.018718502519798418,0.007919366450683946,0.04103671706263499,0.21166306695464362,0.14974802015838734,0.01079913606911447,0.037437005039596835,0.03095752339812815,0.38372930165586755,208,0.0734341252699784,128.745466306431,35.4990003769172,24,True,14,True,6,True,5,True,1
경남,밀양시,내일동,48270510,True,False,466,0.7698512710256858,0.019313304721030045,0.015021459227467811,0.012875536480686695,0.01072961373390558,0.4978540772532189,0.13733905579399142,0.019313304721030045,0.017167381974248927,0.012875536480686695,0.2575107296137339,64,0.06437768240343347,128.752691731098,35.4930611493154,4,True,4,True,4,True,1,True,1
경남,밀양시,단장면,48270350,True,False,437,0.5912069959169969,0.02745995423340961,0.009153318077803204,0.004576659038901602,0.02288329519450801,0.13958810068649885,0.009153318077803204,0.42105263157894735,0.009153318077803204,0.016018306636155607,0.34096109839816935,4,0.013729977116704805,128.912587905821,35.5159334982776,6,True,0,False,1,True,0,False,2
경남,밀양시,무안면,48270380,True,False,191,0.8253021825077033,0.010471204188481676,0.02617801047120419,0.0,0.041884816753926704,0.28272251308900526,0.12041884816753927,0.04712041884816754,0.015706806282722512,0.015706806282722512,0.4397905759162304,23,0.02617801047120419,128.65126937651,35.469654539168,5,True,2,True,0,False,8,True,1
경남,밀양시,부북면,48270310,True,False,216,0.8306988424121315,0.06018518518518518,0.032407407407407406,0.004629629629629629,0.023148148148148147,0.2222222222222222,0.11574074074074074,0.12037037037037036,0.018518518518518517,0.046296296296296294,0.35648148148148145,25,0.018518518518518517,128.727309812897,35.5113396114972,6,True,0,False,0,False,4,True,1
경남,밀양시,산내면,48270340,True,False,243,0.6831907634360327,0.00411522633744856,0.01646090534979424,0.00411522633744856,0.01646090534979424,0.42386831275720166,0.053497942386831275,0.21810699588477367,0.00823045267489712,0.0205761316872428,0.2345679012345679,13,0.012345679012345678,128.917421527126,35.586301179497,2,True,1,True,1,True,6,True,2
경남,밀양시,산외면,48270330,True,False,168,0.7668054096821866,0.02976190476190476,0.017857142857142856,0.0,0.06547619047619048,0.25,0.02976190476190476,0.1488095238095238,0.041666666666666664,0.005952380952380952,0.4107142857142857,5,0.017857142857142856,128.81511531409149,35.511094705721,3,True,0,False,0,False,5,True,2
경남,밀양시,삼랑진읍,48270250,True,False,378,0.7551250670235744,0.023809523809523808,0.015873015873015872,0.005291005291005291,0.05555555555555555,0.24867724867724866,0.0873015873015873,0.07936507936507936,0.021164021164021163,0.013227513227513227,0.4497354497354497,33,0.023809523809523808,128.838814131928,35.40062179235535,11,True,4,True,1,True,5,True,2
경남,밀양시,삼문동,48270530,True,False,1037,0.7556934005726111,0.024108003857280617,0.07328833172613308,0.013500482160077145,0.024108003857280617,0.17357762777242045,0.1562198649951784,0.009643201542912247,0.020250723240115717,0.05689488910318226,0.4484088717454195,162,0.08678881388621022,128.750468438361,35.4840640488964,18,True,13,True,11,True,6,True,1
경남,밀양시,상남면,48270360,True,False,248,0.8082052833689309,0.016129032258064516,0.028225806451612902,0.004032258064516129,0.04838709677419355,0.31048387096774194,0.13306451612903225,0.020161290322580645,0.06451612903225806,0.016129032258064516,0.3588709677419355,33,0.056451612903225805,128.7588919612455,35.4606469302752,6,True,1,True,0,False,12,True,1
경남,밀양시,상동면,48270320,True,False,110,0.7982901515207929,0.07272727272727272,0.01818181818181818,0.0,0.05454545454545454,0.22727272727272727,0.02727272727272727,0.24545454545454545,0.045454545454545456,0.01818181818181818,0.2909090909090909,3,0.02727272727272727,128.765866900898,35.55499333786595,0,False,0,False,0,False,2,True,2
경남,밀양시,청도면,48270390,True,False,46,0.9049193807774987,0.06521739130434782,0.0,0.0,0.021739130434782608,0.34782608695652173,0.06521739130434782,0.10869565217391304,0.021739130434782608,0.021739130434782608,0.34782608695652173,3,0.06521739130434782,128.6256594641375,35.54868721793015,1,True,0,False,0,False,2,True,0
경남,밀양시,초동면,48270370,True,False,82,0.878040341777736,0.036585365853658534,0.012195121951219513,0.0,0.07317073170731707,0.2804878048780488,0.07317073170731707,0.10975609756097561,0.06097560975609756,0.024390243902439025,0.32926829268292684,6,0.012195121951219513,128.6887812037165,35.41201753583345,0,False,0,False,0,False,2,True,0
경남,밀양시,하남읍,48270253,True,False,399,0.7940775463344087,0.022556390977443608,0.007518796992481203,0.002506265664160401,0.03258145363408521,0.2506265664160401,0.13784461152882205,0.012531328320802004,0.02756892230576441,0.03759398496240601,0.46867167919799496,55,0.03258145363408521,128.710343991602,35.3748231388849,4,True,5,True,1,True,5,True,1
경남,산청군,금서면,48860340,True,True,147,0.7599611503410447,0.047619047619047616,0.013605442176870748,0.02040816326530612,0.0,0.21768707482993196,0.04081632653061224,0.21768707482993196,0.02040816326530612,0.013605442176870748,0.40816326530612246,6,0.013605442176870748,127.830244146917,35.4364502587953,2,True,0,False,2,True,1,True,2
경남,산청군,단성면,48860370,True,True,267,0.7646076312529123,0.033707865168539325,0.026217228464419477,0.00749063670411985,0.026217228464419477,0.2696629213483146,0.0599250936329588,0.2209737827715356,0.0299625468164794,0.0299625468164794,0.2958801498127341,16,0.018726591760299626,127.930232639726,35.2976603398597,2,True,2,True,2,True,4,True,2
경남,산청군,산청읍,48860250,True,True,515,0.8301526872977139,0.07766990291262135,0.02912621359223301,0.005825242718446602,0.013592233009708738,0.258252427184466,0.0970873786407767,0.07766990291262135,0.027184466019417475,0.06019417475728155,0.3533980582524272,50,0.021359223300970873,127.876573830977,35.4150075653133,6,True,8,True,2,True,9,True,1
경남,산청군,삼장면,48860350,True,True,93,0.679368615087586,0.03225806451612903,0.0,0.0,0.0,0.27956989247311825,0.010752688172043012,0.3655913978494624,0.021505376344086023,0.021505376344086023,0.26881720430107525,1,0.0,127.8262753145,35.3376872047554,0,False,0,False,0,False,1,True,2
경남,산청군,생비량면,48860390,True,True,32,0.8932643345646546,0.0,0.0,0.0,0.03125,0.375,0.03125,0.25,0.0,0.0625,0.25,1,0.0,128.0639759441425,35.346550013564,0,False,0,False,0,False,2,True,0
경남,산청군,생초면,48860330,True,True,106,0.8089733823555645,0.009433962264150943,0.02830188679245283,0.0,0.0,0.2641509433962264,0.02830188679245283,0.0660377358490566,0.018867924528301886,0.02830188679245283,0.5566037735849056,3,0.009433962264150943,127.83545397034851,35.4928060281222,1,True,1,True,0,False,3,True,2
경남,산청군,시천면,48860360,True,True,368,0.694398376575194,0.019021739130434784,0.019021739130434784,0.0,0.021739130434782608,0.24456521739130435,0.04619565217391304,0.24728260869565216,0.021739130434782608,0.019021739130434784,0.36141304347826086,17,0.0,127.827908363964,35.276968342449706,3,True,3,True,0,False,3,True,2
경남,산청군,신등면,48860400,True,True,58,0.8740318272266868,0.017241379310344827,0.05172413793103448,0.017241379310344827,0.0,0.3103448275862069,0.05172413793103448,0.10344827586206896,0.034482758620689655,0.0,0.41379310344827586,3,0.0,128.0109320808395,35.3795919752271,0,False,0,False,1,True,0,False,0
경남,산청군,신안면,48860380,True,True,397,0.8218159002186645,0.03526448362720403,0.027707808564231738,0.007556675062972292,0.04030226700251889,0.2367758186397985,0.09571788413098237,0.06801007556675064,0.037783375314861464,0.060453400503778336,0.3904282115869018,38,0.027707808564231738,127.972253346466,35.3029698580129,6,True,4,True,3,True,5,True,1
경남,산청군,오부면,48860320,True,True,16,0.9796133097990339,0.0625,0.0625,0.0,0.0,0.625,0.0625,0.0625,0.0,0.0,0.125,1,0.0,127.874869477495,35.470412611936396,0,False,0,False,0,False,2,True,0
경남,산청군,차황면,48860310,True,True,41,0.9010324193744554,0.04878048780487805,0.024390243902439025,0.0,0.0,0.2682926829268293,0.04878048780487805,0.12195121951219512,0.04878048780487805,0.024390243902439025,0.4146341463414634,2,0.0,127.933103259966,35.4650592828158,0,False,0,False,0,False,1,True,0
경남,의령군,가례면,48720310,True,True,42,0.8813745486826488,0.023809523809523808,0.09523809523809523,0.0,0.0,0.2857142857142857,0.023809523809523808,0.09523809523809523,0.0,0.09523809523809523,0.38095238095238093,1,0.0,128.22833118777402,35.3345121141205,0,False,0,False,0,False,1,True,2
경남,의령군,궁류면,48720415,True,True,21,0.8890420181274397,0.09523809523809523,0.0,0.0,0.0,0.23809523809523808,0.047619047619047616,0.14285714285714285,0.0,0.0,0.47619047619047616,1,0.0,128.248016842202,35.4377972066121,0,False,0,False,0,False,0,False,0
경남,의령군,낙서면,48720380,True,True,5,0.9609640474436812,0.2,0.0,0.0,0.0,0.2,0.0,0.4,0.0,0.0,0.2,0,0.0,128.379113092369,35.4806951505509,0,False,0,False,0,False,0,False,0
경남,의령군,대의면,48720330,True,True,31,0.8485541106264924,0.0,0.03225806451612903,0.0,0.03225806451612903,0.3548387096774194,0.06451612903225806,0.06451612903225806,0.0,0.03225806451612903,0.41935483870967744,2,0.0,128.107120624351,35.3714676903472,0,False,0,False,0,False,2,True,0
경남,의령군,봉수면,48720400,True,True,13,0.9575261403463023,0.0,0.07692307692307693,0.0,0.07692307692307693,0.23076923076923078,0.07692307692307693,0.0,0.15384615384615385,0.0,0.38461538461538464,1,0.0,128.236411591954,35.4786932720648,0,False,0,False,0,False,1,True,0
경남,의령군,부림면,48720390,True,True,180,0.793888926631703,0.011111111111111112,0.0,0.005555555555555556,0.011111111111111112,0.24444444444444444,0.11666666666666667,0.022222222222222223,0.016666666666666666,0.011111111111111112,0.5611111111111111,21,0.011111111111111112,128.324473247588,35.4668093983984,2,True,2,True,0,False,3,True,2
경남,의령군,용덕면,48720350,True,True,18,0.9654072281757701,0.0,0.16666666666666666,0.0,0.0,0.3333333333333333,0.05555555555555555,0.0,0.05555555555555555,0.05555555555555555,0.3333333333333333,1,0.2222222222222222,128.2938936149475,35.34421768010475,0,False,0,False,0,False,2,True,1
경남,의령군,유곡면,48720420,True,True,21,0.8526857879362782,0.047619047619047616,0.0,0.0,0.0,0.23809523809523808,0.0,0.047619047619047616,0.0,0.0,0.6666666666666666,0,0.047619047619047616,128.314025118829,35.4307857276672,0,False,0,False,0,False,1,True,2
경남,의령군,의령읍,48720250,True,True,664,0.8113969145586966,0.07228915662650602,0.015060240963855422,0.007530120481927711,0.025602409638554216,0.23042168674698796,0.1144578313253012,0.0286144578313253,0.04066265060240964,0.03313253012048193,0.4322289156626506,76,0.02108433734939759,128.2614781594275,35.31931360424885,11,True,8,True,2,True,5,True,1
경남,의령군,정곡면,48720360,True,True,25,0.8796218069189785,0.04,0.0,0.0,0.04,0.24,0.04,0.04,0.0,0.0,0.6,1,0.0,128.325014755059,35.3802809473309,0,False,0,False,0,False,2,True,2
경남,의령군,지정면,48720370,True,True,19,0.8680942054123214,0.05263157894736842,0.0,0.0,0.0,0.15789473684210525,0.10526315789473684,0.10526315789473684,0.05263157894736842,0.05263157894736842,0.47368421052631576,2,0.0,128.401759284027,35.3645659290189,0,False,0,False,0,False,0,False,0
경남,의령군,칠곡면,48720320,True,True,30,0.8028546464376162,0.0,0.06666666666666667,0.0,0.03333333333333333,0.2,0.0,0.06666666666666667,0.0,0.1,0.5333333333333333,0,0.0,128.194090299803,35.3481758564604,0,False,0,False,0,False,0,False,2
경남,의령군,화정면,48720340,True,True,18,0.9363092770900606,0.0,0.05555555555555555,0.0,0.0,0.3333333333333333,0.05555555555555555,0.05555555555555555,0.05555555555555555,0.16666666666666666,0.2777777777777778,1,0.0,128.2423735382465,35.26484815691265,0,False,0,False,0,False,0,False,0
경남,창녕군,계성면,48740370,True,True,109,0.817379379044365,0.01834862385321101,0.01834862385321101,0.0,0.05504587155963303,0.1834862385321101,0.05504587155963303,0.10091743119266056,0.05504587155963303,0.045871559633027525,0.46788990825688076,6,0.027522935779816515,128.511605784333,35.484868507343,4,True,0,False,0,False,2,True,2
경남,창녕군,고암면,48740310,True,True,46,0.8737720120281744,0.06521739130434782,0.06521739130434782,0.0,0.0,0.30434782608695654,0.06521739130434782,0.06521739130434782,0.021739130434782608,0.021739130434782608,0.391304347826087,3,0.0,128.512523658656,35.574073943589255,0,False,0,False,0,False,1,True,0
경남,창녕군,길곡면,48740410,True,True,29,0.9428592573652815,0.06896551724137931,0.034482758620689655,0.0,0.06896551724137931,0.3793103448275862,0.06896551724137931,0.06896551724137931,0.0,0.0,0.3103448275862069,2,0.034482758620689655,128.570375341673,35.3874634808995,0,False,0,False,0,False,1,True,0
경남,창녕군,남지읍,48740253,True,True,705,0.7824234501619676,0.024113475177304965,0.018439716312056736,0.0028368794326241137,0.03971631205673759,0.23829787234042554,0.11631205673758865,0.019858156028368795,0.0425531914893617,0.03687943262411347,0.46099290780141844,82,0.09078014184397164,128.47817038275,35.3902770923331,14,True,5,True,1,True,8,True,1
경남,창녕군,대지면,48740360,True,True,88,0.8958341745924554,0.03409090909090909,0.03409090909090909,0.011363636363636364,0.011363636363636364,0.36363636363636365,0.09090909090909091,0.03409090909090909,0.06818181818181818,0.03409090909090909,0.3181818181818182,8,0.045454545454545456,128.47866601905451,35.5548494031401,2,True,1,True,0,False,1,True,0
경남,창녕군,대합면,48740330,True,True,189,0.7943706037479782,0.05291005291005291,0.015873015873015872,0.0,0.031746031746031744,0.20634920634920634,0.05291005291005291,0.042328042328042326,0.031746031746031744,0.037037037037037035,0.5291005291005291,10,0.021164021164021163,128.470716828286,35.6133032531114,3,True,2,True,0,False,4,True,2
경남,창녕군,도천면,48740400,True,True,78,0.8516753485878662,0.0641025641025641,0.0,0.0,0.02564102564102564,0.3717948717948718,0.10256410256410256,0.038461538461538464,0.038461538461538464,0.01282051282051282,0.34615384615384615,8,0.038461538461538464,128.51873549267498,35.434183056324954,3,True,0,False,0,False,8,True,0
경남,창녕군,부곡면,48740420,True,True,281,0.7660262562434389,0.0035587188612099642,0.014234875444839857,0.010676156583629894,0.017793594306049824,0.20640569395017794,0.07473309608540925,0.11387900355871886,0.03202846975088968,0.010676156583629894,0.5160142348754448,21,0.05693950177935943,128.590309999011,35.4381781294097,9,True,2,True,0,False,6,True,2
경남,창녕군,성산면,48740320,True,True,53,0.9061976147087466,0.05660377358490566,0.05660377358490566,0.0,0.05660377358490566,0.2641509433962264,0.07547169811320754,0.1320754716981132,0.0,0.03773584905660377,0.32075471698113206,4,0.0,128.474484918263,35.6287373823194,0,False,0,False,0,False,2,True,0
경남,창녕군,영산면,48740380,True,True,343,0.7831433060346011,0.01749271137026239,0.011661807580174927,0.014577259475218658,0.037900874635568516,0.2478134110787172,0.12244897959183673,0.037900874635568516,0.026239067055393587,0.011661807580174927,0.47230320699708456,42,0.02040816326530612,128.528383227333,35.4560564255735,5,True,4,True,3,True,2,True,1
경남,창녕군,유어면,48740350,True,True,43,0.9143113854196341,0.0,0.023255813953488372,0.0,0.0,0.37209302325581395,0.09302325581395349,0.046511627906976744,0.023255813953488372,0.046511627906976744,0.3953488372093023,4,0.023255813953488372,128.416085302831,35.5113578913091,0,False,0,False,0,False,2,True,0
경남,창녕군,이방면,48740340,True,True,104,0.822441789755186,0.009615384615384616,0.0,0.0,0.028846153846153848,0.2692307692307692,0.0673076923076923,0.04807692307692308,0.009615384615384616,0.028846153846153848,0.5384615384615384,7,0.009615384615384616,128.38266597852748,35.600731376618455,2,True,2,True,0,False,2,True,2
경남,창녕군,장마면,48740390,True,True,15,0.9641843565827053,0.0,0.0,0.0,0.06666666666666667,0.4666666666666667,0.06666666666666667,0.0,0.0,0.06666666666666667,0.3333333333333333,1,0.0,128.475128461543,35.4593374761744,0,False,0,False,0,False,1,True,0
경남,창녕군,창녕읍,48740250,True,True,1094,0.8078240897276474,0.06946983546617916,0.031078610603290677,0.010968921389396709,0.02376599634369287,0.27879341864716634,0.13528336380255943,0.015539305301645339,0.044789762340036565,0.03016453382084095,0.360146252285192,148,0.10146252285191956,128.497151654521,35.540521765032,17,True,14,True,7,True,9,True,1
경남,하동군,고전면,48850350,True,True,80,0.7950747880738089,0.05,0.0,0.0,0.05,0.2625,0.025,0.125,0.0375,0.0375,0.4125,2,0.0125,127.8036561897665,35.0069096831142,0,False,0,False,0,False,0,False,2
경남,하동군,금남면,48850360,True,True,234,0.7763919275790075,0.029914529914529916,0.01282051282051282,0.004273504273504274,0.05982905982905983,0.2777777777777778,0.05555555555555555,0.09401709401709402,0.017094017094017096,0.042735042735042736,0.405982905982906,13,0.03418803418803419,127.8367491689365,34.98308776088005,9,True,1,True,0,False,7,True,2
경남,하동군,금성면,48850420,True,True,92,0.8661118779466958,0.03260869565217391,0.0,0.0,0.06521739130434782,0.2717391304347826,0.14130434782608695,0.021739130434782608,0.06521739130434782,0.010869565217391304,0.391304347826087,13,0.010869565217391304,127.7922143636805,34.96397675015275,2,True,0,False,0,False,4,True,0
경남,하동군,북천면,48850390,True,True,53,0.9033875472309111,0.03773584905660377,0.018867924528301886,0.03773584905660377,0.07547169811320754,0.24528301886792453,0.07547169811320754,0.05660377358490566,0.018867924528301886,0.05660377358490566,0.37735849056603776,4,0.0,127.891898237693,35.1147169664095,0,False,0,False,0,False,1,True,0
경남,하동군,악양면,48850320,True,True,227,0.7809512939704366,0.030837004405286344,0.048458149779735685,0.0,0.01762114537444934,0.36123348017621143,0.04405286343612335,0.15859030837004406,0.030837004405286344,0.02643171806167401,0.28193832599118945,10,0.00881057268722467,127.70555048817,35.157601024982,1,True,0,False,0,False,1,True,2
경남,하동군,양보면,48850380,True,True,36,0.9341632067427487,0.05555555555555555,0.1388888888888889,0.0,0.0,0.25,0.1111111111111111,0.1388888888888889,0.08333333333333333,0.0,0.2222222222222222,4,0.0,127.84509802813801,35.061497595428904,0,False,0,False,0,False,1,True,0
경남,하동군,옥종면,48850410,True,True,162,0.8242106838561983,0.006172839506172839,0.024691358024691357,0.006172839506172839,0.024691358024691357,0.2962962962962963,0.1111111111111111,0.07407407407407407,0.024691358024691357,0.037037037037037035,0.3950617283950617,18,0.0,127.879833426109,35.1804237751459,1,True,1,True,0,False,4,True,2
경남,하동군,적량면,48850330,True,True,65,0.8900203428026302,0.1076923076923077,0.046153846153846156,0.0,0.015384615384615385,0.3076923076923077,0.07692307692307693,0.1076923076923077,0.07692307692307693,0.015384615384615385,0.24615384615384617,5,0.015384615384615385,127.772699866492,35.0785901492408,0,False,0,False,0,False,1,True,0
경남,하동군,진교면,48850370,True,True,384,0.7948284179461137,0.028645833333333332,0.015625,0.0078125,0.020833333333333332,0.3046875,0.13020833333333334,0.03125,0.0234375,0.018229166666666668,0.4192708333333333,50,0.015625,127.903424067038,35.0272842148804,10,True,2,True,3,True,2,True,1
경남,하동군,청암면,48850400,True,True,137,0.6696901494411361,0.0,0.08759124087591241,0.0072992700729927005,0.0,0.15328467153284672,0.029197080291970802,0.3284671532846715,0.014598540145985401,0.014598540145985401,0.36496350364963503,4,0.0,127.73409602309,35.2352570751736,1,True,0,False,1,True,1,True,2
경남,하동군,하동읍,48850250,True,True,856,0.8118738833908556,0.07126168224299065,0.018691588785046728,0.007009345794392523,0.009345794392523364,0.35046728971962615,0.1133177570093458,0.030373831775700934,0.029205607476635514,0.036214953271028034,0.3341121495327103,97,0.02102803738317757,127.7488003376715,35.07008918221185,10,True,8,True,4,True,5,True,1
경남,하동군,화개면,48850310,True,True,514,0.6540873408309713,0.011673151750972763,0.013618677042801557,0.0,0.0038910505836575876,0.25486381322957197,0.019455252918287938,0.2840466926070039,0.013618677042801557,0.019455252918287938,0.37937743190661477,10,0.0,127.632081528141,35.2018555840026,3,True,1,True,0,False,2,True,2
경남,하동군,횡천면,48850340,True,True,63,0.8644510223795548,0.06349206349206349,0.0,0.0,0.0,0.31746031746031744,0.09523809523809523,0.015873015873015872,0.047619047619047616,0.015873015873015872,0.4444444444444444,6,0.0,127.810775579435,35.1093639816566,0,False,0,False,0,False,1,True,0
경남,함안군,가야읍,48730250,True,True,1100,0.7983813973483177,0.07909090909090909,0.03,0.006363636363636364,0.038181818181818185,0.25363636363636366,0.12818181818181817,0.014545454545454545,0.02,0.03272727272727273,0.3972727272727273,141,0.046363636363636364,128.4064153988735,35.2770370132821,18,True,11,True,7,True,6,True,1
경남,함안군,군북면,48730320,True,True,339,0.7949617167218821,0.032448377581120944,0.017699115044247787,0.0,0.02654867256637168,0.24778761061946902,0.07964601769911504,0.032448377581120944,0.06784660766961652,0.017699115044247787,0.4778761061946903,27,0.02064896755162242,128.344618869146,35.2635380300118,9,True,3,True,0,False,12,True,1
경남,함안군,대산면,48730340,True,True,137,0.8579330545981527,0.058394160583941604,0.0072992700729927005,0.0,0.043795620437956206,0.32116788321167883,0.10218978102189781,0.014598540145985401,0.014598540145985401,0.014598540145985401,0.4233576642335766,14,0.021897810218978103,128.428962440837,35.3520564824177,1,True,2,True,0,False,5,True,0
경남,함안군,법수면,48730330,True,True,153,0.7998185641904102,0.0718954248366013,0.013071895424836602,0.0,0.0196078431372549,0.27450980392156865,0.06535947712418301,0.006535947712418301,0.058823529411764705,0.0196078431372549,0.47058823529411764,10,0.013071895424836602,128.367149697847,35.318422404585,4,True,1,True,0,False,5,True,0
경남,함안군,산인면,48730380,True,True,171,0.8311337546311154,0.07602339181286549,0.011695906432748537,0.005847953216374269,0.017543859649122806,0.3157894736842105,0.05847953216374269,0.08187134502923976,0.04093567251461988,0.05263157894736842,0.3391812865497076,10,0.005847953216374269,128.458562971746,35.2701333715605,6,True,1,True,0,False,8,True,0
경남,함안군,여항면,48730390,True,True,35,0.8612969400162698,0.0,0.02857142857142857,0.0,0.0,0.2,0.0,0.2,0.0,0.11428571428571428,0.45714285714285713,0,0.0,128.436517701161,35.1985709746193,0,False,0,False,0,False,0,False,2
경남,함안군,칠북면,48730360,True,True,61,0.8948184340637287,0.08196721311475409,0.01639344262295082,0.0,0.04918032786885246,0.3114754098360656,0.11475409836065574,0.03278688524590164,0.03278688524590164,0.01639344262295082,0.3442622950819672,7,0.01639344262295082,128.522091242299,35.347375527288,4,True,0,False,0,False,3,True,0
경남,함안군,칠서면,48730350,True,True,260,0.8299113187149361,0.038461538461538464,0.0038461538461538464,0.0,0.05384615384615385,0.25,0.1346153846153846,0.03461538461538462,0.06538461538461539,0.026923076923076925,0.3923076923076923,35,0.019230769230769232,128.49432464881448,35.35803773301175,7,True,1,True,0,False,12,True,1
경남,함안군,칠원읍,48730253,True,True,657,0.8121845813235217,0.0380517503805175,0.0441400304414003,0.0076103500761035,0.045662100456621,0.2572298325722983,0.1476407914764079,0.0076103500761035,0.0395738203957382,0.045662100456621,0.3668188736681887,97,0.0471841704718417,128.520072988084,35.3033902356306,15,True,6,True,2,True,8,True,1
경남,함안군,함안면,48730310,True,True,66,0.8462872610758091,0.015151515151515152,0.0,0.0,0.015151515151515152,0.3333333333333333,0.030303030303030304,0.015151515151515152,0.07575757575757576,0.045454545454545456,0.4696969696969697,2,0.015151515151515152,128.422588653832,35.2420353237951,1,True,2,True,0,False,0,False,0
경남,함양군,마천면,48870310,True,True,219,0.6490653808068139,0.0182648401826484,0.0182648401826484,0.0045662100456621,0.0182648401826484,0.1872146118721461,0.0182648401826484,0.3561643835616438,0.0228310502283105,0.0182648401826484,0.3378995433789954,4,0.0136986301369863,127.670419374557,35.3909790938737,1,True,0,False,1,True,2,True,2
경남,함양군,백전면,48870390,True,True,32,0.8822786996476188,0.03125,0.0625,0.0,0.0,0.40625,0.0625,0.09375,0.0,0.03125,0.3125,2,0.0,127.6369006910935,35.5518083305186,0,False,0,False,0,False,0,False,0
경남,함양군,병곡면,48870400,True,True,31,0.8572009307164649,0.06451612903225806,0.0,0.0,0.0,0.25806451612903225,0.0,0.22580645161290322,0.0967741935483871,0.03225806451612903,0.3225806451612903,0,0.0,127.682046430314,35.5662639475659,0,False,0,False,0,False,1,True,0
경남,함양군,서상면,48870380,True,True,78,0.8115617259793875,0.0,0.02564102564102564,0.0,0.0,0.24358974358974358,0.0641025641025641,0.08974358974358974,0.0,0.0,0.5769230769230769,5,0.01282051282051282,127.68712423775801,35.681504697133605,1,True,1,True,0,False,1,True,2
경남,함양군,서하면,48870370,True,True,43,0.8523217736914864,0.023255813953488372,0.06976744186046512,0.0,0.023255813953488372,0.2558139534883721,0.046511627906976744,0.16279069767441862,0.0,0.0,0.4186046511627907,2,0.023255813953488372,127.724764161045,35.6298288620169,1,True,0,False,0,False,1,True,2
경남,함양군,수동면,48870340,True,True,69,0.8162473207529657,0.057971014492753624,0.0,0.0,0.014492753623188406,0.3188405797101449,0.08695652173913043,0.014492753623188406,0.043478260869565216,0.028985507246376812,0.43478260869565216,6,0.0,127.787962798791,35.5218891734224,2,True,1,True,0,False,2,True,0
경남,함양군,안의면,48870360,True,True,250,0.8045272819946647,0.036,0.016,0.0,0.004,0.264,0.084,0.136,0.036,0.036,0.388,21,0.008,127.81221789745601,35.62841522314365,4,True,3,True,0,False,3,True,2
경남,함양군,유림면,48870330,True,True,29,0.9419983481401963,0.06896551724137931,0.034482758620689655,0.0,0.0,0.3448275862068966,0.1724137931034483,0.0,0.034482758620689655,0.034482758620689655,0.3103448275862069,5,0.034482758620689655,127.78834598521,35.466640865177,0,False,0,False,0,False,0,False,0
경남,함양군,지곡면,48870350,True,True,46,0.9008491711108159,0.021739130434782608,0.06521739130434782,0.0,0.0,0.30434782608695654,0.021739130434782608,0.10869565217391304,0.08695652173913043,0.0,0.391304347826087,1,0.043478260869565216,127.7682511285175,35.565256102221,1,True,0,False,0,False,2,True,0
경남,함양군,함양읍,48870250,True,True,1305,0.8089147116359617,0.06360153256704981,0.04367816091954023,0.007662835249042145,0.01992337164750958,0.29272030651340997,0.11494252873563218,0.021455938697318006,0.04061302681992337,0.027586206896551724,0.367816091954023,150,0.020689655172413793,127.72833050981,35.5200436845529,19,True,14,True,8,True,9,True,1
경남,함양군,휴천면,48870320,True,True,54,0.8633525153907402,0.05555555555555555,0.05555555555555555,0.0,0.0,0.35185185185185186,0.018518518518518517,0.24074074074074073,0.05555555555555555,0.018518518518518517,0.2037037037037037,1,0.0,127.7458838901515,35.43944937513775,0,False,0,False,0,False,2,True,0
경남,합천군,가야면,48890330,True,True,217,0.7777270280237999,0.009216589861751152,0.02304147465437788,0.004608294930875576,0.013824884792626729,0.30414746543778803,0.06912442396313365,0.0967741935483871,0.018433179723502304,0.0,0.4608294930875576,15,0.018433179723502304,128.137382610959,35.7621392969288,3,True,1,True,1,True,0,False,2
경남,합천군,가회면,48890440,True,True,50,0.8291357724902266,0.02,0.04,0.0,0.0,0.28,0.08,0.16,0.04,0.0,0.38,4,0.0,128.02365788452698,35.46392206733175,1,True,0,False,0,False,0,False,2
경남,합천군,대병면,48890450,True,True,127,0.7392075691404382,0.03937007874015748,0.015748031496062992,0.007874015748031496,0.023622047244094488,0.1732283464566929,0.03937007874015748,0.2992125984251969,0.023622047244094488,0.023622047244094488,0.3543307086614173,5,0.0,128.018090605226,35.5245706650336,2,True,0,False,0,False,2,True,2
경남,합천군,대양면,48890410,True,True,82,0.9044985812538839,0.08536585365853659,0.0,0.024390243902439025,0.024390243902439025,0.2926829268292683,0.13414634146341464,0.15853658536585366,0.06097560975609756,0.04878048780487805,0.17073170731707318,11,0.036585365853658534,128.164967466896,35.5555137643793,2,True,0,False,0,False,4,True,0
경남,합천군,덕곡면,48890380,True,True,8,0.9306282244165778,0.0,0.0,0.0,0.0,0.375,0.0,0.125,0.0,0.125,0.375,0,0.0,128.358214073016,35.615331315526646,0,False,0,False,0,False,0,False,0
경남,합천군,묘산면,48890320,True,True,41,0.9054946139833534,0.024390243902439025,0.0,0.0,0.04878048780487805,0.34146341463414637,0.0975609756097561,0.07317073170731707,0.0,0.024390243902439025,0.3902439024390244,4,0.0,128.113014342688,35.6580069172161,0,False,0,False,0,False,2,True,0
경남,합천군,봉산면,48890310,True,True,69,0.8014489372445416,0.014492753623188406,0.028985507246376812,0.0,0.0,0.2028985507246377,0.028985507246376812,0.2753623188405797,0.0,0.043478260869565216,0.4057971014492754,2,0.014492753623188406,128.042632337034,35.6267028028905,0,False,0,False,0,False,0,False,2
경남,합천군,삼가면,48890430,True,True,163,0.7889012034349447,0.03067484662576687,0.006134969325153374,0.006134969325153374,0.012269938650306749,0.3006134969325153,0.09202453987730061,0.024539877300613498,0.018404907975460124,0.012269938650306749,0.49693251533742333,15,0.024539877300613498,128.122147162011,35.4133423445043,1,True,3,True,1,True,2,True,2
경남,합천군,쌍백면,48890420,True,True,29,0.8680694950138116,0.06896551724137931,0.06896551724137931,0.0,0.0,0.3448275862068966,0.06896551724137931,0.034482758620689655,0.0,0.034482758620689655,0.3793103448275862,2,0.0,128.145148155652,35.4411403612516,0,False,0,False,0,False,2,True,0
경남,합천군,쌍책면,48890370,True,True,21,0.9171479836244499,0.09523809523809523,0.0,0.0,0.0,0.19047619047619047,0.0,0.19047619047619047,0.047619047619047616,0.047619047619047616,0.42857142857142855,0,0.047619047619047616,128.284605064599,35.5830467942197,0,False,0,False,0,False,1,True,0
경남,합천군,야로면,48890340,True,True,76,0.8872411121859682,0.02631578947368421,0.02631578947368421,0.0,0.039473684210526314,0.2894736842105263,0.06578947368421052,0.06578947368421052,0.013157894736842105,0.039473684210526314,0.4342105263157895,5,0.05263157894736842,128.167008004922,35.7145319286637,1,True,2,True,0,False,2,True,0
경남,합천군,용주면,48890460,True,True,71,0.8662639719932923,0.014084507042253521,0.028169014084507043,0.0,0.0,0.323943661971831,0.056338028169014086,0.1267605633802817,0.07042253521126761,0.028169014084507043,0.352112676056338,4,0.028169014084507043,128.100920848227,35.5478655337653,0,False,0,False,0,False,2,True,0
경남,합천군,율곡면,48890350,True,True,28,0.9224746512653917,0.03571428571428571,0.0,0.03571428571428571,0.07142857142857142,0.42857142857142855,0.0,0.07142857142857142,0.10714285714285714,0.0,0.25,0,0.0,128.1890059435845,35.5774039948897,0,False,0,False,0,False,3,True,0
경남,합천군,적중면,48890400,True,True,17,0.980870378840728,0.058823529411764705,0.0,0.0,0.0,0.29411764705882354,0.11764705882352941,0.058823529411764705,0.11764705882352941,0.0,0.35294117647058826,2,0.11764705882352941,128.286850773557,35.5473136546352,0,False,0,False,0,False,0,False,0
경남,합천군,청덕면,48890390,True,True,55,0.8583577495395536,0.01818181818181818,0.01818181818181818,0.0,0.01818181818181818,0.2,0.0,0.10909090909090909,0.09090909090909091,0.05454545454545454,0.4909090909090909,0,0.01818181818181818,128.357823246575,35.5270116588917,2,True,0,False,0,False,1,True,2
경남,합천군,초계면,48890360,True,True,158,0.8199892838421567,0.03164556962025317,0.006329113924050633,0.0,0.0189873417721519,0.2721518987341772,0.10759493670886076,0.006329113924050633,0.03164556962025317,0.02531645569620253,0.5,17,0.03164556962025317,128.26614383801848,35.55903327423365,2,True,3,True,0,False,4,True,1
경남,합천군,합천읍,48890250,True,True,790,0.8241219835423067,0.07468354430379746,0.012658227848101266,0.01139240506329114,0.027848101265822784,0.2873417721518987,0.12278481012658228,0.026582278481012658,0.04050632911392405,0.030379746835443037,0.3658227848101266,97,0.09620253164556962,128.161253779885,35.5673073043449,12,True,9,True,6,True,3,True,1
경북,고령군,개진면,47830350,True,True,66,0.8672179697168373,0.030303030303030304,0.0,0.0,0.045454545454545456,0.4393939393939394,0.045454545454545456,0.015151515151515152,0.12121212121212122,0.0,0.30303030303030304,3,0.015151515151515152,128.38740989599899,35.71145501633105,1,True,0,False,0,False,4,True,0
경북,고령군,다산면,47830340,True,True,303,0.8084587386524269,0.0462046204620462,0.0297029702970297,0.009900990099009901,0.0462046204620462,0.27722772277227725,0.11221122112211221,0.009900990099009901,0.026402640264026403,0.039603960396039604,0.40264026402640263,34,0.019801980198019802,128.448385742095,35.8238381391617,10,True,2,True,3,True,5,True,1
경북,고령군,대가야읍,47830253,True,True,765,0.8000104813004668,0.06535947712418301,0.018300653594771243,0.006535947712418301,0.02091503267973856,0.2823529411764706,0.10980392156862745,0.011764705882352941,0.040522875816993466,0.040522875816993466,0.403921568627451,84,0.07320261437908497,128.267766721902,35.7286192552865,7,True,9,True,0,False,4,True,1
경북,고령군,덕곡면,47830310,True,True,37,0.8093091108357658,0.02702702702702703,0.02702702702702703,0.0,0.0,0.2972972972972973,0.0,0.24324324324324326,0.02702702702702703,0.0,0.3783783783783784,0,0.08108108108108109,128.214149794769,35.7796302861414,1,True,0,False,0,False,1,True,2
경북,고령군,성산면,47830330,True,True,140,0.8668157593646382,0.08571428571428572,0.007142857142857143,0.0,0.02857142857142857,0.37142857142857144,0.07857142857142857,0.007142857142857143,0.1,0.0,0.32142857142857145,11,0.02142857142857143,128.371860927455,35.7511540380259,9,True,1,True,0,False,6,True,0
경북,고령군,쌍림면,47830370,True,True,133,0.8199134244395498,0.08270676691729323,0.03007518796992481,0.0,0.015037593984962405,0.3383458646616541,0.06766917293233082,0.03759398496240601,0.015037593984962405,0.03759398496240601,0.37593984962406013,9,0.0,128.242571299578,35.6820253281065,7,True,0,False,0,False,5,True,0
경북,고령군,우곡면,47830360,True,True,16,0.9407187364499412,0.0625,0.0625,0.0,0.0,0.4375,0.0,0.125,0.0,0.0,0.3125,0,0.0,128.35327242789498,35.6527526119697,0,False,0,False,0,False,1,True,0
경북,고령군,운수면,47830320,True,True,60,0.8509238266501279,0.03333333333333333,0.03333333333333333,0.016666666666666666,0.03333333333333333,0.23333333333333334,0.03333333333333333,0.1,0.016666666666666666,0.03333333333333333,0.4666666666666667,2,0.0,128.2896673808955,35.7681553416461,1,True,0,False,0,False,1,True,2
경북,문경시,가은읍,47280253,True,False,247,0.7597064293613489,0.020242914979757085,0.020242914979757085,0.0,0.016194331983805668,0.2550607287449393,0.0728744939271255,0.145748987854251,0.032388663967611336,0.012145748987854251,0.4251012145748988,18,0.012145748987854251,128.061102385465,36.6468043382783,4,True,2,True,0,False,1,True,2
경북,문경시,농암면,47280370,True,False,108,0.7835609322555493,0.027777777777777776,0.009259259259259259,0.009259259259259259,0.018518518518518517,0.25,0.046296296296296294,0.25925925925925924,0.0,0.018518518518518517,0.3611111111111111,5,0.0,128.003049512903,36.593931826872,2,True,1,True,0,False,1,True,2
경북,문경시,동로면,47280350,True,False,66,0.7762397295201059,0.06060606060606061,0.0,0.0,0.015151515151515152,0.2878787878787879,0.045454545454545456,0.30303030303030304,0.015151515151515152,0.0,0.2727272727272727,3,0.0,128.314889087569,36.77352714446265,1,True,0,False,0,False,0,False,2
경북,문경시,마성면,47280360,True,False,165,0.782596555298173,0.01818181818181818,0.012121212121212121,0.0,0.006060606060606061,0.2909090909090909,0.08484848484848485,0.1696969696969697,0.024242424242424242,0.030303030303030304,0.36363636363636365,14,0.0,128.124777412932,36.6838643859323,6,True,0,False,0,False,4,True,2
경북,문경시,문경읍,47280250,True,False,587,0.7290726910570671,0.02385008517887564,0.013628620102214651,0.0068143100511073255,0.02555366269165247,0.2555366269165247,0.07325383304940375,0.16183986371379896,0.020442930153321975,0.018739352640545145,0.40034071550255534,43,0.018739352640545145,128.1082670446,36.7355587671774,11,True,5,True,3,True,5,True,2
경북,문경시,산북면,47280340,True,False,58,0.8760710936356488,0.06896551724137931,0.05172413793103448,0.0,0.017241379310344827,0.22413793103448276,0.05172413793103448,0.13793103448275862,0.034482758620689655,0.034482758620689655,0.3793103448275862,3,0.0,128.25810462300598,36.6668404121356,0,False,0,False,0,False,1,True,0
경북,문경시,산양면,47280320,True,False,86,0.8656096110093047,0.1511627906976744,0.023255813953488372,0.0,0.0,0.3372093023255814,0.046511627906976744,0.03488372093023256,0.046511627906976744,0.0,0.36046511627906974,4,0.0,128.257256658384,36.6122756975637,1,True,0,False,0,False,5,True,0
경북,문경시,영순면,47280310,True,False,50,0.8910093617570638,0.02,0.1,0.0,0.0,0.4,0.06,0.02,0.06,0.04,0.3,3,0.0,128.23668662105,36.5776728699264,0,False,0,False,0,False,1,True,0
경북,문경시,점촌1동,47280570,True,False,465,0.8199176914710918,0.06881720430107527,0.021505376344086023,0.015053763440860216,0.017204301075268817,0.26021505376344084,0.16344086021505377,0.02795698924731183,0.043010752688172046,0.023655913978494623,0.35913978494623655,76,0.010752688172043012,128.200491655143,36.5968513937802,4,True,10,True,7,True,1,True,1
경북,문경시,점촌2동,47280580,True,False,765,0.8221995109640852,0.03790849673202614,0.0196078431372549,0.00784313725490196,0.013071895424836602,0.36993464052287583,0.13594771241830064,0.022222222222222223,0.048366013071895426,0.01568627450980392,0.32941176470588235,104,0.03398692810457516,128.199019195266,36.5938844239714,4,True,10,True,4,True,3,True,1
경북,문경시,점촌3동,47280590,True,False,487,0.8264233483892592,0.055441478439425054,0.03696098562628337,0.002053388090349076,0.028747433264887063,0.2731006160164271,0.1437371663244353,0.01642710472279261,0.059548254620123205,0.030800821355236138,0.3531827515400411,70,0.039014373716632446,128.204169533907,36.6014337072349,10,True,8,True,1,True,1,True,1
경북,문경시,점촌4동,47280600,True,False,134,0.8686723074013788,0.029850746268656716,0.03731343283582089,0.0,0.022388059701492536,0.3582089552238806,0.12686567164179105,0.05223880597014925,0.022388059701492536,0.029850746268656716,0.3208955223880597,17,0.014925373134328358,128.1691324842305,36.636235378578704,1,True,0,False,0,False,6,True,0
경북,문경시,점촌5동,47280610,True,False,1051,0.8124349023601621,0.08372978116079924,0.058991436726926735,0.004757373929590866,0.025689819219790674,0.22454804947668885,0.13415794481446242,0.010466222645099905,0.019980970504281638,0.049476688867745006,0.3882017126546147,141,0.0780209324452902,128.187414349687,36.5863624857124,25,True,7,True,5,True,6,True,1
경북,문경시,호계면,47280330,True,False,60,0.8621585896247329,0.05,0.08333333333333333,0.0,0.016666666666666666,0.3333333333333333,0.05,0.08333333333333333,0.0,0.0,0.38333333333333336,3,0.03333333333333333,128.1904582543485,36.645334413144354,1,True,0,False,0,False,1,True,0
경북,봉화군,명호면,47920370,True,True,105,0.7508946467847503,0.009523809523809525,0.01904761904761905,0.0,0.0,0.19047619047619047,0.0380952380952381,0.24761904761904763,0.0,0.1619047619047619,0.3333333333333333,4,0.009523809523809525,128.89398137697,36.8395349996,0,False,1,True,0,False,1,True,2
경북,봉화군,물야면,47920310,True,True,77,0.8107708095385493,0.025974025974025976,0.0,0.0,0.0,0.2597402597402597,0.03896103896103896,0.09090909090909091,0.012987012987012988,0.03896103896103896,0.5324675324675324,3,0.0,128.73517868007,36.97686281135,0,False,0,False,0,False,0,False,2
경북,봉화군,법전면,47920330,True,True,58,0.8861818636768208,0.08620689655172414,0.0,0.0,0.017241379310344827,0.41379310344827586,0.1206896551724138,0.10344827586206896,0.0,0.0,0.25862068965517243,7,0.0,128.876208057107,36.9111212756183,0,False,1,True,0,False,2,True,0
경북,봉화군,봉성면,47920320,True,True,78,0.8105770329156375,0.02564102564102564,0.0,0.0,0.0,0.2948717948717949,0.038461538461538464,0.07692307692307693,0.038461538461538464,0.01282051282051282,0.5128205128205128,3,0.038461538461538464,128.81585726652702,36.91032779347595,0,False,1,True,0,False,2,True,2
경북,봉화군,봉화읍,47920250,True,True,614,0.8324013150617894,0.09446254071661238,0.016286644951140065,0.004885993485342019,0.02768729641693811,0.28827361563517917,0.11726384364820847,0.021172638436482084,0.029315960912052116,0.029315960912052116,0.3713355048859935,72,0.017915309446254073,128.737946787072,36.8905121666391,4,True,6,True,1,True,9,True,1
경북,봉화군,상운면,47920380,True,True,28,0.9408446904017088,0.07142857142857142,0.0,0.0,0.0,0.39285714285714285,0.07142857142857142,0.0,0.10714285714285714,0.07142857142857142,0.2857142857142857,2,0.0,128.75616160270948,36.833639627554504,0,False,1,True,0,False,1,True,0
경북,봉화군,석포면,47920390,True,True,83,0.8501029254518191,0.012048192771084338,0.012048192771084338,0.0,0.0,0.24096385542168675,0.10843373493975904,0.10843373493975904,0.012048192771084338,0.04819277108433735,0.4578313253012048,9,0.0,129.063372928816,37.0449841967593,2,True,0,False,0,False,2,True,2
경북,봉화군,소천면,47920350,True,True,113,0.7291322285504143,0.02654867256637168,0.008849557522123894,0.0,0.008849557522123894,0.26548672566371684,0.035398230088495575,0.30973451327433627,0.0,0.008849557522123894,0.336283185840708,4,0.008849557522123894,129.00393888746,36.9387451308734,1,True,1,True,0,False,2,True,2
경북,봉화군,재산면,47920360,True,True,51,0.868780222942936,0.0,0.058823529411764705,0.0,0.0,0.27450980392156865,0.0784313725490196,0.0392156862745098,0.0392156862745098,0.0196078431372549,0.49019607843137253,4,0.0,128.962872166487,36.8163029683822,0,False,0,False,0,False,1,True,0
경북,봉화군,춘양면,47920340,True,True,309,0.7901862185345002,0.025889967637540454,0.019417475728155338,0.003236245954692557,0.019417475728155338,0.2459546925566343,0.11003236245954692,0.12297734627831715,0.022653721682847898,0.022653721682847898,0.4077669902912621,34,0.003236245954692557,128.913645242084,36.9374233726342,3,True,3,True,1,True,3,True,2
경북,상주시,계림동,47250540,True,False,345,0.8186277239169039,0.028985507246376812,0.08695652173913043,0.002898550724637681,0.017391304347826087,0.2753623188405797,0.19420289855072465,0.002898550724637681,0.03768115942028986,0.034782608695652174,0.3188405797101449,67,0.0463768115942029,128.161703447951,36.42288971907,10,True,5,True,0,False,3,True,1
경북,상주시,공검면,47250450,True,False,46,0.8697340374713263,0.021739130434782608,0.043478260869565216,0.0,0.0,0.3695652173913043,0.13043478260869565,0.021739130434782608,0.0,0.0,0.41304347826086957,6,0.0,128.1589317270325,36.511901858418355,0,False,1,True,0,False,2,True,0
경북,상주시,공성면,47250350,True,False,153,0.8194351607944681,0.013071895424836602,0.006535947712418301,0.0,0.006535947712418301,0.29411764705882354,0.1111111111111111,0.013071895424836602,0.032679738562091505,0.0,0.5228758169934641,17,0.0196078431372549,128.09334596089,36.2836945848076,3,True,2,True,0,False,2,True,1
경북,상주시,낙동면,47250330,True,False,131,0.8062428341118109,0.015267175572519083,0.007633587786259542,0.015267175572519083,0.030534351145038167,0.26717557251908397,0.04580152671755725,0.07633587786259542,0.015267175572519083,0.007633587786259542,0.5190839694656488,6,0.007633587786259542,128.296197450113,36.3648164615119,2,True,1,True,0,False,4,True,2
경북,상주시,남원동,47250520,True,False,1156,0.8044858575815239,0.10034602076124567,0.03633217993079585,0.010380622837370242,0.023356401384083045,0.36591695501730104,0.14359861591695502,0.0008650519031141869,0.025951557093425604,0.018166089965397925,0.2750865051903114,166,0.0328719723183391,128.15919545196,36.4132212996728,12,True,22,True,11,True,6,True,1
경북,상주시,내서면,47250370,True,False,41,0.8662266653551854,0.04878048780487805,0.024390243902439025,0.024390243902439025,0.0,0.4146341463414634,0.0,0.024390243902439025,0.07317073170731707,0.0,0.3902439024390244,0,0.024390243902439025,128.028518326593,36.4074805720682,0,False,0,False,0,False,1,True,0
경북,상주시,동문동,47250550,True,False,822,0.806088347876203,0.04257907542579075,0.03527980535279805,0.004866180048661801,0.0170316301703163,0.2798053527980535,0.15571776155717762,0.00851581508515815,0.03527980535279805,0.0364963503649635,0.3844282238442822,128,0.027980535279805353,128.160873841295,36.4178110780581,10,True,2,True,0,False,6,True,1
경북,상주시,동성동,47250560,True,False,140,0.843738751281994,0.03571428571428571,0.02857142857142857,0.0,0.007142857142857143,0.32142857142857145,0.14285714285714285,0.014285714285714285,0.05,0.04285714285714286,0.35714285714285715,20,0.04285714285714286,128.165887350008,36.41482482681645,2,True,0,False,0,False,2,True,1
경북,상주시,모동면,47250380,True,False,79,0.8331297845216232,0.0379746835443038,0.012658227848101266,0.0,0.012658227848101266,0.27848101265822783,0.08860759493670886,0.012658227848101266,0.0379746835443038,0.0379746835443038,0.4810126582278481,7,0.012658227848101266,127.960756915371,36.3197932328207,1,True,0,False,0,False,1,True,0
경북,상주시,모서면,47250390,True,False,52,0.8900481045666739,0.019230769230769232,0.0,0.0,0.0,0.34615384615384615,0.1346153846153846,0.019230769230769232,0.11538461538461539,0.0,0.36538461538461536,7,0.0,127.9604054391665,36.3417503279685,1,True,0,False,0,False,2,True,0
경북,상주시,북문동,47250530,True,False,656,0.8039501045189005,0.057926829268292686,0.028963414634146343,0.003048780487804878,0.019817073170731708,0.22713414634146342,0.11432926829268293,0.03201219512195122,0.03048780487804878,0.056402439024390245,0.4298780487804878,75,0.04878048780487805,128.15365004726,36.420815188877,13,True,6,True,2,True,6,True,1
경북,상주시,사벌국면,47250325,True,False,81,0.8529729436172586,0.037037037037037035,0.04938271604938271,0.0,0.0,0.30864197530864196,0.09876543209876543,0.024691358024691357,0.012345679012345678,0.012345679012345678,0.4567901234567901,8,0.0,128.210550436714,36.4687863926982,1,True,0,False,0,False,3,True,0
경북,상주시,신흥동,47250570,True,False,181,0.8516457460487233,0.09392265193370165,0.04419889502762431,0.0,0.03867403314917127,0.281767955801105,0.143646408839779,0.0055248618784530384,0.08287292817679558,0.011049723756906077,0.2983425414364641,26,0.022099447513812154,128.151657891209,36.3961443294985,7,True,0,False,0,False,2,True,0
경북,상주시,외남면,47250360,True,False,18,0.9241864201621479,0.05555555555555555,0.0,0.0,0.0,0.5,0.1111111111111111,0.0,0.0,0.0,0.3333333333333333,2,0.05555555555555555,128.08917596336698,36.357850653511946,0,False,0,False,0,False,1,True,0
경북,상주시,외서면,47250430,True,False,38,0.9242212996967383,0.15789473684210525,0.05263157894736842,0.0,0.02631578947368421,0.2631578947368421,0.02631578947368421,0.07894736842105263,0.02631578947368421,0.10526315789473684,0.2631578947368421,1,0.0,128.1385595922865,36.4795092286589,0,False,0,False,0,False,1,True,0
경북,상주시,은척면,47250440,True,False,47,0.7885051810968915,0.06382978723404255,0.02127659574468085,0.02127659574468085,0.0,0.2978723404255319,0.0425531914893617,0.0425531914893617,0.02127659574468085,0.02127659574468085,0.46808510638297873,2,0.0,128.072479300962,36.533236671778,0,False,0,False,1,True,0,False,2
경북,상주시,이안면,47250460,True,False,22,0.9471887284983758,0.0,0.09090909090909091,0.0,0.0,0.5454545454545454,0.13636363636363635,0.045454545454545456,0.045454545454545456,0.0,0.13636363636363635,3,0.0,128.144596883211,36.5755443089195,1,True,0,False,0,False,1,True,0
경북,상주시,중동면,47250310,True,False,33,0.8974828292593551,0.12121212121212122,0.06060606060606061,0.0,0.0,0.30303030303030304,0.12121212121212122,0.12121212121212122,0.030303030303030304,0.0,0.24242424242424243,4,0.0,128.269204709601,36.4241450017148,0,False,0,False,0,False,0,False,0
경북,상주시,청리면,47250340,True,False,82,0.8693429079157428,0.06097560975609756,0.024390243902439025,0.0,0.0,0.32926829268292684,0.10975609756097561,0.0,0.08536585365853659,0.0,0.3902439024390244,9,0.0,128.12911019602802,36.339613283148,2,True,1,True,0,False,3,True,0
경북,상주시,함창읍,47250250,True,False,309,0.836465224277213,0.04854368932038835,0.022653721682847898,0.003236245954692557,0.012944983818770227,0.313915857605178,0.1488673139158576,0.012944983818770227,0.038834951456310676,0.02912621359223301,0.36893203883495146,46,0.006472491909385114,128.1789261267,36.5689965687919,4,True,4,True,0,False,5,True,1
경북,상주시,화남면,47250470,True,False,25,0.8798717608338587,0.0,0.04,0.0,0.04,0.4,0.0,0.08,0.0,0.0,0.44,0,0.0,127.905334217191,36.4480889784394,0,False,0,False,0,False,2,True,0
경북,상주시,화동면,47250400,True,False,50,0.8942720832284295,0.06,0.0,0.0,0.0,0.38,0.12,0.08,0.02,0.0,0.34,6,0.0,127.9541987280145,36.3882580461523,1,True,0,False,0,False,2,True,0
경북,상주시,화북면,47250420,True,False,100,0.7553968612866631,0.01,0.0,0.0,0.04,0.26,0.03,0.29,0.0,0.03,0.34,3,0.0,127.917946478242,36.56839507839605,1,True,0,False,0,False,3,True,2
경북,상주시,화서면,47250410,True,False,151,0.8148621576972224,0.033112582781456956,0.0,0.006622516556291391,0.033112582781456956,0.23178807947019867,0.11258278145695365,0.039735099337748346,0.006622516556291391,0.006622516556291391,0.5298013245033113,17,0.006622516556291391,127.950517802051,36.4444583102196,3,True,1,True,1,True,3,True,2
경북,성주군,가천면,47840340,True,True,147,0.7255324546803542,0.013605442176870748,0.006802721088435374,0.0,0.013605442176870748,0.20408163265306123,0.04081632653061224,0.30612244897959184,0.0,0.0,0.41496598639455784,6,0.0,128.157923395106,35.8731733370045,1,True,1,True,0,False,1,True,2
경북,성주군,금수강산면,47840355,True,True,78,0.7065115651607752,0.02564102564102564,0.02564102564102564,0.0,0.0,0.21794871794871795,0.0,0.2948717948717949,0.0,0.02564102564102564,0.41025641025641024,0,0.0,128.1142278361325,35.923100064193704,1,True,0,False,0,False,0,False,2
경북,성주군,대가면,47840360,True,True,61,0.9064400465446104,0.06557377049180328,0.03278688524590164,0.0,0.01639344262295082,0.32786885245901637,0.06557377049180328,0.08196721311475409,0.04918032786885246,0.0,0.36065573770491804,4,0.03278688524590164,128.228495839723,35.9103094953794,1,True,0,False,0,False,2,True,0
경북,성주군,벽진면,47840370,True,True,76,0.8261857237950595,0.013157894736842105,0.013157894736842105,0.013157894736842105,0.0,0.11842105263157894,0.06578947368421052,0.07894736842105263,0.02631578947368421,0.039473684210526314,0.631578947368421,5,0.0,128.21666417982,35.948530990978,0,False,0,False,1,True,0,False,2
경북,성주군,선남면,47840310,True,True,299,0.803513614691437,0.08361204013377926,0.010033444816053512,0.0033444816053511705,0.06354515050167224,0.3076923076923077,0.07023411371237458,0.04013377926421405,0.04013377926421405,0.030100334448160536,0.3511705685618729,21,0.023411371237458192,128.366176411721,35.8894099087958,11,True,1,True,0,False,7,True,1
경북,성주군,성주읍,47840250,True,True,1095,0.8157531286670966,0.07945205479452055,0.0228310502283105,0.0091324200913242,0.0319634703196347,0.2867579908675799,0.12420091324200913,0.011872146118721462,0.04200913242009133,0.031050228310502283,0.3607305936073059,136,0.024657534246575342,128.286528392971,35.9189991627094,20,True,12,True,2,True,10,True,1
경북,성주군,수륜면,47840330,True,True,129,0.7388376395958727,0.023255813953488372,0.03875968992248062,0.0,0.0,0.15503875968992248,0.03875968992248062,0.24806201550387597,0.03875968992248062,0.007751937984496124,0.4496124031007752,5,0.007751937984496124,128.173719808554,35.8089552398909,1,True,0,False,0,False,2,True,2
경북,성주군,용암면,47840320,True,True,90,0.8542264698577716,0.07777777777777778,0.011111111111111112,0.0,0.03333333333333333,0.3888888888888889,0.044444444444444446,0.022222222222222223,0.044444444444444446,0.022222222222222223,0.35555555555555557,4,0.044444444444444446,128.337410638513,35.83723461764365,1,True,0,False,0,False,2,True,0
경북,성주군,월항면,47840390,True,True,98,0.8595943990556035,0.04081632653061224,0.030612244897959183,0.0,0.02040816326530612,0.2755102040816326,0.061224489795918366,0.02040816326530612,0.07142857142857142,0.030612244897959183,0.4489795918367347,6,0.0,128.3140550115945,35.95073398305735,3,True,0,False,0,False,6,True,0
경북,성주군,초전면,47840380,True,True,214,0.7797114786172512,0.03271028037383177,0.0,0.0,0.004672897196261682,0.19158878504672897,0.11214953271028037,0.02336448598130841,0.028037383177570093,0.02336448598130841,0.5841121495327103,24,0.037383177570093455,128.26379739242998,35.97236546653845,4,True,3,True,0,False,5,True,1
경북,안동시,강남동,47170690,True,False,648,0.8231360005723277,0.08950617283950617,0.07098765432098765,0.004629629629629629,0.010802469135802469,0.19753086419753085,0.15895061728395063,0.038580246913580245,0.038580246913580245,0.040123456790123455,0.35030864197530864,103,0.07716049382716049,128.733792681179,36.54990361059765,10,True,9,True,1,True,6,True,1
경북,안동시,길안면,47170390,True,False,107,0.8089597755480024,0.018691588785046728,0.0,0.0,0.028037383177570093,0.16822429906542055,0.11214953271028037,0.056074766355140186,0.009345794392523364,0.037383177570093455,0.5700934579439252,12,0.0,128.892798348943,36.4573052322536,1,True,1,True,0,False,1,True,2
경북,안동시,남선면,47170370,True,False,57,0.8926964708062116,0.07017543859649122,0.03508771929824561,0.0,0.0,0.38596491228070173,0.05263157894736842,0.017543859649122806,0.08771929824561403,0.05263157894736842,0.2982456140350877,3,0.017543859649122806,128.768838437514,36.5248031435934,0,False,0,False,0,False,1,True,0
경북,안동시,남후면,47170360,True,False,68,0.8474044904957945,0.029411764705882353,0.029411764705882353,0.029411764705882353,0.0,0.4117647058823529,0.04411764705882353,0.07352941176470588,0.058823529411764705,0.07352941176470588,0.25,3,0.014705882352941176,128.677204442992,36.5199975109031,0,False,0,False,0,False,2,True,0
경북,안동시,녹전면,47170430,True,False,19,0.9301925533419033,0.0,0.0,0.0,0.0,0.5263157894736842,0.0,0.05263157894736842,0.0,0.0,0.42105263157894735,0,0.05263157894736842,128.773829734633,36.7426179601795,0,False,0,False,0,False,0,False,0
경북,안동시,도산면,47170420,True,False,111,0.8196725695446921,0.018018018018018018,0.036036036036036036,0.0,0.0,0.32432432432432434,0.02702702702702703,0.15315315315315314,0.02702702702702703,0.09009009009009009,0.32432432432432434,3,0.02702702702702703,128.83255164067,36.7354828817895,1,True,0,False,0,False,2,True,2
경북,안동시,명륜동,47170520,True,False,252,0.881246865963059,0.12301587301587301,0.027777777777777776,0.0,0.011904761904761904,0.23015873015873015,0.17063492063492064,0.03571428571428571,0.06349206349206349,0.05555555555555555,0.28174603174603174,43,0.031746031746031744,128.73259950759598,36.57572665885155,3,True,1,True,0,False,3,True,1
경북,안동시,북후면,47170320,True,False,94,0.8733434486851775,0.05319148936170213,0.02127659574468085,0.0,0.0,0.26595744680851063,0.0851063829787234,0.05319148936170213,0.031914893617021274,0.010638297872340425,0.4787234042553192,8,0.0,128.7019116129615,36.6837421643373,1,True,0,False,0,False,2,True,0
경북,안동시,서구동,47170585,True,False,1008,0.8195026608613105,0.054563492063492064,0.037698412698412696,0.011904761904761904,0.015873015873015872,0.3878968253968254,0.0992063492063492,0.0248015873015873,0.0248015873015873,0.017857142857142856,0.3253968253968254,100,0.06646825396825397,128.722887029228,36.5650923092473,8,True,12,True,10,True,1,True,1
경북,안동시,서후면,47170330,True,False,131,0.8275136753392374,0.04580152671755725,0.04580152671755725,0.007633587786259542,0.0,0.3053435114503817,0.04580152671755725,0.10687022900763359,0.06870229007633588,0.030534351145038167,0.3435114503816794,6,0.030534351145038167,128.663816111594,36.6124422720704,2,True,0,False,0,False,4,True,0
경북,안동시,송하동,47170660,True,False,484,0.8340697844606365,0.07231404958677685,0.05991735537190083,0.010330578512396695,0.02066115702479339,0.2727272727272727,0.16322314049586778,0.006198347107438017,0.04132231404958678,0.04132231404958678,0.3119834710743802,79,0.05991735537190083,128.69622693638598,36.5724212716162,16,True,4,True,3,True,7,True,1
경북,안동시,안기동,47170630,True,False,223,0.8980462277120815,0.09417040358744394,0.02242152466367713,0.004484304932735426,0.004484304932735426,0.3183856502242152,0.21076233183856502,0.017937219730941704,0.08071748878923767,0.03139013452914798,0.21524663677130046,47,0.053811659192825115,128.717851602518,36.5757469736113,4,True,0,False,0,False,3,True,1
경북,안동시,예안면,47170410,True,False,25,0.9130554891039036,0.0,0.0,0.0,0.0,0.36,0.16,0.08,0.04,0.0,0.36,4,0.0,128.885616537604,36.6614097782676,0,False,0,False,0,False,0,False,0
경북,안동시,옥동,47170650,True,False,1253,0.7706486384655811,0.034317637669592976,0.053471667996807665,0.0111731843575419,0.015163607342378291,0.20989624900239426,0.13886671987230648,0.013567438148443736,0.013567438148443736,0.0670391061452514,0.4429369513168396,174,0.08379888268156424,128.699987881716,36.5631440255598,26,True,10,True,13,True,7,True,1
경북,안동시,와룡면,47170310,True,False,127,0.8564988826822142,0.047244094488188976,0.07086614173228346,0.0,0.015748031496062992,0.2755905511811024,0.047244094488188976,0.1889763779527559,0.06299212598425197,0.047244094488188976,0.2440944881889764,6,0.007874015748031496,128.768703283979,36.6156608272229,1,True,0,False,0,False,2,True,0
경북,안동시,용상동,47170555,True,False,1114,0.8336861024854018,0.06552962298025135,0.06014362657091562,0.005385996409335727,0.019748653500897665,0.21543985637342908,0.1400359066427289,0.02244165170556553,0.05475763016157989,0.04937163375224417,0.36714542190305205,156,0.059245960502693,128.7541064510575,36.5568189978031,24,True,5,True,4,True,9,True,1
경북,안동시,일직면,47170350,True,False,95,0.8572793200292828,0.021052631578947368,0.021052631578947368,0.0,0.021052631578947368,0.3368421052631579,0.08421052631578947,0.08421052631578947,0.06315789473684211,0.021052631578947368,0.3473684210526316,8,0.021052631578947368,128.659613631231,36.4751726610286,1,True,0,False,0,False,4,True,0
경북,안동시,임동면,47170400,True,False,44,0.8647954787854495,0.022727272727272728,0.045454545454545456,0.0,0.0,0.3409090909090909,0.06818181818181818,0.25,0.06818181818181818,0.0,0.20454545454545456,3,0.0,128.91955317821999,36.56665851502135,0,False,0,False,0,False,1,True,0
경북,안동시,임하면,47170380,True,False,73,0.864275020500708,0.0821917808219178,0.0410958904109589,0.0136986301369863,0.0,0.410958904109589,0.0547945205479452,0.1917808219178082,0.0410958904109589,0.0,0.1643835616438356,4,0.0410958904109589,128.852434350427,36.5162449349211,0,False,0,False,0,False,2,True,0
경북,안동시,중구동,47170510,True,False,1403,0.7816499174250198,0.08054169636493229,0.021382751247327157,0.007127583749109052,0.004989308624376337,0.3884533143264433,0.09764789736279401,0.04989308624376337,0.039201710620099785,0.022095509622238062,0.2886671418389166,137,0.13257305773342837,128.730798924212,36.56514162301,15,True,17,True,6,True,2,True,1
경북,안동시,태화동,47170600,True,False,845,0.8320853167473641,0.08994082840236686,0.03431952662721893,0.002366863905325444,0.021301775147928994,0.2118343195266272,0.1680473372781065,0.054437869822485205,0.06153846153846154,0.02603550295857988,0.3301775147928994,142,0.046153846153846156,128.712715162044,36.5651424603217,12,True,3,True,1,True,1,True,1
경북,안동시,평화동,47170620,True,False,221,0.8838632011628537,0.11764705882352941,0.058823529411764705,0.004524886877828055,0.03167420814479638,0.2398190045248869,0.18099547511312217,0.02262443438914027,0.06334841628959276,0.02262443438914027,0.2579185520361991,40,0.07239819004524888,128.714226804123,36.5703409396456,4,True,2,True,1,True,0,False,1
경북,안동시,풍산읍,47170250,True,False,446,0.8508497637038516,0.08071748878923767,0.020179372197309416,0.004484304932735426,0.017937219730941704,0.27802690582959644,0.1031390134529148,0.06502242152466367,0.04932735426008968,0.017937219730941704,0.3632286995515695,46,0.03587443946188341,128.57416792810199,36.5796910650606,7,True,2,True,0,False,5,True,1
경북,안동시,풍천면,47170340,True,False,614,0.8037555932110249,0.07166123778501629,0.05537459283387622,0.0016286644951140066,0.035830618892508145,0.1742671009771987,0.08631921824104234,0.08469055374592833,0.05374592833876222,0.04723127035830619,0.38925081433224756,53,0.030944625407166124,128.500687318782,36.5733265719126,10,True,2,True,0,False,2,True,1
경북,영덕군,강구면,47770310,True,True,693,0.6817441457902168,0.01875901875901876,0.008658008658008658,0.004329004329004329,0.008658008658008658,0.22655122655122656,0.07647907647907648,0.13275613275613277,0.011544011544011544,0.030303030303030304,0.481962481962482,53,0.023088023088023088,129.384121058611,36.3591400484434,15,True,4,True,3,True,5,True,2
경북,영덕군,남정면,47770320,True,True,202,0.7195852640111292,0.009900990099009901,0.019801980198019802,0.0,0.0049504950495049506,0.2376237623762376,0.0297029702970297,0.3564356435643564,0.019801980198019802,0.01485148514851485,0.3069306930693069,6,0.034653465346534656,129.374780020505,36.2851941962115,11,True,2,True,0,False,5,True,2
경북,영덕군,달산면,47770330,True,True,31,0.812995581119594,0.0,0.06451612903225806,0.0,0.0,0.3548387096774194,0.06451612903225806,0.3548387096774194,0.0,0.03225806451612903,0.12903225806451613,2,0.03225806451612903,129.277009186309,36.3585648543995,0,False,0,False,0,False,0,False,2
경북,영덕군,병곡면,47770370,True,True,142,0.7036453086994143,0.028169014084507043,0.028169014084507043,0.0,0.02112676056338028,0.21830985915492956,0.04225352112676056,0.4084507042253521,0.014084507042253521,0.02112676056338028,0.21830985915492956,6,0.007042253521126761,129.41183405479552,36.6016937556512,1,True,0,False,0,False,3,True,2
경북,영덕군,영덕읍,47770250,True,True,950,0.8182634376756889,0.07684210526315789,0.02631578947368421,0.00631578947368421,0.021052631578947368,0.24421052631578946,0.14526315789473684,0.061052631578947365,0.04,0.03263157894736842,0.3463157894736842,138,0.08210526315789474,129.370275881315,36.4116729000757,10,True,9,True,4,True,4,True,1
경북,영덕군,영해면,47770360,True,True,588,0.7859084726873153,0.03571428571428571,0.01020408163265306,0.006802721088435374,0.01020408163265306,0.33163265306122447,0.11904761904761904,0.0391156462585034,0.022108843537414966,0.027210884353741496,0.3979591836734694,70,0.061224489795918366,129.40729808212,36.5395809951422,4,True,8,True,3,True,4,True,1
경북,영덕군,지품면,47770340,True,True,37,0.89153273361329,0.02702702702702703,0.05405405405405406,0.0,0.0,0.5135135135135135,0.05405405405405406,0.05405405405405406,0.0,0.05405405405405406,0.24324324324324326,2,0.0,129.281907984027,36.4475064698126,0,False,0,False,0,False,3,True,0
경북,영덕군,창수면,47770380,True,True,22,0.857541221298388,0.0,0.045454545454545456,0.0,0.0,0.2727272727272727,0.0,0.13636363636363635,0.045454545454545456,0.13636363636363635,0.36363636363636365,0,0.045454545454545456,129.3468008294745,36.553474808552295,0,False,0,False,0,False,0,False,2
경북,영덕군,축산면,47770350,True,True,173,0.7328014274218366,0.023121387283236993,0.011560693641618497,0.0,0.011560693641618497,0.3063583815028902,0.08670520231213873,0.09826589595375723,0.017341040462427744,0.017341040462427744,0.4277456647398844,15,0.005780346820809248,129.445703152992,36.507317945144,2,True,2,True,0,False,2,True,2
경북,영양군,석보면,47760350,True,True,59,0.8565865197863635,0.03389830508474576,0.0,0.0,0.0,0.3389830508474576,0.03389830508474576,0.0847457627118644,0.01694915254237288,0.05084745762711865,0.4406779661016949,2,0.01694915254237288,129.125582174562,36.5570070307367,0,False,0,False,0,False,1,True,0
경북,영양군,수비면,47760340,True,True,56,0.8762267491769673,0.017857142857142856,0.017857142857142856,0.0,0.017857142857142856,0.32142857142857145,0.05357142857142857,0.125,0.017857142857142856,0.017857142857142856,0.4107142857142857,3,0.0,129.2008800814935,36.76535750215025,0,False,0,False,0,False,2,True,0
경북,영양군,영양읍,47760250,True,True,504,0.823202315780116,0.06349206349206349,0.031746031746031744,0.001984126984126984,0.001984126984126984,0.3055555555555556,0.12103174603174603,0.015873015873015872,0.04563492063492063,0.037698412698412696,0.375,61,0.015873015873015872,129.11497260417,36.6641836260766,7,True,3,True,0,False,5,True,1
경북,영양군,일월면,47760330,True,True,30,0.8641843565827052,0.03333333333333333,0.0,0.0,0.0,0.43333333333333335,0.0,0.26666666666666666,0.03333333333333333,0.0,0.23333333333333334,0,0.0,129.123477064957,36.721992501753846,1,True,0,False,0,False,0,False,0
경북,영양군,입암면,47760310,True,True,73,0.8438920037371804,0.0547945205479452,0.0136986301369863,0.0,0.0,0.2328767123287671,0.0821917808219178,0.0821917808219178,0.0547945205479452,0.0273972602739726,0.4520547945205479,6,0.0136986301369863,129.089013803006,36.5966227371565,0,False,1,True,0,False,1,True,0
경북,영양군,청기면,47760320,True,True,20,0.857353937846441,0.1,0.0,0.0,0.0,0.4,0.05,0.05,0.05,0.0,0.35,1,0.0,129.06306877321,36.6656858600554,0,False,0,False,0,False,0,False,0
경북,영주시,가흥1동,47210620,True,False,1167,0.7694779691908143,0.05227077977720651,0.0676949443016281,0.003427592116538132,0.04627249357326478,0.19708654670094258,0.14652956298200515,0.004284490145672665,0.02913453299057412,0.050556983718937444,0.4027420736932305,171,0.029991431019708654,128.607312096659,36.8148025299646,22,True,2,True,2,True,4,True,1
경북,영주시,가흥2동,47210630,True,False,358,0.8487385838431134,0.04189944134078212,0.036312849162011177,0.01675977653631285,0.025139664804469275,0.2737430167597765,0.20391061452513967,0.0111731843575419,0.0335195530726257,0.0335195530726257,0.3240223463687151,73,0.04189944134078212,128.607340797544,36.82305239756925,6,True,2,True,2,True,4,True,1
경북,영주시,단산면,47210380,True,False,57,0.8921290503744082,0.017543859649122806,0.03508771929824561,0.0,0.0,0.40350877192982454,0.08771929824561403,0.14035087719298245,0.017543859649122806,0.017543859649122806,0.2807017543859649,5,0.0,128.617694203885,36.951792524588,0,False,0,False,0,False,2,True,0
경북,영주시,문수면,47210330,True,False,58,0.8646717982679701,0.05172413793103448,0.1206896551724138,0.0,0.0,0.20689655172413793,0.06896551724137931,0.27586206896551724,0.034482758620689655,0.05172413793103448,0.1896551724137931,4,0.0,128.6227866210025,36.74566141249695,1,True,0,False,0,False,1,True,2
경북,영주시,봉현면,47210360,True,False,167,0.8163680459947568,0.017964071856287425,0.005988023952095809,0.0,0.023952095808383235,0.4431137724550898,0.05389221556886228,0.10179640718562874,0.029940119760479042,0.023952095808383235,0.2994011976047904,9,0.017964071856287425,128.523225086286,36.8616812437891,2,True,2,True,0,False,2,True,0
경북,영주시,부석면,47210390,True,False,138,0.7935182080281526,0.021739130434782608,0.007246376811594203,0.0,0.014492753623188406,0.2753623188405797,0.08695652173913043,0.14492753623188406,0.014492753623188406,0.0,0.43478260869565216,12,0.021739130434782608,128.657065291917,36.9797475134557,1,True,0,False,0,False,1,True,2
경북,영주시,상망동,47210510,True,False,184,0.8758051236601626,0.07065217391304347,0.02717391304347826,0.005434782608695652,0.010869565217391304,0.41847826086956524,0.20108695652173914,0.0,0.03804347826086957,0.03804347826086957,0.19021739130434784,37,0.04891304347826087,128.63446774311,36.831804138791554,3,True,2,True,1,True,5,True,0
경북,영주시,순흥면,47210370,True,False,89,0.8230982525290311,0.011235955056179775,0.0,0.0,0.0,0.23595505617977527,0.056179775280898875,0.1348314606741573,0.011235955056179775,0.06741573033707865,0.48314606741573035,5,0.011235955056179775,128.57604816154,36.9204438342361,1,True,0,False,0,False,0,False,2
경북,영주시,안정면,47210350,True,False,73,0.8642151509030424,0.0410958904109589,0.0410958904109589,0.0,0.0,0.3150684931506849,0.0547945205479452,0.0547945205479452,0.0547945205479452,0.0821917808219178,0.3561643835616438,4,0.0,128.556901426892,36.8459442925232,0,False,0,False,0,False,3,True,0
경북,영주시,영주1동,47210550,True,False,659,0.7747751938051987,0.0409711684370258,0.021244309559939303,0.007587253414264037,0.006069802731411229,0.4658573596358118,0.13505311077389984,0.021244309559939303,0.02276176024279211,0.018209408194233688,0.26100151745068284,89,0.036418816388467376,128.623440561114,36.8257441938698,4,True,9,True,5,True,1,True,1
경북,영주시,영주2동,47210560,True,False,379,0.8484657259041356,0.05804749340369393,0.021108179419525065,0.013192612137203167,0.010554089709762533,0.3113456464379947,0.1503957783641161,0.036939313984168866,0.029023746701846966,0.03430079155672823,0.33509234828496043,57,0.047493403693931395,128.621911040433,36.8223148753238,4,True,5,True,3,True,1,True,1
경북,영주시,이산면,47210310,True,False,45,0.9075518371098849,0.044444444444444446,0.0,0.0,0.022222222222222223,0.35555555555555557,0.08888888888888889,0.06666666666666667,0.13333333333333333,0.0,0.28888888888888886,4,0.0,128.6722165435,36.8224620708513,0,False,0,False,0,False,1,True,0
경북,영주시,장수면,47210340,True,False,52,0.9298603873850491,0.09615384615384616,0.038461538461538464,0.0,0.019230769230769232,0.36538461538461536,0.09615384615384616,0.019230769230769232,0.038461538461538464,0.057692307692307696,0.2692307692307692,5,0.057692307692307696,128.57944402124548,36.78009745749165,1,True,0,False,0,False,2,True,0
경북,영주시,평은면,47210320,True,False,40,0.8700530587858054,0.0,0.0,0.0,0.0,0.35,0.0,0.325,0.0,0.075,0.25,0,0.0,128.70867455274,36.73966491894715,0,False,0,False,0,False,2,True,2
경북,영주시,풍기읍,47210250,True,False,844,0.7420281929750002,0.02843601895734597,0.009478672985781991,0.0035545023696682463,0.02014218009478673,0.4703791469194313,0.09004739336492891,0.05687203791469194,0.009478672985781991,0.02132701421800948,0.2902843601895735,76,0.06753554502369669,128.526897048695,36.871704070548546,5,True,4,True,1,True,7,True,1
경북,영주시,하망동,47210525,True,False,574,0.7841257823480441,0.041811846689895474,0.033101045296167246,0.013937282229965157,0.006968641114982578,0.3780487804878049,0.15853658536585366,0.013937282229965157,0.024390243902439025,0.024390243902439025,0.3048780487804878,91,0.02613240418118467,128.6264733146065,36.82402450344545,5,True,11,True,7,True,0,False,1
경북,영주시,휴천1동,47210590,True,False,261,0.8435176446081226,0.019157088122605363,0.05747126436781609,0.007662835249042145,0.0038314176245210726,0.2950191570881226,0.2567049808429119,0.0,0.038314176245210725,0.03065134099616858,0.29118773946360155,67,0.02681992337164751,128.628611086366,36.8184701352248,3,True,0,False,0,False,1,True,1
경북,영주시,휴천2동,47210600,True,False,862,0.7860042373471618,0.07424593967517401,0.018561484918793503,0.002320185614849188,0.016241299303944315,0.18677494199535963,0.1554524361948956,0.04060324825986079,0.042923433874709975,0.02320185614849188,0.4396751740139211,134,0.037122969837587005,128.6214788651215,36.810007066615,10,True,4,True,0,False,3,True,1
경북,영주시,휴천3동,47210610,True,False,237,0.8266190089697648,0.06329113924050633,0.02531645569620253,0.0,0.02531645569620253,0.25738396624472576,0.24050632911392406,0.0,0.04219409282700422,0.03375527426160337,0.31223628691983124,57,0.02531645569620253,128.628990847405,36.8077170798578,3,True,0,False,0,False,4,True,1
경북,영천시,고경면,47230380,True,False,188,0.8062281645664332,0.047872340425531915,0.015957446808510637,0.0,0.015957446808510637,0.3723404255319149,0.10106382978723404,0.05319148936170213,0.05319148936170213,0.026595744680851064,0.31382978723404253,19,0.02127659574468085,129.038980704315,35.9913607737168,6,True,0,False,0,False,17,True,0
경북,영천시,금호읍,47230250,True,False,428,0.8493311312489648,0.07242990654205607,0.018691588785046728,0.007009345794392523,0.056074766355140186,0.27102803738317754,0.1261682242990654,0.02102803738317757,0.04906542056074766,0.028037383177570093,0.35046728971962615,54,0.07710280373831775,128.87659410764252,35.9321047665928,7,True,5,True,2,True,9,True,1
경북,영천시,남부동,47230555,True,False,338,0.8426270938328961,0.047337278106508875,0.014792899408284023,0.008875739644970414,0.05917159763313609,0.34615384615384615,0.13313609467455623,0.011834319526627219,0.08284023668639054,0.008875739644970414,0.2869822485207101,45,0.0650887573964497,128.933541336847,35.9416734170387,14,True,2,True,1,True,20,True,1
경북,영천시,대창면,47230400,True,False,84,0.8615358741728845,0.03571428571428571,0.0,0.0,0.023809523809523808,0.38095238095238093,0.07142857142857142,0.047619047619047616,0.05952380952380952,0.023809523809523808,0.35714285714285715,6,0.011904761904761904,128.8952075513555,35.8754836094593,3,True,1,True,0,False,2,True,0
경북,영천시,동부동,47230510,True,False,1126,0.769381378142138,0.04706927175843695,0.0497335701598579,0.0026642984014209592,0.02486678507992895,0.21492007104795738,0.16341030195381884,0.0026642984014209592,0.03285968028419183,0.056838365896980464,0.4049733570159858,184,0.0852575488454707,128.948153184193,35.9753210906973,22,True,9,True,1,True,7,True,1
경북,영천시,북안면,47230390,True,False,112,0.8607378064042026,0.07142857142857142,0.008928571428571428,0.008928571428571428,0.026785714285714284,0.33035714285714285,0.15178571428571427,0.008928571428571428,0.03571428571428571,0.008928571428571428,0.3482142857142857,17,0.026785714285714284,129.008598681959,35.918423374461256,1,True,1,True,0,False,8,True,0
경북,영천시,서부동,47230535,True,False,306,0.8729606719169316,0.10130718954248366,0.02287581699346405,0.00980392156862745,0.0196078431372549,0.3431372549019608,0.20915032679738563,0.016339869281045753,0.07516339869281045,0.006535947712418301,0.19607843137254902,64,0.1111111111111111,128.9220859415355,35.964210938253956,3,True,3,True,1,True,8,True,1
경북,영천시,신녕면,47230320,True,False,236,0.7954245931824616,0.01694915254237288,0.025423728813559324,0.00423728813559322,0.00423728813559322,0.3389830508474576,0.07203389830508475,0.03389830508474576,0.03389830508474576,0.00423728813559322,0.4661016949152542,17,0.012711864406779662,128.7877898521525,36.0420929906782,4,True,2,True,0,False,6,True,2
경북,영천시,완산동,47230540,True,False,822,0.7890431412431468,0.027980535279805353,0.01824817518248175,0.00851581508515815,0.032846715328467155,0.3564476885644769,0.13017031630170317,0.029197080291970802,0.0267639902676399,0.01824817518248175,0.3515815085158151,107,0.09732360097323602,128.938057644318,35.96351579869215,10,True,17,True,7,True,0,False,1
경북,영천시,임고면,47230370,True,False,126,0.8063327315941387,0.015873015873015872,0.015873015873015872,0.0,0.0,0.3333333333333333,0.023809523809523808,0.06349206349206349,0.047619047619047616,0.023809523809523808,0.47619047619047616,3,0.007936507936507936,128.9822568113485,36.0322085182551,2,True,0,False,0,False,5,True,2
경북,영천시,자양면,47230360,True,False,24,0.8281091505966166,0.041666666666666664,0.16666666666666666,0.0,0.0,0.20833333333333334,0.041666666666666664,0.041666666666666664,0.08333333333333333,0.0,0.4166666666666667,1,0.0,129.021420915432,36.08742906654605,0,False,0,False,0,False,0,False,0
경북,영천시,중앙동,47230520,True,False,767,0.8378433386752654,0.11342894393741851,0.05345501955671447,0.0,0.014341590612777053,0.19035202086049544,0.1395045632333768,0.027379400260756193,0.041720990873533245,0.05997392438070404,0.35984354628422427,107,0.1016949152542373,128.934081369888,35.972020830467,14,True,4,True,0,False,7,True,1
경북,영천시,청통면,47230310,True,False,156,0.8122780722026944,0.02564102564102564,0.019230769230769232,0.0,0.038461538461538464,0.27564102564102566,0.08333333333333333,0.09615384615384616,0.0641025641025641,0.03205128205128205,0.36538461538461536,13,0.02564102564102564,128.82254903953998,35.9916410868686,2,True,1,True,0,False,6,True,2
경북,영천시,화남면,47230350,True,False,101,0.8429235356777036,0.0,0.039603960396039604,0.0,0.0297029702970297,0.26732673267326734,0.0891089108910891,0.0594059405940594,0.009900990099009901,0.019801980198019802,0.48514851485148514,9,0.019801980198019802,128.893042403011,36.061330282955,1,True,0,False,0,False,2,True,2
경북,영천시,화북면,47230340,True,False,68,0.8419163666536378,0.014705882352941176,0.04411764705882353,0.0,0.0,0.2647058823529412,0.058823529411764705,0.17647058823529413,0.014705882352941176,0.0,0.4264705882352941,4,0.014705882352941176,128.923829212453,36.1252440082244,1,True,0,False,0,False,1,True,2
경북,영천시,화산면,47230330,True,False,58,0.9266306441748825,0.05172413793103448,0.05172413793103448,0.0,0.034482758620689655,0.43103448275862066,0.05172413793103448,0.017241379310344827,0.06896551724137931,0.017241379310344827,0.27586206896551724,3,0.017241379310344827,128.8571083258345,36.0186091501734,1,True,0,False,0,False,2,True,0
경북,예천군,감천면,47900340,False,True,79,0.8544310060977315,0.012658227848101266,0.012658227848101266,0.0,0.02531645569620253,0.31645569620253167,0.0759493670886076,0.12658227848101267,0.02531645569620253,0.02531645569620253,0.379746835443038,6,0.012658227848101266,128.52694963422,36.7221680841011,0,False,0,False,0,False,5,True,0
경북,예천군,개포면,47900390,False,True,28,0.8953757918999213,0.03571428571428571,0.0,0.0,0.0,0.4642857142857143,0.10714285714285714,0.07142857142857142,0.03571428571428571,0.07142857142857142,0.21428571428571427,3,0.0,128.3554592721935,36.61946868316605,0,False,0,False,0,False,1,True,0
경북,예천군,보문면,47900350,False,True,39,0.8485042808166198,0.07692307692307693,0.02564102564102564,0.0,0.0,0.23076923076923078,0.05128205128205128,0.15384615384615385,0.02564102564102564,0.05128205128205128,0.38461538461538464,2,0.0,128.527287549858,36.6684927624467,1,True,0,False,0,False,2,True,2
경북,예천군,예천읍,47900250,False,True,1086,0.8074646580977276,0.07458563535911603,0.020257826887661142,0.004604051565377533,0.022099447513812154,0.2955801104972376,0.1261510128913444,0.020257826887661142,0.04788213627992634,0.03314917127071823,0.35543278084714547,137,0.03038674033149171,128.454538064688,36.6560431274189,15,True,11,True,1,True,10,True,1
경북,예천군,용궁면,47900380,False,True,119,0.7932126740465522,0.01680672268907563,0.008403361344537815,0.008403361344537815,0.0,0.2689075630252101,0.09243697478991597,0.025210084033613446,0.05042016806722689,0.0,0.5294117647058824,11,0.008403361344537815,128.277539927943,36.6074228066991,2,True,2,True,1,True,3,True,2
경북,예천군,용문면,47900310,False,True,61,0.8622195062391109,0.03278688524590164,0.0,0.0,0.01639344262295082,0.21311475409836064,0.09836065573770492,0.14754098360655737,0.01639344262295082,0.04918032786885246,0.4262295081967213,6,0.01639344262295082,128.407596737518,36.6901799992868,0,False,0,False,0,False,1,True,2
경북,예천군,유천면,47900370,False,True,37,0.8866485614387887,0.0,0.0,0.0,0.0,0.4594594594594595,0.10810810810810811,0.0,0.05405405405405406,0.08108108108108109,0.2972972972972973,4,0.08108108108108109,128.37697566243,36.6342361497271,2,True,0,False,0,False,4,True,0
경북,예천군,은풍면,47900430,False,True,34,0.875450928640163,0.058823529411764705,0.029411764705882353,0.0,0.0,0.3235294117647059,0.14705882352941177,0.0,0.0,0.029411764705882353,0.4117647058823529,5,0.0,128.4426423526655,36.74441774856135,1,True,0,False,0,False,1,True,0
경북,예천군,지보면,47900400,False,True,108,0.8481242491858144,0.018518518518518517,0.009259259259259259,0.009259259259259259,0.009259259259259259,0.28703703703703703,0.12037037037037036,0.08333333333333333,0.027777777777777776,0.05555555555555555,0.37962962962962965,13,0.0,128.3881029629905,36.543425993089954,1,True,0,False,0,False,1,True,0
경북,예천군,풍양면,47900410,False,True,112,0.8567083305297009,0.017857142857142856,0.0,0.0,0.008928571428571428,0.24107142857142858,0.08035714285714286,0.08035714285714286,0.026785714285714284,0.03571428571428571,0.5089285714285714,9,0.008928571428571428,128.300174684616,36.5092540767937,1,True,1,True,0,False,2,True,2
경북,예천군,호명읍,47900253,False,True,649,0.7818049510729087,0.04468412942989214,0.10785824345146379,0.007704160246533128,0.040061633281972264,0.1617873651771957,0.11710323574730354,0.01848998459167951,0.026194144838212634,0.04776579352850539,0.4283513097072419,76,0.05701078582434515,128.489082416717,36.5763824703827,11,True,6,True,5,True,0,False,1
경북,예천군,효자면,47900420,False,True,34,0.8892415909445228,0.0,0.11764705882352941,0.0,0.0,0.4411764705882353,0.0,0.14705882352941177,0.0,0.029411764705882353,0.2647058823529412,0,0.0,128.4192728892715,36.794314426335646,0,False,0,False,0,False,0,False,0
경북,울릉군,북면,47940320,True,True,120,0.7186867014679187,0.025,0.0,0.0,0.008333333333333333,0.18333333333333332,0.041666666666666664,0.35833333333333334,0.016666666666666666,0.016666666666666666,0.35,5,0.0,130.8729582188845,37.53392413858505,2,True,0,False,0,False,0,False,2
경북,울릉군,서면,47940310,True,True,85,0.7955938147940061,0.011764705882352941,0.011764705882352941,0.0,0.0,0.3058823529411765,0.058823529411764705,0.24705882352941178,0.07058823529411765,0.0,0.29411764705882354,5,0.011764705882352941,130.837434831013,37.4675566152769,1,True,0,False,0,False,1,True,2
경북,울릉군,울릉읍,47940250,True,True,724,0.7013444015931626,0.03038674033149171,0.009668508287292817,0.0013812154696132596,0.0055248618784530384,0.22375690607734808,0.055248618784530384,0.24033149171270718,0.07044198895027624,0.019337016574585635,0.34392265193370164,40,0.022099447513812154,130.9073697946945,37.4846676923083,13,True,2,True,1,True,2,True,2
경북,울진군,근남면,47930330,True,True,166,0.7730181814510441,0.04819277108433735,0.05421686746987952,0.0,0.024096385542168676,0.2289156626506024,0.030120481927710843,0.2289156626506024,0.04216867469879518,0.018072289156626505,0.3253012048192771,5,0.018072289156626505,129.3973139641135,36.96261999923705,2,True,0,False,0,False,1,True,2
경북,울진군,금강송면,47930390,True,True,35,0.8643072962292114,0.0,0.02857142857142857,0.0,0.0,0.37142857142857144,0.02857142857142857,0.2857142857142857,0.0,0.0,0.2857142857142857,1,0.02857142857142857,129.246152828846,36.9377303490441,0,False,0,False,0,False,1,True,2
경북,울진군,기성면,47930350,True,True,117,0.801594091822776,0.03418803418803419,0.008547008547008548,0.008547008547008548,0.0,0.29914529914529914,0.05128205128205128,0.1794871794871795,0.017094017094017096,0.06837606837606838,0.3333333333333333,6,0.008547008547008548,129.4518988155,36.7971024322971,2,True,0,False,0,False,2,True,2
경북,울진군,매화면,47930400,True,True,83,0.8668495398721286,0.024096385542168676,0.024096385542168676,0.0,0.012048192771084338,0.20481927710843373,0.07228915662650602,0.07228915662650602,0.04819277108433735,0.07228915662650602,0.46987951807228917,6,0.0,129.383190600767,36.9075511223773,0,False,1,True,0,False,2,True,2
경북,울진군,북면,47930310,True,True,405,0.7633651325913174,0.01728395061728395,0.04197530864197531,0.0049382716049382715,0.007407407407407408,0.17777777777777778,0.10864197530864197,0.08641975308641975,0.044444444444444446,0.03209876543209877,0.47901234567901235,44,0.022222222222222223,129.3738041362,37.1033788815312,8,True,2,True,1,True,3,True,2
경북,울진군,온정면,47930360,True,True,76,0.8011673084417175,0.0,0.039473684210526314,0.0,0.013157894736842105,0.18421052631578946,0.10526315789473684,0.27631578947368424,0.039473684210526314,0.013157894736842105,0.32894736842105265,8,0.06578947368421052,129.343768429212,36.7219240557473,2,True,0,False,0,False,2,True,2
경북,울진군,울진읍,47930250,True,True,941,0.8341549237602783,0.0669500531349628,0.03719447396386823,0.009564293304994687,0.010626992561105207,0.29861849096705634,0.13177470775770456,0.025504782146652496,0.04675876726886291,0.04357066950053135,0.3294367693942614,124,0.03506907545164718,129.401571608577,36.9922277045166,16,True,8,True,6,True,5,True,1
경북,울진군,죽변면,47930370,True,True,583,0.7357936016285737,0.024013722126929673,0.010291595197255575,0.0017152658662092624,0.008576329331046312,0.22984562607204118,0.07547169811320754,0.08747855917667238,0.04974271012006861,0.036020583190394515,0.47684391080617494,44,0.012006861063464836,129.420885753737,37.0590672184935,11,True,3,True,1,True,4,True,2
경북,울진군,평해읍,47930253,True,True,171,0.8443712060114442,0.017543859649122806,0.0,0.0,0.005847953216374269,0.36257309941520466,0.08771929824561403,0.18128654970760233,0.05847953216374269,0.005847953216374269,0.2807017543859649,15,0.011695906432748537,129.442620790173,36.7264679168896,2,True,2,True,0,False,1,True,0
경북,울진군,후포면,47930380,True,True,668,0.7478996339676318,0.02694610778443114,0.020958083832335328,0.0029940119760479044,0.010479041916167664,0.27694610778443113,0.1092814371257485,0.0688622754491018,0.014970059880239521,0.05089820359281437,0.4176646706586826,73,0.07634730538922156,129.44340912836498,36.6800329934769,18,True,4,True,0,False,4,True,1
경북,의성군,가음면,47730360,True,True,44,0.8728447313216233,0.0,0.0,0.0,0.0,0.25,0.1590909090909091,0.0,0.06818181818181818,0.022727272727272728,0.5,7,0.0,128.727149689546,36.23289414787635,0,False,0,False,0,False,0,False,0
경북,의성군,구천면,47730400,True,True,26,0.9490544006475141,0.07692307692307693,0.07692307692307693,0.0,0.038461538461538464,0.38461538461538464,0.15384615384615385,0.0,0.0,0.0,0.2692307692307692,4,0.038461538461538464,128.4317240021445,36.350003218675354,0,False,0,False,0,False,0,False,0
경북,의성군,금성면,47730370,True,True,186,0.8489107831485456,0.016129032258064516,0.021505376344086023,0.005376344086021506,0.010752688172043012,0.3709677419354839,0.16129032258064516,0.03763440860215054,0.03763440860215054,0.005376344086021506,0.3333333333333333,30,0.021505376344086023,128.6833215206885,36.253612554936794,2,True,2,True,0,False,2,True,0
경북,의성군,다인면,47730440,True,True,95,0.8564803249432092,0.010526315789473684,0.031578947368421054,0.0,0.010526315789473684,0.30526315789473685,0.1368421052631579,0.010526315789473684,0.06315789473684211,0.010526315789473684,0.42105263157894735,13,0.010526315789473684,128.354917838006,36.4497488909943,2,True,2,True,0,False,1,True,0
경북,의성군,단밀면,47730410,True,True,55,0.8365866696528172,0.03636363636363636,0.01818181818181818,0.0,0.0,0.23636363636363636,0.05454545454545454,0.10909090909090909,0.05454545454545454,0.01818181818181818,0.4727272727272727,3,0.01818181818181818,128.316251978597,36.3657129610019,0,False,0,False,0,False,3,True,2
경북,의성군,단북면,47730420,True,True,30,0.9748220055008999,0.03333333333333333,0.0,0.0,0.0,0.36666666666666664,0.16666666666666666,0.0,0.16666666666666666,0.06666666666666667,0.2,5,0.0,128.415229236317,36.38926411784665,0,False,0,False,0,False,1,True,0
경북,의성군,단촌면,47730310,True,True,86,0.8914060958952927,0.06976744186046512,0.05813953488372093,0.0,0.0,0.29069767441860467,0.13953488372093023,0.0,0.046511627906976744,0.0,0.3953488372093023,12,0.011627906976744186,128.6734985171995,36.4231136118105,1,True,0,False,0,False,1,True,0
경북,의성군,봉양면,47730380,True,True,234,0.8294009821183318,0.0811965811965812,0.017094017094017096,0.008547008547008548,0.05128205128205128,0.2564102564102564,0.08547008547008547,0.021367521367521368,0.02564102564102564,0.029914529914529916,0.4230769230769231,20,0.017094017094017096,128.5793085536125,36.299286951079196,2,True,2,True,1,True,8,True,1
경북,의성군,비안면,47730390,True,True,44,0.9292350890050669,0.022727272727272728,0.06818181818181818,0.0,0.09090909090909091,0.3409090909090909,0.11363636363636363,0.0,0.09090909090909091,0.0,0.2727272727272727,5,0.0,128.494194720253,36.3368100787806,1,True,0,False,0,False,3,True,0
경북,의성군,사곡면,47730340,True,True,19,0.9124568882514589,0.0,0.0,0.0,0.0,0.6842105263157895,0.05263157894736842,0.0,0.0,0.05263157894736842,0.21052631578947367,1,0.0,128.770738918994,36.3057454441549,0,False,0,False,0,False,1,True,0
경북,의성군,신평면,47730450,True,True,8,0.9283832117695864,0.125,0.0,0.0,0.0,0.5,0.125,0.0,0.0,0.0,0.25,1,0.0,128.50555766338,36.476424197800554,0,False,0,False,0,False,0,False,0
경북,의성군,안계면,47730430,True,True,416,0.8223900300848291,0.036057692307692304,0.021634615384615384,0.01201923076923077,0.004807692307692308,0.3629807692307692,0.1346153846153846,0.01201923076923077,0.026442307692307692,0.02403846153846154,0.36538461538461536,56,0.01201923076923077,128.43649428400448,36.385375391397545,3,True,6,True,3,True,6,True,1
경북,의성군,안사면,47730470,True,True,7,0.9755037590061084,0.0,0.0,0.0,0.0,0.42857142857142855,0.14285714285714285,0.0,0.0,0.14285714285714285,0.2857142857142857,1,0.0,128.451528866915,36.4621567118711,0,False,0,False,0,False,0,False,0
경북,의성군,안평면,47730460,True,True,31,0.9431523801524391,0.03225806451612903,0.03225806451612903,0.0,0.0,0.3870967741935484,0.06451612903225806,0.03225806451612903,0.03225806451612903,0.0,0.41935483870967744,2,0.03225806451612903,128.580526089055,36.3759465611263,0,False,0,False,0,False,0,False,0
경북,의성군,옥산면,47730330,True,True,36,0.9017504884257307,0.05555555555555555,0.027777777777777776,0.0,0.0,0.3611111111111111,0.1111111111111111,0.027777777777777776,0.027777777777777776,0.027777777777777776,0.3611111111111111,4,0.0,128.80365858876598,36.4005441635167,0,False,0,False,0,False,1,True,0
경북,의성군,의성읍,47730250,True,True,944,0.8290329390695585,0.09427966101694915,0.024364406779661018,0.01059322033898305,0.011652542372881356,0.2934322033898305,0.1239406779661017,0.013771186440677966,0.05508474576271186,0.029661016949152543,0.3432203389830508,117,0.07309322033898305,128.696968555953,36.350564326835396,12,True,9,True,5,True,12,True,1
경북,의성군,점곡면,47730320,True,True,33,0.8794050633951109,0.0,0.030303030303030304,0.030303030303030304,0.0,0.3333333333333333,0.06060606060606061,0.030303030303030304,0.0,0.030303030303030304,0.48484848484848486,2,0.0,128.766589961551,36.4237237467898,0,False,0,False,0,False,2,True,0
경북,의성군,춘산면,47730350,True,True,32,0.8912801018680185,0.09375,0.0625,0.0,0.0,0.4375,0.03125,0.0625,0.03125,0.0,0.28125,1,0.0,128.804233956431,36.2380065992388,0,False,0,False,0,False,1,True,0
경북,청도군,각남면,47820310,True,True,54,0.8860827624579567,0.07407407407407407,0.05555555555555555,0.0,0.037037037037037035,0.25925925925925924,0.05555555555555555,0.2037037037037037,0.09259259259259259,0.037037037037037035,0.18518518518518517,3,0.037037037037037035,128.6678238984395,35.640159069044145,1,True,0,False,0,False,1,True,0
경북,청도군,각북면,47820330,True,True,137,0.7766518504664243,0.021897810218978103,0.0072992700729927005,0.014598540145985401,0.058394160583941604,0.2773722627737226,0.021897810218978103,0.23357664233576642,0.014598540145985401,0.029197080291970802,0.32116788321167883,3,0.0,128.575921371023,35.7063727822039,0,False,0,False,0,False,2,True,2
경북,청도군,금천면,47820360,True,True,165,0.8305209923538643,0.01818181818181818,0.03636363636363636,0.006060606060606061,0.024242424242424242,0.21212121212121213,0.10909090909090909,0.11515151515151516,0.030303030303030304,0.012121212121212121,0.43636363636363634,18,0.024242424242424242,128.891464207256,35.6925756868956,1,True,2,True,0,False,2,True,2
경북,청도군,매전면,47820370,True,True,136,0.7771738259659281,0.03676470588235294,0.029411764705882353,0.007352941176470588,0.0661764705882353,0.23529411764705882,0.007352941176470588,0.33088235294117646,0.007352941176470588,0.022058823529411766,0.25735294117647056,1,0.007352941176470588,128.8489207340285,35.667197722619804,2,True,0,False,0,False,2,True,2
경북,청도군,운문면,47820350,True,True,239,0.629077463151123,0.02510460251046025,0.012552301255230125,0.0,0.012552301255230125,0.1589958158995816,0.008368200836820083,0.35564853556485354,0.008368200836820083,0.012552301255230125,0.40585774058577406,2,0.008368200836820083,128.968196574519,35.6826672494152,2,True,0,False,0,False,1,True,2
경북,청도군,이서면,47820340,True,True,204,0.8173079044836598,0.058823529411764705,0.0392156862745098,0.004901960784313725,0.05392156862745098,0.2107843137254902,0.058823529411764705,0.14215686274509803,0.04411764705882353,0.024509803921568627,0.3627450980392157,12,0.014705882352941176,128.66832305248602,35.67125753464025,2,True,1,True,1,True,3,True,2
경북,청도군,청도읍,47820253,True,True,890,0.7751037454794877,0.051685393258426963,0.020224719101123594,0.011235955056179775,0.017977528089887642,0.25842696629213485,0.11797752808988764,0.025842696629213482,0.04269662921348315,0.030337078651685393,0.42359550561797754,105,0.06292134831460675,128.744856550882,35.64385763661045,10,True,9,True,8,True,8,True,1
경북,청도군,풍각면,47820320,True,True,253,0.7886922908525538,0.03557312252964427,0.003952569169960474,0.0,0.04743083003952569,0.233201581027668,0.08695652173913043,0.13043478260869565,0.015810276679841896,0.019762845849802372,0.4268774703557312,22,0.019762845849802372,128.616056547584,35.6409641932728,4,True,4,True,0,False,1,True,2
경북,청도군,화양읍,47820250,True,True,477,0.7996484875870743,0.09224318658280922,0.0440251572327044,0.0041928721174004195,0.05241090146750524,0.2180293501048218,0.07337526205450734,0.15932914046121593,0.03563941299790356,0.020964360587002098,0.29979035639413,35,0.029350104821802937,128.718186362877,35.6524807406761,6,True,2,True,0,False,5,True,1
경북,청송군,부남면,47750320,True,True,104,0.8602027668115189,0.0,0.009615384615384616,0.0,0.009615384615384616,0.3557692307692308,0.08653846153846154,0.028846153846153848,0.04807692307692308,0.009615384615384616,0.4519230769230769,9,0.009615384615384616,129.0644763130265,36.3459202323564,2,True,1,True,0,False,3,True,0
경북,청송군,안덕면,47750350,True,True,102,0.8411263884181525,0.0,0.0,0.0,0.029411764705882353,0.2647058823529412,0.08823529411764706,0.0392156862745098,0.0392156862745098,0.058823529411764705,0.4803921568627451,9,0.00980392156862745,128.958477520275,36.2885601705531,1,True,0,False,0,False,1,True,2
경북,청송군,주왕산면,47750315,True,True,135,0.73933632088096,0.0,0.014814814814814815,0.0,0.0,0.32592592592592595,0.0,0.18518518518518517,0.007407407407407408,0.022222222222222223,0.4444444444444444,0,0.0,129.143402412397,36.3834599045139,1,True,0,False,0,False,0,False,2
경북,청송군,진보면,47750370,True,True,495,0.7958063131529542,0.024242424242424242,0.012121212121212121,0.00202020202020202,0.022222222222222223,0.30505050505050507,0.1111111111111111,0.01616161616161616,0.03636363636363636,0.030303030303030304,0.4404040404040404,55,0.014141414141414142,129.045736605607,36.528671345142,6,True,5,True,0,False,5,True,1
경북,청송군,청송읍,47750250,True,True,411,0.805567852644554,0.07785888077858881,0.009732360097323601,0.004866180048661801,0.004866180048661801,0.24817518248175183,0.08759124087591241,0.04866180048661801,0.038929440389294405,0.0364963503649635,0.44282238442822386,36,0.0170316301703163,129.056061650104,36.4342603746032,4,True,2,True,1,True,1,True,1
경북,청송군,파천면,47750360,True,True,46,0.8085655581070047,0.021739130434782608,0.021739130434782608,0.0,0.043478260869565216,0.2608695652173913,0.021739130434782608,0.3695652173913043,0.043478260869565216,0.0,0.21739130434782608,1,0.0,129.02666938969202,36.4504417761585,0,False,0,False,0,False,2,True,2
경북,청송군,현동면,47750330,True,True,122,0.8294587305382144,0.01639344262295082,0.00819672131147541,0.0,0.040983606557377046,0.30327868852459017,0.09836065573770492,0.02459016393442623,0.0,0.03278688524590164,0.47540983606557374,12,0.03278688524590164,129.01743021370402,36.29000758472155,1,True,1,True,0,False,2,True,2
경북,청송군,현서면,47750340,True,True,118,0.7992964330889191,0.00847457627118644,0.025423728813559324,0.00847457627118644,0.00847457627118644,0.2033898305084746,0.09322033898305085,0.01694915254237288,0.025423728813559324,0.05084745762711865,0.559322033898305,11,0.0,128.896917934576,36.27577112678405,1,True,1,True,1,True,3,True,2
경북,칠곡군,가산면,47850330,False,True,311,0.8056382379206705,0.04823151125401929,0.01929260450160772,0.0,0.04180064308681672,0.3762057877813505,0.05466237942122187,0.06752411575562701,0.04501607717041801,0.028938906752411574,0.3183279742765273,17,0.01929260450160772,128.521172751901,36.0893034869763,9,True,0,False,0,False,19,True,0
경북,칠곡군,기산면,47850370,False,True,106,0.9061614773027079,0.018867924528301886,0.0660377358490566,0.0,0.05660377358490566,0.39622641509433965,0.05660377358490566,0.04716981132075472,0.05660377358490566,0.02830188679245283,0.27358490566037735,6,0.018867924528301886,128.379610293116,35.984444205487,3,True,0,False,0,False,4,True,0
경북,칠곡군,동명면,47850320,False,True,558,0.7699326355636346,0.06272401433691756,0.010752688172043012,0.005376344086021506,0.034050179211469536,0.24551971326164876,0.06810035842293907,0.0931899641577061,0.04838709677419355,0.026881720430107527,0.4050179211469534,38,0.043010752688172046,128.5566234336495,35.9968078744089,11,True,3,True,1,True,14,True,1
경북,칠곡군,북삼읍,47850253,False,True,1090,0.7796598239837266,0.03944954128440367,0.05229357798165138,0.0045871559633027525,0.03211009174311927,0.26422018348623855,0.15412844036697249,0.0027522935779816515,0.03853211009174312,0.05779816513761468,0.3541284403669725,168,0.03394495412844037,128.3417348115505,36.06743517032085,32,True,9,True,4,True,10,True,1
경북,칠곡군,석적읍,47850256,False,True,1296,0.7978752281602668,0.03780864197530864,0.05632716049382716,0.004629629629629629,0.037037037037037035,0.21604938271604937,0.14351851851851852,0.020061728395061727,0.038580246913580245,0.05787037037037037,0.3881172839506173,186,0.06558641975308642,128.41056729621198,36.0763023098237,48,True,9,True,5,True,5,True,1
경북,칠곡군,약목면,47850360,False,True,389,0.8359411318571182,0.03598971722365039,0.010282776349614395,0.002570694087403599,0.012853470437017995,0.3161953727506427,0.14395886889460155,0.04627249357326478,0.07197943444730077,0.04113110539845758,0.31876606683804626,56,0.02570694087403599,128.365885994772,36.0331136961183,7,True,4,True,0,False,11,True,1
경북,칠곡군,왜관읍,47850250,False,True,2116,0.8085274177849738,0.06285444234404537,0.0335538752362949,0.008506616257088847,0.03260869565217391,0.2731568998109641,0.13468809073724008,0.008979206049149339,0.030245746691871456,0.038752362948960305,0.3766540642722117,285,0.03544423440453686,128.399418648589,35.9893814741414,45,True,21,True,14,True,31,True,1
경북,칠곡군,지천면,47850310,False,True,283,0.8896163851254163,0.06713780918727916,0.028268551236749116,0.0035335689045936395,0.05653710247349823,0.35335689045936397,0.08480565371024736,0.038869257950530034,0.07773851590106007,0.053003533568904596,0.23674911660777384,24,0.0176678445229682,128.486530272973,35.9561108388099,8,True,1,True,1,True,3,True,0
대구,군위군,군위읍,27720250,True,True,559,0.8334313731967659,0.1073345259391771,0.03041144901610018,0.005366726296958855,0.04830053667262969,0.3005366726296959,0.10196779964221825,0.012522361359570662,0.03398926654740608,0.03041144901610018,0.3291592128801431,57,0.023255813953488372,128.567232343136,36.2370616244926,9,True,5,True,3,True,11,True,1
대구,군위군,부계면,27720330,True,True,156,0.6794607953765895,0.02564102564102564,0.00641025641025641,0.0,0.057692307692307696,0.16025641025641027,0.03205128205128205,0.1858974358974359,0.01282051282051282,0.03205128205128205,0.48717948717948717,5,0.019230769230769232,128.654776773476,36.0516625282344,2,True,0,False,0,False,2,True,2
대구,군위군,산성면,27720360,True,True,45,0.8830698881525072,0.022222222222222223,0.0,0.0,0.0,0.28888888888888886,0.044444444444444446,0.06666666666666667,0.022222222222222223,0.06666666666666667,0.4888888888888889,2,0.08888888888888889,128.695891477509,36.1248326955407,0,False,0,False,0,False,1,True,0
대구,군위군,삼국유사면,27720370,True,True,36,0.7959205804712669,0.0,0.027777777777777776,0.0,0.0,0.16666666666666666,0.027777777777777776,0.2777777777777778,0.05555555555555555,0.05555555555555555,0.3888888888888889,1,0.0,128.7798793108185,36.12316697355645,0,False,0,False,0,False,1,True,2
대구,군위군,소보면,27720310,True,True,63,0.8872246973396151,0.06349206349206349,0.047619047619047616,0.0,0.047619047619047616,0.2857142857142857,0.047619047619047616,0.031746031746031744,0.015873015873015872,0.047619047619047616,0.4126984126984127,3,0.0,128.478496430466,36.2560663064916,1,True,0,False,0,False,0,False,0
대구,군위군,우보면,27720340,True,True,48,0.9280530525794649,0.0625,0.0,0.0,0.041666666666666664,0.3541666666666667,0.125,0.041666666666666664,0.041666666666666664,0.020833333333333332,0.3125,6,0.0,128.664891761796,36.1948306172315,0,False,1,True,0,False,2,True,0
대구,군위군,의흥면,27720350,True,True,92,0.8486545133585816,0.021739130434782608,0.0,0.0,0.03260869565217391,0.32608695652173914,0.09782608695652174,0.03260869565217391,0.0,0.043478260869565216,0.44565217391304346,9,0.0,128.71601685800698,36.1742840130391,3,True,0,False,0,False,3,True,0
대구,군위군,효령면,27720320,True,True,140,0.8653882437768874,0.05714285714285714,0.02857142857142857,0.0,0.03571428571428571,0.30714285714285716,0.11428571428571428,0.07142857142857142,0.02857142857142857,0.007142857142857143,0.35,16,0.014285714285714285,128.5849226879175,36.13551330827735,3,True,2,True,0,False,4,True,0
대구,남구,대명10동,27200650,True,False,650,0.8082913107625865,0.1476923076923077,0.016923076923076923,0.010769230769230769,0.027692307692307693,0.18769230769230769,0.19384615384615383,0.012307692307692308,0.04461538461538461,0.033846153846153845,0.32461538461538464,126,0.04923076923076923,128.5679436535235,35.8400934138958,13,True,8,True,5,True,1,True,1
대구,남구,대명11동,27200660,True,False,614,0.8075107471973121,0.09446254071661238,0.017915309446254073,0.014657980456026058,0.013029315960912053,0.44788273615635177,0.11074918566775244,0.004885993485342019,0.029315960912052116,0.019543973941368076,0.247557003257329,68,0.06188925081433225,128.55853401127848,35.8349068427915,11,True,10,True,7,True,2,True,1
대구,남구,대명1동,27200560,True,False,340,0.8580336602021292,0.1411764705882353,0.029411764705882353,0.008823529411764706,0.058823529411764705,0.18529411764705883,0.18529411764705883,0.014705882352941176,0.041176470588235294,0.029411764705882353,0.3058823529411765,63,0.026470588235294117,128.576487259098,35.84184394508955,5,True,4,True,3,True,1,True,1
대구,남구,대명2동,27200571,True,False,799,0.8244332851257277,0.10888610763454318,0.05381727158948686,0.008760951188986232,0.04130162703379224,0.23028785982478098,0.1214017521902378,0.016270337922403004,0.04755944931163955,0.01376720901126408,0.3579474342928661,97,0.07259073842302878,128.590034646612,35.8530488506025,19,True,10,True,5,True,3,True,1
대구,남구,대명3동,27200586,True,False,944,0.848101821746701,0.1271186440677966,0.037076271186440676,0.005296610169491525,0.038135593220338986,0.2309322033898305,0.11864406779661017,0.007415254237288136,0.04766949152542373,0.04025423728813559,0.3474576271186441,112,0.04449152542372881,128.580587775088,35.85497734999685,13,True,5,True,3,True,2,True,1
대구,남구,대명4동,27200590,True,False,635,0.8173876086464008,0.10078740157480315,0.009448818897637795,0.009448818897637795,0.026771653543307086,0.2992125984251969,0.15590551181102363,0.014173228346456693,0.03937007874015748,0.03622047244094488,0.30866141732283464,99,0.05354330708661417,128.570754482668,35.8472430813097,9,True,18,True,3,True,2,True,1
대구,남구,대명5동,27200600,True,False,607,0.8346296910122337,0.10378912685337727,0.044481054365733116,0.013179571663920923,0.036243822075782535,0.2026359143327842,0.13179571663920922,0.013179571663920923,0.04612850082372323,0.032948929159802305,0.3756177924217463,80,0.09060955518945635,128.586916543581,35.8448804669821,14,True,20,True,6,True,1,True,1
대구,남구,대명6동,27200610,True,False,560,0.8668551175464865,0.16607142857142856,0.05714285714285714,0.017857142857142856,0.0625,0.24464285714285713,0.15535714285714286,0.008928571428571428,0.044642857142857144,0.014285714285714285,0.22857142857142856,87,0.060714285714285714,128.566491605184,35.837412733621704,10,True,4,True,9,True,1,True,1
대구,남구,대명9동,27200640,True,False,785,0.8425311244863664,0.14140127388535031,0.04076433121019108,0.0025477707006369425,0.0267515923566879,0.22038216560509555,0.13248407643312102,0.02038216560509554,0.050955414012738856,0.02929936305732484,0.33503184713375794,104,0.04713375796178344,128.578060959071,35.8371918455979,12,True,6,True,1,True,1,True,1
대구,남구,봉덕1동,27200530,True,False,651,0.8432815013905801,0.10291858678955453,0.027649769585253458,0.007680491551459293,0.026113671274961597,0.2980030721966206,0.12749615975422426,0.007680491551459293,0.0445468509984639,0.03379416282642089,0.3241167434715822,83,0.041474654377880185,128.597550400873,35.8462441456655,7,True,8,True,4,True,3,True,1
대구,남구,봉덕2동,27200540,True,False,470,0.8166002907869886,0.09787234042553192,0.04468085106382979,0.01276595744680851,0.0574468085106383,0.2404255319148936,0.14042553191489363,0.00425531914893617,0.027659574468085105,0.04042553191489362,0.33404255319148934,66,0.031914893617021274,128.603628680778,35.8388890798412,9,True,2,True,5,True,0,False,1
대구,남구,봉덕3동,27200550,True,False,858,0.8462794637096085,0.11421911421911422,0.055944055944055944,0.006993006993006993,0.038461538461538464,0.22494172494172493,0.17016317016317017,0.011655011655011656,0.05244755244755245,0.03263403263403263,0.2925407925407925,146,0.02564102564102564,128.59731322355952,35.842074336053,19,True,6,True,5,True,1,True,1
대구,남구,이천동,27200515,True,False,492,0.8679200092341072,0.11991869918699187,0.08943089430894309,0.0040650406504065045,0.036585365853658534,0.258130081300813,0.17276422764227642,0.012195121951219513,0.036585365853658534,0.034552845528455285,0.23577235772357724,85,0.046747967479674794,128.603025705165,35.8531810772327,8,True,2,True,2,True,1,True,1
대구,달성군,가창면,27710310,False,True,388,0.7713392037623338,0.07474226804123711,0.020618556701030927,0.005154639175257732,0.04896907216494845,0.22422680412371135,0.05670103092783505,0.041237113402061855,0.03608247422680412,0.03608247422680412,0.45618556701030927,22,0.04381443298969072,128.636110901294,35.7812673863793,7,True,2,True,1,True,7,True,1
대구,달성군,구지면,27710380,False,True,693,0.779494991125625,0.03318903318903319,0.06060606060606061,0.007215007215007215,0.05916305916305916,0.16305916305916307,0.10533910533910534,0.010101010101010102,0.030303030303030304,0.04040404040404041,0.4906204906204906,73,0.03751803751803752,128.41813407541,35.655971164744,20,True,4,True,5,True,3,True,1
대구,달성군,논공읍,27710253,False,True,1021,0.8301660345798204,0.040156709108716944,0.013712047012732615,0.004897159647404506,0.04603330068560235,0.3046033300685602,0.14887365328109697,0.011753183153770812,0.05288932419196866,0.05680705190989226,0.32027424094025464,152,0.029382957884427033,128.444111085112,35.7297528916184,30,True,9,True,0,False,17,True,1
대구,달성군,다사읍,27710256,False,True,2317,0.7798746355011423,0.04229607250755287,0.09236081139404402,0.012516184721622789,0.03798014674147605,0.22183858437634874,0.14285714285714285,0.001294777729823047,0.02157962883038412,0.06214933103150626,0.36512731981009927,331,0.1342252913249892,128.466737110829,35.8640382640363,49,True,31,True,25,True,9,True,1
대구,달성군,옥포읍,27710262,False,True,731,0.8181316293824124,0.05198358413132695,0.060191518467852256,0.01094391244870041,0.046511627906976744,0.25444596443228457,0.13953488372093023,0.013679890560875513,0.02051983584131327,0.04240766073871409,0.359781121751026,102,0.13406292749658003,128.443197629804,35.7816404846784,12,True,5,True,7,True,6,True,1
대구,달성군,유가읍,27710259,False,True,1117,0.7862102043697203,0.049239033124440466,0.10564010743061773,0.01611459265890779,0.02954341987466428,0.17994628469113697,0.11638316920322292,0.0026857654431512983,0.021486123545210387,0.06445837063563116,0.41450313339301703,130,0.1593554162936437,128.460520917423,35.6931151455351,23,True,9,True,16,True,2,True,1
대구,달성군,하빈면,27710330,False,True,177,0.8299136431905928,0.03389830508474576,0.01694915254237288,0.0,0.07344632768361582,0.3163841807909605,0.096045197740113,0.01694915254237288,0.0903954802259887,0.022598870056497175,0.3333333333333333,17,0.022598870056497175,128.417340004623,35.8799803818034,5,True,1,True,0,False,2,True,0
대구,달성군,현풍읍,27710265,False,True,1373,0.7763685577671724,0.03641660597232338,0.028404952658412235,0.003641660597232338,0.04224326292789512,0.23525127458120904,0.14493809176984704,0.0065549890750182084,0.04005826656955572,0.049526584122359794,0.4129643117261471,199,0.07720320466132556,128.448350947148,35.694244593303,40,True,16,True,2,True,12,True,1
대구,달성군,화원읍,27710250,False,True,1512,0.814632470105021,0.051587301587301584,0.04365079365079365,0.00992063492063492,0.041005291005291,0.27843915343915343,0.1693121693121693,0.0013227513227513227,0.037037037037037035,0.05291005291005291,0.3148148148148148,256,0.03968253968253968,128.497708624407,35.80315007914735,30,True,21,True,14,True,13,True,1
대구,서구,내당1동,27170510,True,False,461,0.8062745532473163,0.0650759219088937,0.04121475054229935,0.015184381778741865,0.06724511930585683,0.1843817787418655,0.1735357917570499,0.013015184381778741,0.03253796095444685,0.04338394793926247,0.3644251626898048,80,0.11062906724511931,128.561367867338,35.8613328892425,11,True,7,True,5,True,2,True,1
대구,서구,내당2.3동,27170525,True,False,443,0.8177330700886658,0.060948081264108354,0.013544018058690745,0.011286681715575621,0.03837471783295711,0.3431151241534989,0.1489841986455982,0.009029345372460496,0.03611738148984198,0.03160270880361174,0.30699774266365687,66,0.06320541760722348,128.571272896567,35.8646550557385,11,True,9,True,3,True,0,False,1
대구,서구,내당4동,27170540,True,False,812,0.8135315720605018,0.06280788177339902,0.034482758620689655,0.009852216748768473,0.03078817733990148,0.2832512315270936,0.1724137931034483,0.007389162561576354,0.04064039408866995,0.038177339901477834,0.32019704433497537,140,0.11083743842364532,128.5508034075445,35.8583203197106,17,True,4,True,8,True,0,False,1
대구,서구,비산1동,27170550,True,False,213,0.829359147461146,0.06103286384976526,0.009389671361502348,0.004694835680751174,0.004694835680751174,0.38497652582159625,0.17370892018779344,0.009389671361502348,0.051643192488262914,0.009389671361502348,0.29107981220657275,37,0.028169014084507043,128.568847823124,35.8806164824339,5,True,4,True,1,True,0,False,1
대구,서구,비산2.3동,27170565,True,False,523,0.7909879936991041,0.045889101338432124,0.011472275334608031,0.011472275334608031,0.021032504780114723,0.27915869980879543,0.14531548757170173,0.0038240917782026767,0.022944550669216062,0.03824091778202677,0.42065009560229444,76,0.1089866156787763,128.572257080945,35.8758565421659,4,True,12,True,4,True,0,False,1
대구,서구,비산4동,27170580,True,False,311,0.8493210709694021,0.09646302250803858,0.02572347266881029,0.0,0.022508038585209004,0.2733118971061093,0.15434083601286175,0.006430868167202572,0.04501607717041801,0.06109324758842444,0.31511254019292606,48,0.06430868167202572,128.571213542375,35.8702273978663,4,True,6,True,0,False,2,True,1
대구,서구,비산5동,27170590,True,False,337,0.8055056523035883,0.026706231454005934,0.02373887240356083,0.011869436201780416,0.026706231454005934,0.2166172106824926,0.13056379821958458,0.026706231454005934,0.020771513353115726,0.04747774480712166,0.4688427299703264,44,0.04154302670623145,128.566853348347,35.8875959089797,4,True,5,True,4,True,0,False,1
대구,서구,비산6동,27170600,True,False,225,0.8414555845346,0.04888888888888889,0.0044444444444444444,0.0,0.06222222222222222,0.3111111111111111,0.18666666666666668,0.017777777777777778,0.02666666666666667,0.044444444444444446,0.29777777777777775,42,0.057777777777777775,128.569868264332,35.8757031419368,5,True,4,True,0,False,1,True,1
대구,서구,비산7동,27170610,True,False,815,0.8066507350344048,0.04171779141104295,0.0036809815950920245,0.001226993865030675,0.01717791411042945,0.26993865030674846,0.1656441717791411,0.033128834355828224,0.03558282208588957,0.03803680981595092,0.39386503067484663,135,0.03803680981595092,128.558095903033,35.8865030783352,11,True,7,True,1,True,3,True,1
대구,서구,상중이동,27170675,True,False,1196,0.8343351087133539,0.11036789297658862,0.03260869565217391,0.004180602006688963,0.026755852842809364,0.28846153846153844,0.18812709030100336,0.0033444816053511705,0.08862876254180602,0.03678929765886288,0.22073578595317725,225,0.09197324414715718,128.542104324058,35.86577574103505,26,True,11,True,3,True,15,True,1
대구,서구,원대동,27170695,True,False,424,0.8440477471995036,0.06839622641509434,0.025943396226415096,0.0047169811320754715,0.02830188679245283,0.30424528301886794,0.13679245283018868,0.007075471698113208,0.0330188679245283,0.02122641509433962,0.37028301886792453,58,0.0589622641509434,128.57622979563052,35.884625598850846,2,True,7,True,1,True,1,True,1
대구,서구,평리1동,27170620,True,False,295,0.8633680845872121,0.0711864406779661,0.030508474576271188,0.0,0.02711864406779661,0.30847457627118646,0.2135593220338983,0.006779661016949152,0.04406779661016949,0.05423728813559322,0.2440677966101695,63,0.061016949152542375,128.565532687143,35.8761311028679,5,True,2,True,0,False,2,True,1
대구,서구,평리2동,27170630,True,False,206,0.856973079858217,0.05339805825242718,0.04854368932038835,0.03398058252427184,0.014563106796116505,0.25728155339805825,0.18932038834951456,0.0,0.06310679611650485,0.019417475728155338,0.32038834951456313,39,0.10194174757281553,128.56434001984002,35.8697289565752,5,True,3,True,1,True,0,False,1
대구,서구,평리3동,27170640,True,False,647,0.8284055164442387,0.07573415765069552,0.027820710973724884,0.013910355486862442,0.04327666151468315,0.23647604327666152,0.14528593508500773,0.0061823802163833074,0.03554868624420402,0.04636785162287481,0.3693972179289026,94,0.1035548686244204,128.558554529622,35.8757918548296,11,True,9,True,4,True,3,True,1
대구,서구,평리4동,27170650,True,False,950,0.779587659735421,0.04105263157894737,0.02631578947368421,0.01368421052631579,0.018947368421052633,0.21052631578947367,0.15052631578947367,0.037894736842105266,0.031578947368421054,0.049473684210526316,0.42,143,0.12105263157894737,128.557516368592,35.8675768834989,13,True,13,True,10,True,2,True,1
대구,서구,평리5동,27170660,True,False,186,0.8514633796696637,0.053763440860215055,0.03225806451612903,0.026881720430107527,0.07526881720430108,0.20967741935483872,0.15591397849462366,0.010752688172043012,0.043010752688172046,0.043010752688172046,0.34946236559139787,29,0.14516129032258066,128.551742974435,35.8705091979261,4,True,5,True,5,True,1,True,1
대구,서구,평리6동,27170661,True,False,174,0.8738091548121621,0.06321839080459771,0.022988505747126436,0.011494252873563218,0.09770114942528736,0.2988505747126437,0.1724137931034483,0.0,0.08620689655172414,0.005747126436781609,0.2413793103448276,30,0.08045977011494253,128.5506212477305,35.8779713582784,3,True,1,True,0,False,8,True,1
부산,기장군,기장읍,26710250,False,True,3425,0.7896704945413797,0.06072992700729927,0.027737226277372264,0.008175182481751826,0.0327007299270073,0.3030656934306569,0.11065693430656934,0.02948905109489051,0.027445255474452555,0.03795620437956204,0.362043795620438,379,0.12846715328467154,129.215440774651,35.2415596801258,71,True,31,True,22,True,10,True,1
부산,기장군,일광읍,26710259,False,True,1437,0.7718910386515242,0.03618649965205289,0.08698677800974251,0.013917884481558803,0.06680584551148225,0.17745302713987474,0.09255393180236604,0.03966597077244259,0.032707028531663185,0.037578288100208766,0.41614474599860823,133,0.08907446068197634,129.230851000705,35.2667377833247,26,True,8,True,17,True,11,True,1
부산,기장군,장안읍,26710253,False,True,901,0.7762412655697198,0.049944506104328525,0.021087680355160933,0.004439511653718091,0.04328523862375139,0.3407325194228635,0.07658157602663707,0.03218645948945616,0.06215316315205328,0.016648168701442843,0.35294117647058826,69,0.10432852386237514,129.251886114983,35.3264955230171,24,True,7,True,3,True,13,True,1
부산,기장군,정관읍,26710256,False,True,2711,0.8085149293551177,0.05237919586868314,0.10254518627812616,0.009959424566580598,0.033566949465142014,0.20250829952047214,0.14090741423828845,0.006270748801180376,0.03725562523054224,0.052010328292143124,0.3625968277388418,382,0.16414607156030986,129.177174349949,35.3223018219805,55,True,23,True,22,True,13,True,1
부산,기장군,철마면,26710330,False,True,271,0.8146907656987774,0.05904059040590406,0.01845018450184502,0.0036900369003690036,0.03690036900369004,0.33579335793357934,0.1033210332103321,0.01107011070110701,0.07011070110701106,0.014760147601476014,0.34686346863468637,28,0.04428044280442804,129.157408760325,35.2749529576565,2,True,2,True,1,True,2,True,1
부산,동구,범일1동,26170650,True,False,353,0.8463302646007899,0.06515580736543909,0.0339943342776204,0.0084985835694051,0.0113314447592068,0.3059490084985836,0.19263456090651557,0.0339943342776204,0.04815864022662889,0.019830028328611898,0.2804532577903683,68,0.039660056657223795,129.054038901819,35.1402040789734,5,True,8,True,2,True,0,False,1
부산,동구,범일2동,26170660,True,False,2527,0.5936517816942323,0.051444400474871387,0.009101701622477245,0.00593589236248516,0.01226751088246933,0.6161456272259597,0.0518401266323704,0.0110803324099723,0.037989711119905026,0.01780767708745548,0.18638702018203404,131,0.03838543727740404,129.059016838236,35.1378606487511,17,True,11,True,11,True,2,True,1
부산,동구,범일5동,26170680,True,False,102,0.8698110796441851,0.029411764705882353,0.00980392156862745,0.0,0.08823529411764706,0.3137254901960784,0.17647058823529413,0.00980392156862745,0.08823529411764706,0.0,0.28431372549019607,18,0.00980392156862745,129.05649084519,35.131805594588,1,True,1,True,0,False,3,True,0
부산,동구,수정1동,26170560,True,False,131,0.8738680723097347,0.05343511450381679,0.04580152671755725,0.0,0.022900763358778626,0.15267175572519084,0.2748091603053435,0.030534351145038167,0.061068702290076333,0.015267175572519083,0.3435114503816794,36,0.0916030534351145,129.042638499872,35.1248432998704,2,True,0,False,0,False,0,False,1
부산,동구,수정2동,26170570,True,False,751,0.7958773056103116,0.10918774966711052,0.022636484687083888,0.017310252996005325,0.02796271637816245,0.21171770972037285,0.10252996005326231,0.007989347536617843,0.03595206391478029,0.03861517976031957,0.42609853528628494,77,0.0758988015978695,129.046702839154,35.1294175616703,9,True,15,True,11,True,0,False,1
부산,동구,수정4동,26170590,True,False,90,0.9127134434148912,0.12222222222222222,0.03333333333333333,0.011111111111111112,0.022222222222222223,0.23333333333333334,0.2222222222222222,0.022222222222222223,0.1,0.03333333333333333,0.2,20,0.07777777777777778,129.040872581347,35.127198220622,2,True,0,False,0,False,0,False,1
부산,동구,수정5동,26170600,True,False,102,0.9000397069796868,0.16666666666666666,0.029411764705882353,0.0,0.0196078431372549,0.24509803921568626,0.3333333333333333,0.00980392156862745,0.049019607843137254,0.00980392156862745,0.13725490196078433,34,0.0196078431372549,129.044876326924,35.135173226185145,2,True,0,False,0,False,0,False,1
부산,동구,좌천동,26170645,True,False,294,0.8353742790384666,0.11224489795918367,0.027210884353741496,0.01020408163265306,0.017006802721088437,0.45918367346938777,0.1360544217687075,0.003401360544217687,0.03741496598639456,0.006802721088435374,0.19047619047619047,40,0.034013605442176874,129.050699212508,35.134262675835,3,True,12,True,0,False,1,True,0
부산,동구,초량1동,26170510,True,False,587,0.8738916345887779,0.12265758091993186,0.020442930153321975,0.0,0.02555366269165247,0.20442930153321975,0.08517887563884156,0.0868824531516184,0.15332197614991483,0.020442930153321975,0.28109028960817717,50,0.07666098807495741,129.039280402518,35.1137017312958,11,True,3,True,0,False,1,True,1
부산,동구,초량2동,26170520,True,False,666,0.7755985546913389,0.03303303303303303,0.010510510510510511,0.009009009009009009,0.018018018018018018,0.22522522522522523,0.0960960960960961,0.09759759759759759,0.02252252252252252,0.03303303303303303,0.45495495495495497,64,0.11861861861861862,129.03914118755,35.1176827193158,10,True,11,True,5,True,0,False,1
부산,동구,초량3동,26170530,True,False,1187,0.8433589481279709,0.19208087615838249,0.05981465880370682,0.008424599831508003,0.03201347935973041,0.13310867733782644,0.07160909856781802,0.04212299915754002,0.15248525695029486,0.02695871946082561,0.2813816343723673,85,0.13058129738837404,129.042205623697,35.1206425603129,32,True,6,True,4,True,6,True,1
부산,동구,초량6동,26170550,True,False,140,0.8787757512787459,0.07857142857142857,0.09285714285714286,0.0,0.02142857142857143,0.22857142857142856,0.21428571428571427,0.06428571428571428,0.07142857142857142,0.0,0.22857142857142856,30,0.02857142857142857,129.0348322040235,35.120690304258005,3,True,1,True,0,False,0,False,1
부산,서구,남부민1동,26140650,True,False,158,0.8411992793416405,0.056962025316455694,0.0189873417721519,0.0189873417721519,0.02531645569620253,0.37341772151898733,0.1518987341772152,0.06962025316455696,0.03164556962025317,0.0,0.25316455696202533,24,0.03164556962025317,129.0236970725615,35.091659858180506,2,True,3,True,1,True,2,True,0
부산,서구,남부민2동,26140660,True,False,185,0.8501751374341875,0.04864864864864865,0.016216216216216217,0.005405405405405406,0.021621621621621623,0.2918918918918919,0.1945945945945946,0.032432432432432434,0.07027027027027027,0.021621621621621623,0.2972972972972973,36,0.016216216216216217,129.022352516467,35.0843644581887,3,True,3,True,1,True,1,True,1
부산,서구,동대신1동,26140510,True,False,179,0.8631729438210035,0.07262569832402235,0.05027932960893855,0.0,0.0446927374301676,0.2849162011173184,0.2011173184357542,0.00558659217877095,0.0335195530726257,0.0111731843575419,0.29608938547486036,36,0.1340782122905028,129.020414610749,35.1100187034301,2,True,2,True,0,False,2,True,1
부산,서구,동대신2동,26140520,True,False,273,0.8202883291035551,0.04395604395604396,0.054945054945054944,0.014652014652014652,0.029304029304029304,0.2087912087912088,0.14652014652014653,0.007326007326007326,0.029304029304029304,0.047619047619047616,0.4175824175824176,40,0.08058608058608059,129.019757854809,35.1118006281654,3,True,4,True,3,True,1,True,1
부산,서구,동대신3동,26140530,True,False,334,0.8152260882303616,0.0718562874251497,0.06287425149700598,0.005988023952095809,0.011976047904191617,0.23053892215568864,0.1497005988023952,0.0029940119760479044,0.03592814371257485,0.03293413173652695,0.39520958083832336,50,0.1497005988023952,129.017720244097,35.115407229584,9,True,6,True,0,False,1,True,1
부산,서구,부민동,26140590,True,False,368,0.8399719196849815,0.08695652173913043,0.02717391304347826,0.010869565217391304,0.03804347826086957,0.14945652173913043,0.15217391304347827,0.010869565217391304,0.035326086956521736,0.059782608695652176,0.42934782608695654,56,0.05434782608695652,129.020173314491,35.1041724019863,7,True,5,True,3,True,0,False,1
부산,서구,서대신1동,26140540,True,False,481,0.8157243940840796,0.05197505197505198,0.058212058212058215,0.016632016632016633,0.037422037422037424,0.2598752598752599,0.1496881496881497,0.012474012474012475,0.02494802494802495,0.0498960498960499,0.3388773388773389,72,0.13513513513513514,129.015909167674,35.1097199582297,9,True,9,True,5,True,1,True,1
부산,서구,서대신3동,26140560,True,False,252,0.8518798394336728,0.03968253968253968,0.10317460317460317,0.007936507936507936,0.047619047619047616,0.2777777777777778,0.16666666666666666,0.003968253968253968,0.027777777777777776,0.03571428571428571,0.2896825396825397,42,0.12301587301587301,129.013025351994,35.1130207339036,6,True,9,True,2,True,0,False,1
부산,서구,서대신4동,26140570,True,False,170,0.7260275417414692,0.047058823529411764,0.041176470588235294,0.0,0.052941176470588235,0.21176470588235294,0.07647058823529412,0.0058823529411764705,0.023529411764705882,0.029411764705882353,0.5117647058823529,13,0.029411764705882353,129.011147585645,35.1207149742143,3,True,10,True,0,False,0,False,2
부산,서구,아미동,26140615,True,False,209,0.862409787981129,0.09569377990430622,0.023923444976076555,0.009569377990430622,0.009569377990430622,0.3827751196172249,0.13875598086124402,0.019138755980861243,0.009569377990430622,0.004784688995215311,0.3062200956937799,29,0.11004784688995216,129.017509001962,35.0999716794955,4,True,19,True,0,False,0,False,1
부산,서구,암남동,26140680,True,False,570,0.7601390547811986,0.03508771929824561,0.03859649122807018,0.005263157894736842,0.031578947368421054,0.14736842105263157,0.05789473684210526,0.08771929824561403,0.04912280701754386,0.02982456140350877,0.5175438596491229,33,0.1456140350877193,129.016588516341,35.0767525494853,18,True,8,True,1,True,5,True,1
부산,서구,초장동,26140630,True,False,75,0.9303486049325254,0.09333333333333334,0.05333333333333334,0.0,0.013333333333333334,0.28,0.28,0.06666666666666667,0.04,0.04,0.13333333333333333,21,0.0,129.019656971674,35.0965673880274,1,True,0,False,0,False,0,False,0
부산,서구,충무동,26140640,True,False,755,0.7694080493136582,0.02913907284768212,0.019867549668874173,0.022516556291390728,0.02384105960264901,0.28741721854304636,0.09933774834437085,0.059602649006622516,0.03708609271523179,0.026490066225165563,0.39470198675496687,75,0.04370860927152318,129.023333075304,35.0962037898693,15,True,19,True,16,True,0,False,1
부산,영도구,남항동,26200530,True,False,1029,0.7479932854844825,0.047619047619047616,0.01749271137026239,0.012633624878522837,0.01652089407191448,0.16812439261418854,0.08454810495626822,0.04859086491739553,0.07774538386783285,0.019436345966958212,0.5072886297376094,87,0.0641399416909621,129.039245216444,35.0909761095183,16,True,13,True,12,True,2,True,1
부산,영도구,동삼1동,26200650,True,False,768,0.8025632783277056,0.046875,0.041666666666666664,0.01171875,0.0390625,0.21354166666666666,0.15364583333333334,0.0078125,0.029947916666666668,0.052083333333333336,0.4036458333333333,118,0.14322916666666666,129.070427346009,35.076903994376,20,True,10,True,7,True,0,False,1
부산,영도구,동삼2동,26200660,True,False,252,0.7887723552533693,0.04365079365079365,0.03571428571428571,0.0,0.015873015873015872,0.20634920634920634,0.047619047619047616,0.06746031746031746,0.03968253968253968,0.047619047619047616,0.49603174603174605,12,0.04365079365079365,129.08087921512,35.068005240863,11,True,0,False,0,False,1,True,2
부산,영도구,동삼3동,26200670,True,False,111,0.8577165899066365,0.02702702702702703,0.036036036036036036,0.0,0.018018018018018018,0.2702702702702703,0.21621621621621623,0.018018018018018018,0.036036036036036036,0.036036036036036036,0.34234234234234234,24,0.09009009009009009,129.070096560612,35.0850104805481,4,True,2,True,0,False,3,True,1
부산,영도구,봉래1동,26200590,True,False,412,0.8396667577795272,0.05339805825242718,0.038834951456310676,0.021844660194174758,0.024271844660194174,0.24271844660194175,0.12864077669902912,0.01699029126213592,0.08980582524271845,0.024271844660194174,0.3592233009708738,53,0.04854368932038835,129.043153016737,35.0932755189888,8,True,5,True,8,True,0,False,1
부산,영도구,봉래2동,26200605,True,False,114,0.9003134606259647,0.15789473684210525,0.043859649122807015,0.008771929824561403,0.03508771929824561,0.24561403508771928,0.18421052631578946,0.07017543859649122,0.07017543859649122,0.008771929824561403,0.17543859649122806,21,0.03508771929824561,129.05096800032402,35.09320544221475,2,True,2,True,1,True,1,True,0
부산,영도구,신선동,26200585,True,False,144,0.8705666977771848,0.0625,0.041666666666666664,0.0,0.034722222222222224,0.3125,0.2777777777777778,0.034722222222222224,0.0625,0.020833333333333332,0.1527777777777778,40,0.0,129.0462311823195,35.08648196830255,0,False,3,True,0,False,0,False,0
부산,영도구,영선1동,26200540,True,False,396,0.8001744142019181,0.027777777777777776,0.017676767676767676,0.007575757575757576,0.030303030303030304,0.34595959595959597,0.1414141414141414,0.0,0.022727272727272728,0.04040404040404041,0.3661616161616162,56,0.05808080808080808,129.04254418411,35.08958523772175,3,True,9,True,3,True,0,False,1
부산,영도구,영선2동,26200550,True,False,279,0.8595011363890779,0.07885304659498207,0.05734767025089606,0.007168458781362007,0.03225806451612903,0.2974910394265233,0.17204301075268819,0.025089605734767026,0.014336917562724014,0.021505376344086023,0.2939068100358423,48,0.05734767025089606,129.042263904128,35.0835813559508,4,True,3,True,2,True,3,True,1
부산,영도구,청학1동,26200630,True,False,160,0.8397204101898909,0.05,0.025,0.0,0.03125,0.2875,0.16875,0.1625,0.025,0.025,0.225,27,0.025,129.0587383881145,35.0956905353219,4,True,1,True,0,False,1,True,0
부산,영도구,청학2동,26200640,True,False,440,0.849187413973993,0.07272727272727272,0.04772727272727273,0.00909090909090909,0.01818181818181818,0.2159090909090909,0.18863636363636363,0.05909090909090909,0.05909090909090909,0.022727272727272728,0.3068181818181818,83,0.06818181818181818,129.0636642325895,35.0919161357164,10,True,7,True,3,True,3,True,1
울산,울주군,두동면,31710360,False,True,242,0.751966255778099,0.05371900826446281,0.028925619834710745,0.008264462809917356,0.0371900826446281,0.21074380165289255,0.0371900826446281,0.05371900826446281,0.03305785123966942,0.03305785123966942,0.5041322314049587,9,0.03305785123966942,129.203535085465,35.66290837293345,3,True,0,False,0,False,3,True,2
울산,울주군,두서면,31710370,False,True,89,0.8597320905174517,0.0449438202247191,0.02247191011235955,0.0,0.02247191011235955,0.2247191011235955,0.07865168539325842,0.07865168539325842,0.12359550561797752,0.033707865168539325,0.3707865168539326,7,0.0449438202247191,129.160835271763,35.6563855656021,4,True,0,False,0,False,2,True,0
울산,울주군,범서읍,31710259,False,True,2129,0.7914023168481269,0.06716768435885392,0.0967590418036637,0.007984969469234382,0.04462188821042743,0.20713950211366838,0.13762329732268672,0.0014091122592766556,0.03663691874119305,0.05354626585251292,0.34711131986848287,293,0.085955847815876,129.241119853445,35.5678023078292,38,True,15,True,13,True,11,True,1
울산,울주군,삼남읍,31710265,False,True,1107,0.7870793410853903,0.07226738934056007,0.024390243902439025,0.0036133694670280035,0.053297199638663056,0.22312556458897922,0.1111111111111111,0.015356820234869015,0.03974706413730804,0.044263775971093045,0.4128274616079494,123,0.10659439927732611,129.116287104019,35.5549390824929,31,True,5,True,0,False,11,True,1
울산,울주군,삼동면,31710400,False,True,119,0.8449457363387379,0.058823529411764705,0.05042016806722689,0.0,0.01680672268907563,0.24369747899159663,0.04201680672268908,0.06722689075630252,0.06722689075630252,0.03361344537815126,0.42016806722689076,5,0.0,129.153507536472,35.5102937033313,1,True,0,False,0,False,6,True,0
울산,울주군,상북면,31710380,False,True,617,0.6612364130422764,0.03241491085899514,0.024311183144246355,0.008103727714748784,0.03241491085899514,0.18962722852512157,0.03727714748784441,0.2366288492706645,0.03565640194489465,0.02106969205834684,0.3824959481361426,23,0.011345218800648298,129.071583441707,35.5869825581439,17,True,1,True,1,True,5,True,2
울산,울주군,서생면,31710310,False,True,708,0.706698891841198,0.02824858757062147,0.01977401129943503,0.0,0.02401129943502825,0.16242937853107345,0.03248587570621469,0.1652542372881356,0.062146892655367235,0.046610169491525424,0.4590395480225989,23,0.02401129943502825,129.342838812171,35.36384228280435,22,True,2,True,0,False,5,True,2
울산,울주군,언양읍,31710253,False,True,1639,0.8010885678345862,0.05186089078706528,0.04270896888346553,0.012812690665039659,0.026845637583892617,0.25747406955460644,0.13849908480780965,0.01586333129957291,0.03355704697986577,0.04087858450274558,0.37949969493593655,227,0.10250152532031727,129.124675073173,35.5658089445943,29,True,18,True,14,True,12,True,1
울산,울주군,온산읍,31710250,False,True,1473,0.7668267042980085,0.029192124915139173,0.019008825526137134,0.0027155465037338763,0.021045485403937542,0.19687712152070605,0.13374066530889342,0.015614392396469789,0.08282416836388323,0.05295315682281059,0.4460285132382892,197,0.11473183978275628,129.309951762464,35.4339581883097,42,True,11,True,3,True,13,True,1
울산,울주군,온양읍,31710256,False,True,1160,0.7959192399132404,0.029310344827586206,0.04741379310344827,0.009482758620689655,0.03793103448275862,0.23706896551724138,0.1543103448275862,0.01206896551724138,0.039655172413793106,0.05862068965517241,0.3741379310344828,179,0.03103448275862069,129.283440365917,35.4103799524354,32,True,14,True,8,True,13,True,1
울산,울주군,웅촌면,31710340,False,True,423,0.859249329028887,0.07565011820330969,0.037825059101654845,0.0,0.037825059101654845,0.2978723404255319,0.10874704491725769,0.018912529550827423,0.07565011820330969,0.04491725768321513,0.30260047281323876,46,0.02364066193853428,129.207298454343,35.4648523567335,11,True,2,True,0,False,13,True,1
울산,울주군,청량읍,31710262,False,True,798,0.781374446055372,0.08395989974937343,0.03132832080200501,0.0037593984962406013,0.045112781954887216,0.19298245614035087,0.12406015037593984,0.0037593984962406013,0.09398496240601503,0.02506265664160401,0.39598997493734334,99,0.022556390977443608,129.30376539247402,35.4908898896317,17,True,3,True,3,True,19,True,1
인천,강화군,강화읍,28710250,True,True,1936,0.8095520555037651,0.0490702479338843,0.04855371900826446,0.025826446280991736,0.0490702479338843,0.33884297520661155,0.11208677685950413,0.02169421487603306,0.02634297520661157,0.029442148760330578,0.2990702479338843,217,0.019111570247933883,126.487800349497,37.7445988104755,33,True,22,True,45,True,0,False,1
인천,강화군,교동면,28710400,True,True,214,0.7653440407173604,0.018691588785046728,0.004672897196261682,0.0,0.03271028037383177,0.34579439252336447,0.04205607476635514,0.07009345794392523,0.014018691588785047,0.009345794392523364,0.46261682242990654,9,0.03271028037383177,126.280450257967,37.7824214025071,1,True,1,True,0,False,1,True,2
인천,강화군,길상면,28710330,True,True,873,0.7177151988772136,0.046964490263459335,0.025200458190148912,0.009163802978235968,0.09163802978235967,0.1958762886597938,0.046964490263459335,0.15693012600229095,0.018327605956471937,0.020618556701030927,0.38831615120274915,41,0.013745704467353952,126.495585794346,37.6303288272927,18,True,2,True,6,True,6,True,2
인천,강화군,내가면,28710360,True,True,302,0.6942392948098424,0.023178807947019868,0.006622516556291391,0.0,0.026490066225165563,0.2682119205298013,0.04966887417218543,0.2582781456953642,0.013245033112582781,0.033112582781456956,0.3211920529801324,15,0.023178807947019868,126.37998736197551,37.7054636722106,6,True,1,True,0,False,0,False,2
인천,강화군,불은면,28710320,True,True,211,0.8060662303328812,0.11374407582938388,0.018957345971563982,0.0,0.07582938388625593,0.2843601895734597,0.02843601895734597,0.15639810426540285,0.03317535545023697,0.014218009478672985,0.27488151658767773,6,0.009478672985781991,126.480871274764,37.6832885276,6,True,0,False,0,False,1,True,2
인천,강화군,삼산면,28710410,True,True,302,0.6393603009882637,0.029801324503311258,0.019867549668874173,0.0,0.026490066225165563,0.23178807947019867,0.009933774834437087,0.32450331125827814,0.009933774834437087,0.026490066225165563,0.3211920529801324,3,0.006622516556291391,126.333449046276,37.6857108193192,7,True,0,False,0,False,2,True,2
인천,강화군,서도면,28710420,True,True,33,0.6407798210777174,0.0,0.0,0.0,0.0,0.15151515151515152,0.0,0.5757575757575758,0.030303030303030304,0.0,0.24242424242424243,0,0.0,126.235507345449,37.6540423099764,0,False,0,False,0,False,0,False,2
인천,강화군,선원면,28710310,True,True,388,0.8284922121403412,0.05412371134020619,0.05670103092783505,0.0,0.05670103092783505,0.22938144329896906,0.1211340206185567,0.07989690721649484,0.041237113402061855,0.041237113402061855,0.31958762886597936,47,0.020618556701030927,126.485118881185,37.7240666727192,8,True,2,True,0,False,5,True,1
인천,강화군,송해면,28710390,True,True,118,0.8266172409388579,0.059322033898305086,0.03389830508474576,0.00847457627118644,0.059322033898305086,0.2288135593220339,0.06779661016949153,0.211864406779661,0.06779661016949153,0.03389830508474576,0.2288135593220339,8,0.025423728813559324,126.457511335455,37.767384178110106,4,True,0,False,0,False,1,True,2
인천,강화군,양도면,28710350,True,True,211,0.7622767944644618,0.061611374407582936,0.037914691943127965,0.0,0.037914691943127965,0.21800947867298578,0.07109004739336493,0.24644549763033174,0.023696682464454975,0.023696682464454975,0.2796208530805687,15,0.014218009478672985,126.421773568228,37.679113087407,6,True,0,False,0,False,1,True,2
인천,강화군,양사면,28710380,True,True,58,0.8196318793905667,0.10344827586206896,0.034482758620689655,0.017241379310344827,0.017241379310344827,0.1896551724137931,0.05172413793103448,0.29310344827586204,0.05172413793103448,0.0,0.2413793103448276,3,0.017241379310344827,126.40530278482251,37.8005396167517,1,True,0,False,0,False,0,False,2
인천,강화군,하점면,28710370,True,True,135,0.8328317373257327,0.07407407407407407,0.06666666666666667,0.007407407407407408,0.06666666666666667,0.26666666666666666,0.05925925925925926,0.1259259259259259,0.014814814814814815,0.007407407407407408,0.3111111111111111,8,0.014814814814814815,126.402580449276,37.770707718166,5,True,0,False,0,False,3,True,2
인천,강화군,화도면,28710340,True,True,685,0.547868081506215,0.026277372262773723,0.014598540145985401,0.00145985401459854,0.01897810218978102,0.1416058394160584,0.017518248175182483,0.46131386861313867,0.010218978102189781,0.016058394160583942,0.291970802919708,12,0.013138686131386862,126.417900444585,37.6160849836765,24,True,1,True,1,True,2,True,2
인천,옹진군,대청면,28720340,True,True,88,0.7525249505701946,0.011363636363636364,0.0,0.0,0.011363636363636364,0.20454545454545456,0.045454545454545456,0.375,0.056818181818181816,0.022727272727272728,0.2727272727272727,4,0.045454545454545456,124.707888371473,37.8252414108153,2,True,0,False,0,False,2,True,2
인천,옹진군,덕적면,28720350,True,True,127,0.6833004333532002,0.047244094488188976,0.007874015748031496,0.0,0.0,0.2047244094488189,0.015748031496062992,0.3464566929133858,0.031496062992125984,0.023622047244094488,0.3228346456692913,2,0.0,126.118946239172,37.2246901576647,1,True,0,False,0,False,1,True,2
인천,옹진군,백령면,28720330,True,True,378,0.7520114127130426,0.018518518518518517,0.021164021164021163,0.0026455026455026454,0.010582010582010581,0.1931216931216931,0.07407407407407407,0.15079365079365079,0.06084656084656084,0.037037037037037035,0.4312169312169312,28,0.013227513227513227,124.7147771095745,37.97058529564045,5,True,1,True,0,False,2,True,2
인천,옹진군,북도면,28720310,True,True,171,0.6440120696985447,0.029239766081871343,0.0,0.0,0.05847953216374269,0.14035087719298245,0.005847953216374269,0.38011695906432746,0.03508771929824561,0.011695906432748537,0.3391812865497076,1,0.011695906432748537,126.420851259451,37.530799110564,3,True,0,False,0,False,1,True,2
인천,옹진군,연평면,28720380,True,True,109,0.7948775982202093,0.0,0.0,0.009174311926605505,0.0,0.1651376146788991,0.08256880733944955,0.1559633027522936,0.03669724770642202,0.03669724770642202,0.5137614678899083,9,0.0,125.701671644322,37.6618377055694,3,True,0,False,1,True,1,True,2
인천,옹진군,영흥면,28720360,True,True,802,0.6262918197580581,0.02493765586034913,0.016209476309226933,0.0024937655860349127,0.032418952618453865,0.14962593516209477,0.029925187032418952,0.4002493765586035,0.02743142144638404,0.0399002493765586,0.27680798004987534,24,0.01371571072319202,126.4895853765875,37.2563055702688,21,True,3,True,2,True,3,True,2
인천,옹진군,자월면,28720370,True,True,143,0.5264369835312445,0.013986013986013986,0.0,0.0,0.006993006993006993,0.15384615384615385,0.006993006993006993,0.5594405594405595,0.0,0.013986013986013986,0.24475524475524477,1,0.0,126.2888058369,37.1778243093195,1,True,0,False,0,False,1,True,2
전남,강진군,강진읍,12780250,True,True,1121,0.8232123580081476,0.06422836752899197,0.024977698483496878,0.009812667261373774,0.013380909901873328,0.2988403211418377,0.13648528099910795,0.031222123104371096,0.0463871543264942,0.029438001784121322,0.3452274754683318,153,0.07760927743086529,126.769743342446,34.6390235566547,18,True,10,True,9,True,8,True,1
전남,강진군,군동면,12780310,True,True,113,0.8615582416087821,0.04424778761061947,0.07079646017699115,0.0,0.008849557522123894,0.3185840707964602,0.07964601769911504,0.1592920353982301,0.061946902654867256,0.035398230088495575,0.22123893805309736,9,0.04424778761061947,126.786550416547,34.6439756255453,1,True,0,False,0,False,2,True,0
전남,강진군,대구면,12780330,True,True,54,0.791383204107757,0.0,0.018518518518518517,0.0,0.0,0.3148148148148148,0.0,0.35185185185185186,0.018518518518518517,0.0,0.2962962962962963,0,0.07407407407407407,126.7946908892975,34.508671210881,1,True,0,False,0,False,1,True,2
전남,강진군,도암면,12780340,True,True,111,0.7280986209126732,0.036036036036036036,0.018018018018018018,0.0,0.0,0.24324324324324326,0.018018018018018018,0.3333333333333333,0.02702702702702703,0.02702702702702703,0.2972972972972973,2,0.0,126.732770154676,34.5459980913458,0,False,0,False,0,False,2,True,2
전남,강진군,마량면,12780400,True,True,175,0.7930930725772094,0.0,0.005714285714285714,0.005714285714285714,0.0,0.3314285714285714,0.08571428571428572,0.045714285714285714,0.03428571428571429,0.04,0.4514285714285714,15,0.011428571428571429,126.817694334793,34.450464363305,2,True,1,True,1,True,1,True,2
전남,강진군,병영면,12780380,True,True,101,0.856236181063581,0.039603960396039604,0.019801980198019802,0.0,0.009900990099009901,0.297029702970297,0.13861386138613863,0.07920792079207921,0.039603960396039604,0.019801980198019802,0.3564356435643564,14,0.009900990099009901,126.815795254118,34.7152609000861,1,True,1,True,0,False,1,True,0
전남,강진군,성전면,12780360,True,True,121,0.8311753800991657,0.049586776859504134,0.024793388429752067,0.0,0.0,0.2644628099173554,0.0743801652892562,0.1652892561983471,0.024793388429752067,0.049586776859504134,0.34710743801652894,9,0.008264462809917356,126.710557253753,34.6919478936382,1,True,1,True,0,False,4,True,2
전남,강진군,신전면,12780350,True,True,54,0.9019754273982044,0.037037037037037035,0.0,0.0,0.0,0.37037037037037035,0.12962962962962962,0.12962962962962962,0.09259259259259259,0.0,0.24074074074074073,7,0.018518518518518517,126.72127541062099,34.51312342037255,1,True,0,False,0,False,3,True,0
전남,강진군,옴천면,12780390,True,True,9,0.9825675930733636,0.1111111111111111,0.1111111111111111,0.0,0.0,0.1111111111111111,0.0,0.1111111111111111,0.2222222222222222,0.2222222222222222,0.1111111111111111,0,0.1111111111111111,126.792961438002,34.7539371565075,0,False,0,False,0,False,0,False,0
전남,강진군,작천면,12780370,True,True,27,0.9666778220255433,0.037037037037037035,0.037037037037037035,0.0,0.0,0.3333333333333333,0.14814814814814814,0.07407407407407407,0.0,0.0,0.37037037037037035,4,0.0,126.771750798421,34.7048295239446,0,False,0,False,0,False,1,True,0
전남,강진군,칠량면,12780320,True,True,58,0.8523228186241845,0.06896551724137931,0.017241379310344827,0.0,0.0,0.3275862068965517,0.10344827586206896,0.1724137931034483,0.05172413793103448,0.0,0.25862068965517243,6,0.017241379310344827,126.799120410708,34.5722386408422,3,True,1,True,0,False,1,True,0
전남,고흥군,고흥읍,12740250,True,True,1054,0.8130216097570373,0.06641366223908918,0.03510436432637571,0.008538899430740038,0.009487666034155597,0.3036053130929791,0.13567362428842505,0.019924098671726755,0.03889943074003795,0.03415559772296015,0.34819734345351044,143,0.09582542694497154,127.284346409978,34.6076822044272,13,True,18,True,4,True,3,True,1
전남,고흥군,과역면,12740380,True,True,177,0.8563465531801732,0.02824858757062147,0.022598870056497175,0.0,0.011299435028248588,0.423728813559322,0.13559322033898305,0.03954802259887006,0.03954802259887006,0.022598870056497175,0.2768361581920904,24,0.011299435028248588,127.36160097024,34.6791732949985,3,True,2,True,0,False,3,True,0
전남,고흥군,금산면,12740330,True,True,184,0.7385363765012853,0.010869565217391304,0.016304347826086956,0.005434782608695652,0.0,0.2608695652173913,0.04891304347826087,0.22282608695652173,0.03260869565217391,0.05434782608695652,0.34782608695652173,9,0.016304347826086956,127.128875184326,34.4613796231857,3,True,1,True,1,True,2,True,2
전남,고흥군,남양면,12740390,True,True,42,0.9115077593867181,0.07142857142857142,0.023809523809523808,0.0,0.0,0.42857142857142855,0.07142857142857142,0.09523809523809523,0.047619047619047616,0.023809523809523808,0.23809523809523808,3,0.023809523809523808,127.34238085469451,34.74907581364605,0,False,0,False,0,False,5,True,0
전남,고흥군,대서면,12740410,True,True,31,0.9633731506178153,0.06451612903225806,0.0,0.0,0.03225806451612903,0.3870967741935484,0.0967741935483871,0.06451612903225806,0.0,0.0,0.3548387096774194,3,0.0,127.28492050892,34.7710576308684,0,False,0,False,0,False,1,True,0
전남,고흥군,도덕면,12740320,True,True,80,0.876261959256169,0.0625,0.0,0.0,0.0,0.4125,0.075,0.075,0.0375,0.0375,0.3,6,0.0,127.1759360520125,34.5664567999328,3,True,0,False,0,False,3,True,0
전남,고흥군,도양읍,12740253,True,True,736,0.7593468260947532,0.021739130434782608,0.006793478260869565,0.002717391304347826,0.009510869565217392,0.35597826086956524,0.11005434782608696,0.04076086956521739,0.020380434782608696,0.04076086956521739,0.391304347826087,81,0.02309782608695652,127.137390822964,34.52791502004315,15,True,7,True,0,False,7,True,1
전남,고흥군,도화면,12740340,True,True,131,0.8467498851173229,0.030534351145038167,0.022900763358778626,0.0,0.0,0.24427480916030533,0.1297709923664122,0.09923664122137404,0.030534351145038167,0.03816793893129771,0.40458015267175573,17,0.007633587786259542,127.320173615744,34.5089596489119,2,True,1,True,0,False,2,True,0
전남,고흥군,동강면,12740400,True,True,104,0.8725654770635918,0.038461538461538464,0.009615384615384616,0.0,0.019230769230769232,0.33653846153846156,0.125,0.019230769230769232,0.04807692307692308,0.028846153846153848,0.375,13,0.0,127.3338953481655,34.780810613457945,1,True,2,True,0,False,1,True,0
전남,고흥군,동일면,12740450,True,True,54,0.7452196605222714,0.0,0.018518518518518517,0.0,0.0,0.18518518518518517,0.037037037037037035,0.4444444444444444,0.0,0.018518518518518517,0.2962962962962963,2,0.018518518518518517,127.4604372687635,34.5048713663144,1,True,0,False,0,False,1,True,2
전남,고흥군,두원면,12740420,True,True,74,0.8767782468518088,0.0945945945945946,0.013513513513513514,0.0,0.0,0.33783783783783783,0.04054054054054054,0.08108108108108109,0.06756756756756757,0.04054054054054054,0.32432432432432434,3,0.0,127.27374967656701,34.65531016408655,0,False,0,False,0,False,2,True,0
전남,고흥군,봉래면,12740360,True,True,155,0.7714451242154201,0.01935483870967742,0.0,0.0,0.0064516129032258064,0.2709677419354839,0.03870967741935484,0.21935483870967742,0.012903225806451613,0.10967741935483871,0.3225806451612903,6,0.0064516129032258064,127.455508661898,34.4645202266313,2,True,1,True,0,False,1,True,2
전남,고흥군,영남면,12740440,True,True,57,0.875534421609101,0.07017543859649122,0.017543859649122806,0.0,0.0,0.2807017543859649,0.03508771929824561,0.24561403508771928,0.08771929824561403,0.05263157894736842,0.21052631578947367,2,0.017543859649122806,127.47862290566,34.6004542603654,0,False,0,False,0,False,1,True,0
전남,고흥군,점암면,12740370,True,True,67,0.8947488489915366,0.05970149253731343,0.014925373134328358,0.0,0.014925373134328358,0.3880597014925373,0.08955223880597014,0.05970149253731343,0.04477611940298507,0.04477611940298507,0.2835820895522388,6,0.0,127.38060053838,34.6527385024488,1,True,0,False,0,False,4,True,0
전남,고흥군,포두면,12740350,True,True,136,0.8483366835234817,0.058823529411764705,0.029411764705882353,0.0,0.0,0.3897058823529412,0.0661764705882353,0.09558823529411764,0.0661764705882353,0.014705882352941176,0.27941176470588236,9,0.014705882352941176,127.343562924769,34.56971901681775,3,True,1,True,0,False,4,True,0
전남,고흥군,풍양면,12740310,True,True,77,0.8914788702373144,0.11688311688311688,0.012987012987012988,0.0,0.0,0.4155844155844156,0.06493506493506493,0.025974025974025976,0.06493506493506493,0.05194805194805195,0.24675324675324675,5,0.05194805194805195,127.24207455362,34.574555056024,1,True,0,False,0,False,1,True,0
전남,곡성군,겸면,12720390,True,True,48,0.9041812591723128,0.08333333333333333,0.08333333333333333,0.0,0.0,0.3541666666666667,0.020833333333333332,0.0,0.08333333333333333,0.020833333333333332,0.3541666666666667,1,0.0,127.16401571823249,35.2596598459661,0,False,0,False,0,False,3,True,0
전남,곡성군,고달면,12720360,True,True,31,0.8906150189377456,0.03225806451612903,0.0967741935483871,0.03225806451612903,0.0,0.3225806451612903,0.0,0.1935483870967742,0.06451612903225806,0.0,0.25806451612903225,0,0.0,127.347688236063,35.286023247092,0,False,0,False,0,False,0,False,0
전남,곡성군,곡성읍,12720250,True,True,538,0.842391222302484,0.08550185873605948,0.022304832713754646,0.0055762081784386614,0.01858736059479554,0.29182156133828996,0.11895910780669144,0.02973977695167286,0.05204460966542751,0.03345724907063197,0.3420074349442379,64,0.03717472118959108,127.294157775575,35.2807839236453,8,True,8,True,2,True,6,True,1
전남,곡성군,목사동면,12720340,True,True,20,0.9215442826508702,0.15,0.0,0.0,0.0,0.35,0.05,0.05,0.15,0.0,0.25,1,0.0,127.30000307448401,35.11476253629455,0,False,0,False,0,False,0,False,0
전남,곡성군,삼기면,12720320,True,True,37,0.9447265982056839,0.13513513513513514,0.0,0.0,0.02702702702702703,0.4864864864864865,0.02702702702702703,0.05405405405405406,0.13513513513513514,0.0,0.13513513513513514,1,0.02702702702702703,127.225488261107,35.2275789402331,1,True,0,False,0,False,2,True,0
전남,곡성군,석곡면,12720330,True,True,113,0.8951098919557124,0.07079646017699115,0.05309734513274336,0.0,0.008849557522123894,0.30973451327433627,0.1504424778761062,0.061946902654867256,0.02654867256637168,0.017699115044247787,0.3008849557522124,17,0.017699115044247787,127.253693361008,35.1313713493031,2,True,2,True,0,False,2,True,0
전남,곡성군,오곡면,12720310,True,True,121,0.7964988175647145,0.05785123966942149,0.0,0.0,0.0,0.2396694214876033,0.03305785123966942,0.18181818181818182,0.04132231404958678,0.04132231404958678,0.4049586776859504,4,0.01652892561983471,127.315027970772,35.2692193024933,3,True,0,False,0,False,3,True,2
전남,곡성군,오산면,12720400,True,True,51,0.9227432579287062,0.0784313725490196,0.0196078431372549,0.0,0.0392156862745098,0.35294117647058826,0.0784313725490196,0.13725490196078433,0.0196078431372549,0.0392156862745098,0.23529411764705882,4,0.0392156862745098,127.120910010721,35.2550251804046,1,True,0,False,0,False,2,True,0
전남,곡성군,옥과면,12720370,True,True,258,0.8662865743592404,0.06201550387596899,0.046511627906976744,0.003875968992248062,0.015503875968992248,0.3372093023255814,0.11627906976744186,0.007751937984496124,0.03875968992248062,0.046511627906976744,0.32558139534883723,30,0.027131782945736434,127.1356004383655,35.2759017048269,6,True,6,True,1,True,0,False,0
전남,곡성군,입면,12720380,True,True,44,0.9067951634890836,0.022727272727272728,0.06818181818181818,0.0,0.0,0.29545454545454547,0.13636363636363635,0.09090909090909091,0.022727272727272728,0.022727272727272728,0.3409090909090909,6,0.022727272727272728,127.1991627852075,35.30549929556405,1,True,0,False,0,False,0,False,0
전남,곡성군,죽곡면,12720350,True,True,77,0.8258464232772442,0.05194805194805195,0.03896103896103896,0.0,0.012987012987012988,0.2077922077922078,0.025974025974025976,0.14285714285714285,0.03896103896103896,0.09090909090909091,0.38961038961038963,2,0.0,127.319532358333,35.1587447695917,0,False,0,False,0,False,1,True,2
전남,구례군,간전면,12730320,True,True,57,0.7752678732326022,0.05263157894736842,0.017543859649122806,0.0,0.017543859649122806,0.24561403508771928,0.017543859649122806,0.2807017543859649,0.03508771929824561,0.0,0.3333333333333333,1,0.0,127.566055157162,35.1724504095084,0,False,0,False,0,False,0,False,2
전남,구례군,광의면,12730350,True,True,74,0.8644438402923172,0.06756756756756757,0.0,0.0,0.0,0.2972972972972973,0.08108108108108109,0.1891891891891892,0.013513513513513514,0.06756756756756757,0.28378378378378377,6,0.02702702702702703,127.4564065396245,35.260767614034805,1,True,0,False,0,False,1,True,0
전남,구례군,구례읍,12730250,True,True,989,0.8158370446051587,0.047522750252780584,0.033367037411526794,0.006066734074823054,0.011122345803842264,0.32861476238624876,0.1102123356926188,0.034378159757330634,0.029322548028311426,0.033367037411526794,0.3660262891809909,109,0.054600606673407485,127.466165985912,35.2097738586628,11,True,11,True,4,True,4,True,1
전남,구례군,마산면,12730340,True,True,131,0.7419380795286515,0.04580152671755725,0.04580152671755725,0.0,0.007633587786259542,0.15267175572519084,0.030534351145038167,0.22900763358778625,0.030534351145038167,0.022900763358778626,0.4351145038167939,4,0.015267175572519083,127.487651213684,35.2335991168875,1,True,0,False,0,False,1,True,2
전남,구례군,문척면,12730310,True,True,42,0.8639003739916294,0.047619047619047616,0.0,0.0,0.0,0.38095238095238093,0.07142857142857142,0.16666666666666666,0.023809523809523808,0.023809523809523808,0.2857142857142857,3,0.0,127.483052108274,35.18900783037215,0,False,0,False,0,False,0,False,0
전남,구례군,산동면,12730370,True,True,187,0.7919536089183615,0.0374331550802139,0.0481283422459893,0.0,0.0053475935828877,0.1711229946524064,0.08021390374331551,0.1443850267379679,0.0427807486631016,0.03208556149732621,0.4385026737967914,15,0.0106951871657754,127.457037192441,35.316449889235,1,True,0,False,0,False,4,True,2
전남,구례군,용방면,12730360,True,True,42,0.8924863824222886,0.047619047619047616,0.09523809523809523,0.047619047619047616,0.0,0.2857142857142857,0.023809523809523808,0.16666666666666666,0.047619047619047616,0.047619047619047616,0.23809523809523808,1,0.07142857142857142,127.417025928825,35.25957956728905,0,False,0,False,2,True,1,True,0
전남,구례군,토지면,12730330,True,True,205,0.6532307439088695,0.00975609756097561,0.00975609756097561,0.0,0.004878048780487805,0.22439024390243903,0.00975609756097561,0.4195121951219512,0.014634146341463415,0.024390243902439025,0.28292682926829266,2,0.004878048780487805,127.587261849185,35.2044807162747,2,True,0,False,0,False,4,True,2
전남,담양군,가사문학면,12710335,True,True,74,0.8016609276628054,0.02702702702702703,0.02702702702702703,0.013513513513513514,0.013513513513513514,0.16216216216216217,0.0,0.13513513513513514,0.05405405405405406,0.013513513513513514,0.5540540540540541,0,0.013513513513513514,127.0250521579545,35.1772615065798,0,False,0,False,0,False,2,True,2
전남,담양군,고서면,12710320,True,True,128,0.8398420256266318,0.0859375,0.03125,0.0,0.0234375,0.3125,0.0703125,0.0078125,0.078125,0.03125,0.359375,9,0.0390625,126.9739457544,35.22319953700825,1,True,2,True,0,False,2,True,0
전남,담양군,금성면,12710370,True,True,142,0.7967658938644242,0.06338028169014084,0.02112676056338028,0.007042253521126761,0.02112676056338028,0.19718309859154928,0.04225352112676056,0.28169014084507044,0.056338028169014086,0.02112676056338028,0.2887323943661972,6,0.007042253521126761,127.0268946251825,35.3514568847048,1,True,0,False,1,True,3,True,2
전남,담양군,담양읍,12710250,True,True,1332,0.8040367519363134,0.06306306306306306,0.03678678678678678,0.005255255255255256,0.024774774774774775,0.2725225225225225,0.0960960960960961,0.05930930930930931,0.027777777777777776,0.03978978978978979,0.37462462462462465,128,0.03753753753753754,126.983460798815,35.3196222457205,18,True,11,True,6,True,5,True,1
전남,담양군,대덕면,12710350,True,True,62,0.824165986775187,0.06451612903225806,0.06451612903225806,0.06451612903225806,0.0,0.22580645161290322,0.04838709677419355,0.2903225806451613,0.016129032258064516,0.016129032258064516,0.20967741935483872,3,0.016129032258064516,127.0400429764945,35.2496010090115,0,False,0,False,2,True,0,False,2
전남,담양군,대전면,12710410,True,True,179,0.8416804490212128,0.0893854748603352,0.03910614525139665,0.00558659217877095,0.03910614525139665,0.2849162011173184,0.07262569832402235,0.01675977653631285,0.0782122905027933,0.00558659217877095,0.3687150837988827,13,0.027932960893854747,126.888248980199,35.2772451085714,2,True,2,True,1,True,3,True,0
전남,담양군,무정면,12710360,True,True,44,0.9411205041706944,0.11363636363636363,0.022727272727272728,0.0,0.0,0.22727272727272727,0.045454545454545456,0.045454545454545456,0.20454545454545456,0.045454545454545456,0.29545454545454547,2,0.0,127.0277201505025,35.2896983012526,0,False,0,False,0,False,1,True,0
전남,담양군,봉산면,12710310,True,True,96,0.8032346652527101,0.052083333333333336,0.03125,0.0,0.010416666666666666,0.16666666666666666,0.052083333333333336,0.22916666666666666,0.08333333333333333,0.03125,0.34375,5,0.0,126.9603972422165,35.273564541213105,0,False,0,False,0,False,1,True,2
전남,담양군,수북면,12710400,True,True,148,0.8752023229066651,0.12162162162162163,0.060810810810810814,0.006756756756756757,0.060810810810810814,0.21621621621621623,0.08108108108108109,0.06756756756756757,0.05405405405405406,0.006756756756756757,0.32432432432432434,12,0.0,126.931641886997,35.302144061814005,1,True,2,True,0,False,1,True,0
전남,담양군,용면,12710380,True,True,150,0.5824316198074845,0.013333333333333334,0.013333333333333334,0.0,0.006666666666666667,0.12,0.02,0.5,0.013333333333333334,0.013333333333333334,0.3,3,0.013333333333333334,126.993465889847,35.39583967042,0,False,0,False,0,False,1,True,2
전남,담양군,월산면,12710390,True,True,112,0.811221696051927,0.08035714285714286,0.03571428571428571,0.0,0.0,0.19642857142857142,0.0625,0.20535714285714285,0.026785714285714284,0.044642857142857144,0.3482142857142857,7,0.008928571428571428,126.950732947447,35.3432053298995,0,False,0,False,0,False,1,True,2
전남,담양군,창평면,12710340,True,True,219,0.8315444934294997,0.0502283105022831,0.0319634703196347,0.0136986301369863,0.0228310502283105,0.3424657534246575,0.0639269406392694,0.0821917808219178,0.0547945205479452,0.0228310502283105,0.3150684931506849,14,0.0136986301369863,127.014908329599,35.2381048857842,2,True,4,True,2,True,2,True,0
전남,무안군,망운면,12810350,False,True,131,0.7936164071360629,0.0,0.022900763358778626,0.0,0.03816793893129771,0.33587786259541985,0.04580152671755725,0.11450381679389313,0.04580152671755725,0.015267175572519083,0.3816793893129771,6,0.0916030534351145,126.387093571009,35.0077770060732,1,True,1,True,0,False,2,True,2
전남,무안군,몽탄면,12810320,False,True,67,0.9024147184915146,0.04477611940298507,0.05970149253731343,0.0,0.014925373134328358,0.3582089552238806,0.1044776119402985,0.05970149253731343,0.05970149253731343,0.05970149253731343,0.23880597014925373,7,0.014925373134328358,126.503379029607,34.9300252580267,0,False,0,False,0,False,0,False,0
전남,무안군,무안읍,12810250,False,True,854,0.8000415663162704,0.07377049180327869,0.03044496487119438,0.01405152224824356,0.03747072599531616,0.27985948477751754,0.117096018735363,0.01288056206088993,0.03278688524590164,0.02810304449648712,0.373536299765808,100,0.03278688524590164,126.47503085199,34.988534805749296,14,True,9,True,8,True,5,True,1
전남,무안군,삼향읍,12810256,False,True,2160,0.810468813106787,0.06805555555555555,0.07314814814814814,0.013888888888888888,0.04537037037037037,0.25046296296296294,0.13055555555555556,0.005092592592592593,0.03148148148148148,0.04398148148148148,0.33796296296296297,282,0.20555555555555555,126.464703774117,34.8115904969152,45,True,13,True,23,True,9,True,1
전남,무안군,운남면,12810370,False,True,98,0.8585635723008113,0.02040816326530612,0.01020408163265306,0.01020408163265306,0.01020408163265306,0.5102040816326531,0.07142857142857142,0.04081632653061224,0.061224489795918366,0.02040816326530612,0.24489795918367346,7,0.0,126.340660190898,34.96123238369725,2,True,1,True,0,False,1,True,0
전남,무안군,일로읍,12810253,False,True,535,0.8152015867729152,0.04299065420560748,0.16822429906542055,0.005607476635514018,0.04299065420560748,0.2542056074766355,0.09906542056074766,0.011214953271028037,0.024299065420560748,0.03364485981308411,0.3177570093457944,53,0.018691588785046728,126.490963781263,34.8424045034622,13,True,6,True,3,True,3,True,1
전남,무안군,청계면,12810330,False,True,351,0.8139333967736515,0.04843304843304843,0.02849002849002849,0.0,0.008547008547008548,0.245014245014245,0.10826210826210826,0.04843304843304843,0.045584045584045586,0.039886039886039885,0.42735042735042733,38,0.042735042735042736,126.430665495324,34.9101691734867,12,True,2,True,0,False,6,True,1
전남,무안군,해제면,12810360,False,True,222,0.8321860271929168,0.04954954954954955,0.013513513513513514,0.0,0.0045045045045045045,0.47297297297297297,0.09009009009009009,0.06756756756756757,0.018018018018018018,0.02252252252252252,0.26126126126126126,20,0.018018018018018018,126.294099138789,35.11269655357761,4,True,4,True,0,False,3,True,0
전남,무안군,현경면,12810340,False,True,183,0.8267032819530904,0.03825136612021858,0.0273224043715847,0.0,0.02185792349726776,0.33879781420765026,0.060109289617486336,0.1366120218579235,0.03825136612021858,0.03825136612021858,0.3005464480874317,11,0.02185792349726776,126.410214765742,35.0272196553247,3,True,0,False,0,False,6,True,0
전남,보성군,겸백면,12750330,True,True,12,0.9353340267248305,0.0,0.08333333333333333,0.0,0.0,0.4166666666666667,0.0,0.08333333333333333,0.0,0.0,0.4166666666666667,0,0.0,127.152064355873,34.81825043514175,0,False,0,False,0,False,1,True,0
전남,보성군,노동면,12750310,True,True,21,0.945624792796567,0.09523809523809523,0.047619047619047616,0.0,0.0,0.42857142857142855,0.09523809523809523,0.09523809523809523,0.09523809523809523,0.0,0.14285714285714285,2,0.047619047619047616,127.067055116289,34.8082342191465,0,False,0,False,0,False,1,True,0
전남,보성군,득량면,12750380,True,True,173,0.8410405138215832,0.017341040462427744,0.017341040462427744,0.0,0.005780346820809248,0.3063583815028902,0.12138728323699421,0.09826589595375723,0.057803468208092484,0.023121387283236993,0.35260115606936415,21,0.0,127.188248236993,34.7755506019857,2,True,2,True,0,False,5,True,0
전남,보성군,문덕면,12750360,True,True,26,0.8588737400358306,0.0,0.0,0.0,0.0,0.46153846153846156,0.0,0.3076923076923077,0.038461538461538464,0.0,0.19230769230769232,0,0.0,127.19537061283651,34.94588544023255,0,False,0,False,0,False,0,False,0
전남,보성군,미력면,12750320,True,True,38,0.9163307896278859,0.05263157894736842,0.0,0.02631578947368421,0.0,0.39473684210526316,0.02631578947368421,0.13157894736842105,0.0,0.02631578947368421,0.34210526315789475,1,0.0,127.0998330643955,34.7989893031246,0,False,0,False,0,False,2,True,0
전남,보성군,벌교읍,12750253,True,True,683,0.7976800983299819,0.03513909224011713,0.02342606149341142,0.010248901903367497,0.010248901903367497,0.3440702781844802,0.1259150805270864,0.024890190336749635,0.032210834553440704,0.03513909224011713,0.35871156661786235,86,0.05417276720351391,127.344355353022,34.8439560399458,6,True,13,True,2,True,11,True,1
전남,보성군,보성읍,12750250,True,True,690,0.8417656256180045,0.08695652173913043,0.020289855072463767,0.005797101449275362,0.008695652173913044,0.33043478260869563,0.12028985507246377,0.042028985507246375,0.043478260869565216,0.03333333333333333,0.30869565217391304,83,0.02753623188405797,127.08132085902349,34.767812867586855,12,True,7,True,2,True,7,True,1
전남,보성군,복내면,12750350,True,True,48,0.85215908506395,0.041666666666666664,0.020833333333333332,0.0,0.0,0.4375,0.020833333333333332,0.041666666666666664,0.0625,0.020833333333333332,0.3541666666666667,1,0.020833333333333332,127.1320762785265,34.8935749045216,0,False,0,False,0,False,1,True,0
전남,보성군,웅치면,12750400,True,True,25,0.843319404178514,0.08,0.0,0.0,0.0,0.24,0.0,0.28,0.08,0.04,0.28,0,0.0,127.018416255592,34.7017861744181,1,True,0,False,0,False,0,False,2
전남,보성군,율어면,12750340,True,True,11,0.924324387292664,0.0,0.09090909090909091,0.0,0.0,0.45454545454545453,0.09090909090909091,0.0,0.09090909090909091,0.0,0.2727272727272727,1,0.0,127.185591976226,34.8705545863774,0,False,0,False,0,False,0,False,0
전남,보성군,조성면,12750370,True,True,104,0.8612085508544427,0.057692307692307696,0.038461538461538464,0.0,0.009615384615384616,0.34615384615384615,0.11538461538461539,0.028846153846153848,0.057692307692307696,0.019230769230769232,0.3269230769230769,12,0.009615384615384616,127.2464003274305,34.8076009473892,3,True,1,True,0,False,5,True,0
전남,보성군,회천면,12750390,True,True,165,0.7502125353196636,0.012121212121212121,0.0,0.0,0.012121212121212121,0.30303030303030304,0.04242424242424243,0.15757575757575756,0.048484848484848485,0.030303030303030304,0.3939393939393939,7,0.0,127.086621423562,34.671199489198,3,True,1,True,0,False,5,True,2
전남,신안군,도초면,12870350,True,True,85,0.825624053206174,0.011764705882352941,0.03529411764705882,0.0,0.0,0.27058823529411763,0.058823529411764705,0.25882352941176473,0.011764705882352941,0.023529411764705882,0.32941176470588235,5,0.011764705882352941,125.936427663883,34.702806599727,1,True,0,False,0,False,0,False,2
전남,신안군,비금면,12870340,True,True,111,0.7722237564286722,0.018018018018018018,0.018018018018018018,0.018018018018018018,0.0,0.1891891891891892,0.10810810810810811,0.24324324324324326,0.036036036036036036,0.009009009009009009,0.36036036036036034,12,0.0,125.928571502693,34.7550625747497,2,True,1,True,1,True,1,True,2
전남,신안군,신의면,12870380,True,True,44,0.8926028221757065,0.0,0.0,0.0,0.0,0.2727272727272727,0.13636363636363635,0.13636363636363635,0.09090909090909091,0.045454545454545456,0.3181818181818182,6,0.0,126.091336849499,34.58556524668405,1,True,0,False,0,False,1,True,0
전남,신안군,안좌면,12870400,True,True,95,0.8081883227395757,0.031578947368421054,0.0,0.0,0.0,0.2631578947368421,0.10526315789473684,0.16842105263157894,0.06315789473684211,0.010526315789473684,0.35789473684210527,10,0.010526315789473684,126.125990155192,34.7525952121373,2,True,1,True,0,False,1,True,2
전남,신안군,암태면,12870420,True,True,98,0.8374043461701673,0.04081632653061224,0.04081632653061224,0.01020408163265306,0.01020408163265306,0.25510204081632654,0.07142857142857142,0.09183673469387756,0.030612244897959183,0.02040816326530612,0.42857142857142855,7,0.030612244897959183,126.114300202894,34.8287254423921,2,True,1,True,0,False,1,True,2
전남,신안군,압해읍,12870253,True,True,268,0.7996086728313732,0.11940298507462686,0.026119402985074626,0.007462686567164179,0.026119402985074626,0.29850746268656714,0.055970149253731345,0.09701492537313433,0.048507462686567165,0.033582089552238806,0.2873134328358209,15,0.011194029850746268,126.314769169959,34.85832301371755,2,True,2,True,0,False,2,True,0
전남,신안군,임자면,12870320,True,True,142,0.7945180193206245,0.056338028169014086,0.02112676056338028,0.0,0.014084507042253521,0.3028169014084507,0.04929577464788732,0.11971830985915492,0.04929577464788732,0.04225352112676056,0.34507042253521125,7,0.007042253521126761,126.1072123366355,35.0898520478922,1,True,1,True,0,False,1,True,2
전남,신안군,자은면,12870330,True,True,121,0.7332402889466383,0.01652892561983471,0.008264462809917356,0.0,0.0,0.2727272727272727,0.05785123966942149,0.2892561983471074,0.01652892561983471,0.01652892561983471,0.32231404958677684,7,0.024793388429752067,126.045502590509,34.8842866831979,3,True,1,True,0,False,1,True,2
전남,신안군,장산면,12870390,True,True,27,0.8814083083193348,0.037037037037037035,0.0,0.0,0.0,0.4444444444444444,0.07407407407407407,0.07407407407407407,0.07407407407407407,0.0,0.2962962962962963,2,0.037037037037037035,126.147445004314,34.6414427225505,0,False,0,False,0,False,1,True,0
전남,신안군,증도면,12870310,True,True,95,0.6132591306440003,0.021052631578947368,0.010526315789473684,0.0,0.010526315789473684,0.1368421052631579,0.010526315789473684,0.49473684210526314,0.031578947368421054,0.010526315789473684,0.2736842105263158,1,0.010526315789473684,126.140131321739,34.9737661616036,0,False,0,False,0,False,0,False,2
전남,신안군,지도읍,12870250,True,True,261,0.7931734666926378,0.038314176245210725,0.011494252873563218,0.0038314176245210726,0.0038314176245210726,0.42911877394636017,0.10344827586206896,0.03065134099616858,0.034482758620689655,0.019157088122605363,0.32567049808429116,27,0.07662835249042145,126.206988238936,35.0592122792142,4,True,3,True,0,False,4,True,1
전남,신안군,팔금면,12870410,True,True,26,0.908633744691589,0.038461538461538464,0.0,0.0,0.0,0.38461538461538464,0.038461538461538464,0.0,0.15384615384615385,0.038461538461538464,0.34615384615384615,1,0.0,126.14309315135901,34.784164512848,0,False,0,False,0,False,0,False,0
전남,신안군,하의면,12870370,True,True,39,0.9045919105173007,0.05128205128205128,0.05128205128205128,0.0,0.0,0.28205128205128205,0.05128205128205128,0.15384615384615385,0.05128205128205128,0.0,0.358974358974359,2,0.0,126.036942917749,34.6072671198689,0,False,0,False,0,False,1,True,0
전남,신안군,흑산면,12870360,True,True,266,0.6826735738827856,0.0037593984962406013,0.011278195488721804,0.0,0.0,0.37593984962406013,0.022556390977443608,0.21428571428571427,0.022556390977443608,0.045112781954887216,0.30451127819548873,6,0.0037593984962406013,125.4419666728145,34.6845868377668,0,False,1,True,0,False,1,True,2
전남,영광군,군남면,12830350,True,True,32,0.9634380013131408,0.0625,0.0625,0.0,0.0,0.40625,0.0625,0.03125,0.09375,0.0625,0.21875,2,0.03125,126.450059877867,35.24078890016155,0,False,0,False,0,False,2,True,0
전남,영광군,군서면,12830340,True,True,43,0.9214866798980988,0.13953488372093023,0.06976744186046512,0.0,0.0,0.37209302325581395,0.046511627906976744,0.023255813953488372,0.046511627906976744,0.0,0.3023255813953488,2,0.023255813953488372,126.481629990676,35.2650952937644,0,False,0,False,0,False,1,True,0
전남,영광군,낙월면,12830380,True,True,23,0.9028370312787066,0.13043478260869565,0.0,0.0,0.0,0.34782608695652173,0.0,0.34782608695652173,0.0,0.0,0.17391304347826086,0,0.0,126.12997788075,35.2762573204714,0,False,0,False,0,False,0,False,0
전남,영광군,대마면,12830310,True,True,40,0.8648280399353651,0.075,0.025,0.025,0.0,0.25,0.05,0.025,0.05,0.05,0.45,2,0.025,126.5802379407645,35.29843943255375,1,True,0,False,0,False,0,False,0
전남,영광군,묘량면,12830320,True,True,30,0.892532086154283,0.2,0.03333333333333333,0.0,0.0,0.26666666666666666,0.1,0.0,0.06666666666666667,0.0,0.3333333333333333,3,0.0,126.54352019173399,35.25068316485415,0,False,0,False,0,False,1,True,0
전남,영광군,백수읍,12830253,True,True,158,0.776242344285785,0.08227848101265822,0.012658227848101266,0.0,0.0,0.2848101265822785,0.04430379746835443,0.2088607594936709,0.03164556962025317,0.03164556962025317,0.3037974683544304,7,0.0,126.389026854597,35.291632367423404,2,True,0,False,0,False,2,True,2
전남,영광군,법성면,12830370,True,True,284,0.7566355558577911,0.03169014084507042,0.01056338028169014,0.0,0.007042253521126761,0.3767605633802817,0.08450704225352113,0.07394366197183098,0.035211267605633804,0.02464788732394366,0.35563380281690143,24,0.02112676056338028,126.44644044598,35.3593546571198,4,True,2,True,0,False,2,True,2
전남,영광군,불갑면,12830330,True,True,39,0.8420526869327941,0.02564102564102564,0.05128205128205128,0.0,0.0,0.41025641025641024,0.0,0.07692307692307693,0.05128205128205128,0.02564102564102564,0.358974358974359,0,0.0,126.523295446476,35.2100338088604,0,False,0,False,0,False,2,True,0
전남,영광군,염산면,12830360,True,True,149,0.7903599981200353,0.0738255033557047,0.013422818791946308,0.006711409395973154,0.013422818791946308,0.3825503355704698,0.0738255033557047,0.06040268456375839,0.03355704697986577,0.006711409395973154,0.33557046979865773,11,0.006711409395973154,126.373313511859,35.2170577638659,1,True,2,True,1,True,2,True,0
전남,영광군,영광읍,12830250,True,True,1698,0.821448265973991,0.07479387514723204,0.04534746760895171,0.012956419316843345,0.014723203769140165,0.2956419316843345,0.1413427561837456,0.0176678445229682,0.04122497055359246,0.028857479387514724,0.32744405182567726,240,0.10011778563015312,126.504283766229,35.2758299771152,25,True,23,True,15,True,14,True,1
전남,영광군,홍농읍,12830256,True,True,256,0.834060934142239,0.01953125,0.03125,0.0,0.00390625,0.26953125,0.125,0.0625,0.109375,0.0234375,0.35546875,32,0.01171875,126.445543179995,35.3955126726524,8,True,3,True,0,False,4,True,0
전남,영암군,군서면,12800360,True,True,127,0.7918322357911539,0.03937007874015748,0.047244094488188976,0.0,0.007874015748031496,0.18110236220472442,0.07874015748031496,0.23622047244094488,0.06299212598425197,0.015748031496062992,0.33070866141732286,10,0.0,126.633998632276,34.7639287275113,0,False,0,False,0,False,1,True,2
전남,영암군,금정면,12800320,True,True,52,0.9089383808237259,0.019230769230769232,0.019230769230769232,0.019230769230769232,0.019230769230769232,0.4230769230769231,0.11538461538461539,0.0,0.0,0.038461538461538464,0.34615384615384615,6,0.038461538461538464,126.7488450674925,34.862572310792245,1,True,1,True,1,True,1,True,0
전남,영암군,덕진면,12800310,True,True,54,0.8966467495096361,0.037037037037037035,0.018518518518518517,0.018518518518518517,0.0,0.42592592592592593,0.16666666666666666,0.0,0.1111111111111111,0.0,0.2222222222222222,9,0.037037037037037035,126.697044932056,34.82318668065455,2,True,0,False,0,False,3,True,0
전남,영암군,도포면,12800350,True,True,48,0.905417836324819,0.1875,0.020833333333333332,0.0,0.020833333333333332,0.2916666666666667,0.08333333333333333,0.020833333333333332,0.08333333333333333,0.0,0.2916666666666667,4,0.0,126.6434333067685,34.84448089404075,0,False,0,False,0,False,2,True,0
전남,영암군,미암면,12800390,True,True,54,0.9303098685221878,0.018518518518518517,0.037037037037037035,0.0,0.07407407407407407,0.25925925925925924,0.2037037037037037,0.018518518518518517,0.07407407407407407,0.07407407407407407,0.24074074074074073,11,0.0,126.568460395022,34.7141496660348,0,False,0,False,0,False,1,True,0
전남,영암군,삼호읍,12800253,True,True,1349,0.8062638740936477,0.05559673832468495,0.02001482579688658,0.0029651593773165306,0.014084507042253521,0.24833209785025945,0.1134173461823573,0.02742772424017791,0.06226834692364715,0.04225352112676056,0.41363973313565605,153,0.0793180133432172,126.454974432288,34.7519342116246,44,True,7,True,4,True,25,True,1
전남,영암군,서호면,12800370,True,True,38,0.9335338051738735,0.05263157894736842,0.02631578947368421,0.0,0.02631578947368421,0.3684210526315789,0.13157894736842105,0.02631578947368421,0.10526315789473684,0.0,0.2631578947368421,5,0.02631578947368421,126.5811352340605,34.7554277718287,0,False,0,False,0,False,1,True,0
전남,영암군,시종면,12800340,True,True,94,0.8825764409432789,0.24468085106382978,0.02127659574468085,0.0,0.0,0.2872340425531915,0.11702127659574468,0.010638297872340425,0.031914893617021274,0.02127659574468085,0.26595744680851063,11,0.02127659574468085,126.608745971397,34.86810997895985,2,True,3,True,0,False,2,True,0
전남,영암군,신북면,12800330,True,True,131,0.8847931638876595,0.07633587786259542,0.022900763358778626,0.0,0.015267175572519083,0.3511450381679389,0.1450381679389313,0.030534351145038167,0.03816793893129771,0.022900763358778626,0.29770992366412213,19,0.030534351145038167,126.69144020179,34.8884246040682,1,True,2,True,0,False,7,True,0
전남,영암군,영암읍,12800250,True,True,593,0.8433875864031909,0.11804384485666104,0.045531197301854974,0.008431703204047217,0.011804384485666104,0.2934232715008432,0.1163575042158516,0.04047217537942664,0.03709949409780776,0.02023608768971332,0.3086003372681282,69,0.025295109612141653,126.698466851336,34.7992525804478,8,True,8,True,4,True,4,True,1
전남,영암군,학산면,12800380,True,True,146,0.8271694554309393,0.03424657534246575,0.03424657534246575,0.0,0.0136986301369863,0.2671232876712329,0.1643835616438356,0.02054794520547945,0.04794520547945205,0.03424657534246575,0.3835616438356164,24,0.02054794520547945,126.56923280880551,34.7252201253252,3,True,2,True,0,False,1,True,1
전남,완도군,고금면,12850330,True,True,155,0.844314136133343,0.03225806451612903,0.03225806451612903,0.012903225806451613,0.0064516129032258064,0.32903225806451614,0.10967741935483871,0.025806451612903226,0.04516129032258064,0.05161290322580645,0.3548387096774194,17,0.0,126.801376845289,34.3962329666288,3,True,1,True,2,True,3,True,0
전남,완도군,군외면,12850310,True,True,102,0.8543548941781446,0.00980392156862745,0.0196078431372549,0.0,0.00980392156862745,0.4117647058823529,0.0784313725490196,0.11764705882352941,0.058823529411764705,0.049019607843137254,0.24509803921568626,8,0.0196078431372549,126.6492181566305,34.389927131884605,3,True,1,True,0,False,1,True,0
전남,완도군,금당면,12850370,True,True,35,0.8971413006774199,0.05714285714285714,0.0,0.0,0.0,0.2571428571428571,0.02857142857142857,0.22857142857142856,0.0,0.08571428571428572,0.34285714285714286,1,0.05714285714285714,127.071248601591,34.4290802312611,0,False,0,False,0,False,0,False,2
전남,완도군,금일읍,12850253,True,True,139,0.8407704083116622,0.0,0.02158273381294964,0.014388489208633094,0.0,0.3237410071942446,0.1366906474820144,0.07194244604316546,0.02158273381294964,0.02877697841726619,0.381294964028777,19,0.007194244604316547,127.029183260157,34.349533539954,2,True,2,True,2,True,4,True,0
전남,완도군,노화읍,12850256,True,True,260,0.8025375178717518,0.007692307692307693,0.019230769230769232,0.0038461538461538464,0.0,0.4346153846153846,0.1,0.026923076923076925,0.0038461538461538464,0.04230769230769231,0.36153846153846153,26,0.019230769230769232,126.571618840707,34.1770314680445,3,True,4,True,1,True,3,True,0
전남,완도군,보길면,12850380,True,True,97,0.8202864467797246,0.010309278350515464,0.020618556701030927,0.0,0.0,0.36082474226804123,0.061855670103092786,0.20618556701030927,0.0,0.05154639175257732,0.28865979381443296,6,0.010309278350515464,126.565438746426,34.1691837865221,1,True,0,False,0,False,0,False,2
전남,완도군,생일면,12850390,True,True,36,0.8226488801582331,0.0,0.0,0.0,0.0,0.3055555555555556,0.027777777777777776,0.3333333333333333,0.0,0.05555555555555555,0.2777777777777778,1,0.027777777777777776,126.98435626684801,34.3349951168091,1,True,0,False,0,False,0,False,2
전남,완도군,소안면,12850360,True,True,83,0.8691842578659844,0.03614457831325301,0.024096385542168676,0.0,0.0,0.3132530120481928,0.0963855421686747,0.1686746987951807,0.0,0.024096385542168676,0.3373493975903614,8,0.0,126.650348410571,34.1735055619358,2,True,1,True,0,False,1,True,0
전남,완도군,신지면,12850320,True,True,152,0.7416587722920125,0.013157894736842105,0.019736842105263157,0.0,0.006578947368421052,0.32894736842105265,0.039473684210526314,0.3157894736842105,0.013157894736842105,0.019736842105263157,0.24342105263157895,6,0.0,126.82382812467051,34.329843956614596,2,True,1,True,0,False,2,True,2
전남,완도군,약산면,12850340,True,True,87,0.8410661259519542,0.022988505747126436,0.0,0.0,0.0,0.40229885057471265,0.09195402298850575,0.16091954022988506,0.0,0.022988505747126436,0.2988505747126437,8,0.0,126.899712909448,34.3901671834649,2,True,0,False,0,False,1,True,0
전남,완도군,완도읍,12850250,True,True,1489,0.7744494528763181,0.05104096709200806,0.028206850235057087,0.001343183344526528,0.007387508394895903,0.3237071860308932,0.13163196776359973,0.04768300873069174,0.02552048354600403,0.03425117528542646,0.34922766957689727,196,0.03492276695768973,126.747549960385,34.3176957834061,31,True,12,True,1,True,8,True,1
전남,완도군,청산면,12850350,True,True,178,0.6644992141488046,0.0056179775280898875,0.0056179775280898875,0.0056179775280898875,0.0,0.2247191011235955,0.028089887640449437,0.4157303370786517,0.02247191011235955,0.016853932584269662,0.2752808988764045,5,0.0,126.86038130142549,34.18099742485305,1,True,0,False,1,True,0,False,2
전남,장성군,남면,12840320,True,True,149,0.880651942801274,0.14093959731543623,0.026845637583892617,0.0,0.12080536912751678,0.26174496644295303,0.06711409395973154,0.03355704697986577,0.11409395973154363,0.013422818791946308,0.2214765100671141,10,0.06040268456375839,126.827649314315,35.2380763965722,4,True,0,False,0,False,2,True,0
전남,장성군,동화면,12840330,True,True,64,0.9179856941896614,0.15625,0.015625,0.0,0.046875,0.296875,0.109375,0.0,0.078125,0.015625,0.28125,7,0.015625,126.7335585931545,35.28184397330445,2,True,0,False,0,False,2,True,0
전남,장성군,북이면,12840390,True,True,99,0.8262996105793109,0.030303030303030304,0.010101010101010102,0.010101010101010102,0.030303030303030304,0.2727272727272727,0.13131313131313133,0.12121212121212122,0.010101010101010102,0.020202020202020204,0.36363636363636365,13,0.020202020202020204,126.808734317999,35.4291095767115,1,True,1,True,1,True,4,True,2
전남,장성군,북일면,12840380,True,True,44,0.9128175546459454,0.045454545454545456,0.06818181818181818,0.0,0.022727272727272728,0.3181818181818182,0.09090909090909091,0.18181818181818182,0.06818181818181818,0.022727272727272728,0.18181818181818182,4,0.045454545454545456,126.79427413074899,35.385415792940805,0,False,0,False,0,False,3,True,0
전남,장성군,북하면,12840400,True,True,160,0.7174901151405106,0.0125,0.025,0.0,0.00625,0.2125,0.0125,0.21875,0.05,0.025,0.4375,2,0.0,126.8786171869075,35.4103344363778,2,True,0,False,0,False,2,True,2
전남,장성군,삼계면,12840350,True,True,259,0.8290876357901763,0.0694980694980695,0.023166023166023165,0.015444015444015444,0.023166023166023165,0.18532818532818532,0.14285714285714285,0.06563706563706563,0.03861003861003861,0.06563706563706563,0.37065637065637064,37,0.03088803088803089,126.668645090617,35.2573727447709,6,True,2,True,3,True,2,True,1
전남,장성군,삼서면,12840340,True,True,95,0.8999588780446183,0.031578947368421054,0.031578947368421054,0.0,0.021052631578947368,0.35789473684210527,0.06315789473684211,0.12631578947368421,0.08421052631578947,0.010526315789473684,0.2736842105263158,6,0.010526315789473684,126.646699153366,35.2331312521224,2,True,0,False,0,False,2,True,0
전남,장성군,서삼면,12840370,True,True,65,0.7700428758702604,0.06153846153846154,0.03076923076923077,0.0,0.0,0.24615384615384617,0.03076923076923077,0.38461538461538464,0.015384615384615385,0.03076923076923077,0.2,2,0.03076923076923077,126.751477023226,35.3534358481447,1,True,0,False,0,False,2,True,2
전남,장성군,장성읍,12840250,True,True,820,0.8101658900825696,0.08170731707317073,0.02926829268292683,0.007317073170731708,0.02926829268292683,0.3024390243902439,0.12804878048780488,0.018292682926829267,0.03780487804878049,0.02195121951219512,0.3439024390243902,105,0.08780487804878048,126.782854994825,35.3012774348796,14,True,10,True,3,True,11,True,1
전남,장성군,진원면,12840310,True,True,120,0.873914883684587,0.125,0.075,0.0,0.041666666666666664,0.21666666666666667,0.1,0.03333333333333333,0.075,0.03333333333333333,0.3,12,0.03333333333333333,126.833597965885,35.26580928804,1,True,1,True,0,False,1,True,0
전남,장성군,황룡면,12840360,True,True,160,0.894534312369045,0.08125,0.01875,0.0,0.025,0.36875,0.13125,0.0375,0.04375,0.0375,0.25625,21,0.0125,126.767021475353,35.290590641782,0,False,1,True,0,False,4,True,0
전남,장흥군,관산읍,12770253,True,True,205,0.8384662741700821,0.05365853658536585,0.014634146341463415,0.0,0.00975609756097561,0.2975609756097561,0.14146341463414633,0.04390243902439024,0.03414634146341464,0.02926829268292683,0.375609756097561,29,0.0,126.93852122579,34.5627354258808,2,True,2,True,0,False,2,True,0
전남,장흥군,대덕읍,12770256,True,True,128,0.8545150749203122,0.0234375,0.0,0.0,0.0,0.40625,0.140625,0.0234375,0.0234375,0.03125,0.3515625,18,0.03125,126.887130567919,34.49881737579605,2,True,1,True,0,False,3,True,0
전남,장흥군,부산면,12770360,True,True,34,0.9218649818273587,0.14705882352941177,0.029411764705882353,0.0,0.029411764705882353,0.35294117647058826,0.08823529411764706,0.058823529411764705,0.08823529411764706,0.0,0.20588235294117646,3,0.029411764705882353,126.903297252876,34.7224156874983,0,False,0,False,0,False,3,True,0
전남,장흥군,안양면,12770320,True,True,106,0.8165083813063864,0.04716981132075472,0.02830188679245283,0.009433962264150943,0.009433962264150943,0.2830188679245283,0.04716981132075472,0.14150943396226415,0.04716981132075472,0.018867924528301886,0.36792452830188677,5,0.018867924528301886,126.9731827243505,34.64883128036355,1,True,0,False,0,False,1,True,2
전남,장흥군,용산면,12770310,True,True,45,0.9061775335037635,0.022222222222222223,0.06666666666666667,0.0,0.044444444444444446,0.3111111111111111,0.06666666666666667,0.044444444444444446,0.022222222222222223,0.044444444444444446,0.37777777777777777,3,0.022222222222222223,126.918634106776,34.6149064587126,1,True,0,False,0,False,2,True,0
전남,장흥군,유치면,12770350,True,True,32,0.890693767334242,0.0,0.0625,0.0,0.0,0.34375,0.0625,0.21875,0.0625,0.0,0.25,2,0.0,126.86054178476451,34.8140878330088,0,False,0,False,0,False,0,False,0
전남,장흥군,장동면,12770330,True,True,21,0.9062309607684068,0.09523809523809523,0.0,0.0,0.0,0.6190476190476191,0.09523809523809523,0.047619047619047616,0.0,0.0,0.14285714285714285,2,0.0,126.994757878235,34.7506912483089,0,False,0,False,0,False,2,True,0
전남,장흥군,장평면,12770340,True,True,73,0.8859364454343743,0.0684931506849315,0.0273972602739726,0.0,0.0136986301369863,0.3150684931506849,0.1232876712328767,0.0136986301369863,0.0547945205479452,0.0136986301369863,0.3698630136986301,9,0.0136986301369863,126.974382273291,34.7763166903554,1,True,0,False,0,False,2,True,0
전남,장흥군,장흥읍,12770250,True,True,1177,0.8261232110673559,0.07051826677994902,0.0356839422259983,0.004248088360237893,0.01784197111299915,0.29906542056074764,0.14528462192013594,0.029736618521665252,0.04078164825828377,0.0356839422259983,0.3211554800339847,171,0.025488530161427356,126.90763194813,34.6789290222006,19,True,12,True,3,True,6,True,1
전남,장흥군,회진면,12770370,True,True,132,0.8144602200390156,0.015151515151515152,0.0,0.0,0.007575757575757576,0.3560606060606061,0.07575757575757576,0.06818181818181818,0.007575757575757576,0.022727272727272728,0.44696969696969696,10,0.007575757575757576,126.940178912042,34.482714438047154,3,True,2,True,0,False,1,True,2
전남,진도군,고군면,12860320,True,True,123,0.8391842202171148,0.016260162601626018,0.032520325203252036,0.0,0.016260162601626018,0.4065040650406504,0.08943089430894309,0.032520325203252036,0.024390243902439025,0.04878048780487805,0.3333333333333333,11,0.0,126.330752268652,34.5002430412788,4,True,2,True,0,False,2,True,0
전남,진도군,군내면,12860310,True,True,119,0.82226513362733,0.07563025210084033,0.01680672268907563,0.0,0.01680672268907563,0.33613445378151263,0.058823529411764705,0.18487394957983194,0.025210084033613446,0.025210084033613446,0.2605042016806723,7,0.01680672268907563,126.297474228706,34.5660229099537,2,True,0,False,0,False,4,True,0
전남,진도군,의신면,12860330,True,True,167,0.7396244080347174,0.017964071856287425,0.029940119760479042,0.005988023952095809,0.005988023952095809,0.2634730538922156,0.04790419161676647,0.08383233532934131,0.04790419161676647,0.023952095808383235,0.47305389221556887,8,0.0,126.302302414741,34.4249937349884,4,True,1,True,0,False,2,True,2
전남,진도군,임회면,12860340,True,True,158,0.806432251717413,0.012658227848101266,0.012658227848101266,0.012658227848101266,0.006329113924050633,0.25949367088607594,0.06962025316455696,0.18354430379746836,0.02531645569620253,0.06329113924050633,0.35443037974683544,11,0.006329113924050633,126.192189779127,34.4052365664471,5,True,1,True,2,True,2,True,2
전남,진도군,조도면,12860360,True,True,73,0.7891786116750116,0.0136986301369863,0.0136986301369863,0.0,0.0,0.2602739726027397,0.0821917808219178,0.2602739726027397,0.0,0.0136986301369863,0.3561643835616438,6,0.0,126.047934198592,34.2978079277797,1,True,1,True,0,False,0,False,2
전남,진도군,지산면,12860350,True,True,76,0.8623326435125235,0.05263157894736842,0.02631578947368421,0.013157894736842105,0.0,0.2631578947368421,0.05263157894736842,0.21052631578947367,0.013157894736842105,0.06578947368421052,0.3026315789473684,4,0.039473684210526314,126.1656814447175,34.433178538860346,1,True,1,True,1,True,0,False,2
전남,진도군,진도읍,12860250,True,True,931,0.8219686619469433,0.0719656283566058,0.0397422126745435,0.0021482277121374865,0.010741138560687433,0.28678839957035446,0.11922663802363051,0.023630504833512353,0.03759398496240601,0.03544575725026853,0.3727175080558539,111,0.06337271750805586,126.263949637171,34.4816705576795,14,True,7,True,1,True,7,True,1
전남,함평군,나산면,12820360,True,True,55,0.9069784622201656,0.07272727272727272,0.01818181818181818,0.0,0.01818181818181818,0.34545454545454546,0.14545454545454545,0.03636363636363636,0.07272727272727272,0.01818181818181818,0.2727272727272727,8,0.0,126.609846113799,35.1128215289616,2,True,1,True,0,False,0,False,0
전남,함평군,대동면,12820350,True,True,79,0.8859299745171261,0.1518987341772152,0.0759493670886076,0.0,0.0,0.27848101265822783,0.10126582278481013,0.02531645569620253,0.05063291139240506,0.02531645569620253,0.2911392405063291,8,0.02531645569620253,126.539065863204,35.0681233373137,1,True,0,False,0,False,1,True,0
전남,함평군,손불면,12820310,True,True,74,0.8243967660284073,0.04054054054054054,0.0,0.013513513513513514,0.013513513513513514,0.36486486486486486,0.10810810810810811,0.0945945945945946,0.02702702702702703,0.013513513513513514,0.32432432432432434,8,0.013513513513513514,126.430584285263,35.142211750932404,1,True,1,True,1,True,0,False,0
전남,함평군,신광면,12820320,True,True,25,0.9086283368947529,0.0,0.04,0.0,0.0,0.48,0.16,0.08,0.0,0.04,0.2,4,0.08,126.495878136126,35.15576457751,0,False,0,False,0,False,0,False,0
전남,함평군,엄다면,12820340,True,True,51,0.9259715756578845,0.058823529411764705,0.0,0.0,0.0196078431372549,0.43137254901960786,0.058823529411764705,0.0784313725490196,0.11764705882352941,0.0196078431372549,0.21568627450980393,3,0.0196078431372549,126.514876015901,35.0141058103631,0,False,0,False,0,False,3,True,0
전남,함평군,월야면,12820380,True,True,121,0.8719030731686156,0.06611570247933884,0.0,0.0,0.06611570247933884,0.32231404958677684,0.12396694214876033,0.008264462809917356,0.0743801652892562,0.01652892561983471,0.32231404958677684,15,0.0,126.627602320086,35.1795107841562,1,True,1,True,0,False,1,True,0
전남,함평군,학교면,12820330,True,True,105,0.9061775133917791,0.10476190476190476,0.047619047619047616,0.0,0.0,0.3523809523809524,0.1523809523809524,0.02857142857142857,0.02857142857142857,0.02857142857142857,0.2571428571428571,16,0.01904761904761905,126.535798879663,35.0227756829637,2,True,2,True,0,False,4,True,0
전남,함평군,함평읍,12820250,True,True,673,0.822479482212863,0.07429420505200594,0.020802377414561663,0.008915304606240713,0.01634472511144131,0.32392273402674593,0.1188707280832095,0.05646359583952452,0.031203566121842496,0.02823179791976226,0.3209509658246657,80,0.01337295690936107,126.520388993726,35.0639098380123,10,True,8,True,3,True,6,True,1
전남,함평군,해보면,12820370,True,True,134,0.8680529403476945,0.06716417910447761,0.022388059701492536,0.007462686567164179,0.029850746268656716,0.30597014925373134,0.08955223880597014,0.06716417910447761,0.08208955223880597,0.014925373134328358,0.31343283582089554,12,0.007462686567164179,126.603237168108,35.1810123011838,1,True,1,True,1,True,1,True,0
전남,해남군,계곡면,12790380,True,True,37,0.9245515376174157,0.02702702702702703,0.05405405405405406,0.0,0.0,0.2702702702702703,0.08108108108108109,0.08108108108108109,0.1891891891891892,0.02702702702702703,0.2702702702702703,3,0.02702702702702703,126.658248140306,34.646183738859,1,True,0,False,0,False,2,True,0
전남,해남군,마산면,12790390,True,True,47,0.8673140030748495,0.02127659574468085,0.0425531914893617,0.02127659574468085,0.0,0.46808510638297873,0.0425531914893617,0.02127659574468085,0.0851063829787234,0.0425531914893617,0.2553191489361702,2,0.02127659574468085,126.549925230139,34.6118362645396,1,True,0,False,0,False,2,True,0
전남,해남군,문내면,12790420,True,True,189,0.8280463312834204,0.021164021164021163,0.005291005291005291,0.010582010582010581,0.010582010582010581,0.36507936507936506,0.08994708994708994,0.06878306878306878,0.021164021164021163,0.021164021164021163,0.3862433862433862,17,0.047619047619047616,126.311923859139,34.5965154795051,5,True,2,True,1,True,3,True,1
전남,해남군,북일면,12790360,True,True,48,0.9322417261076328,0.020833333333333332,0.0,0.0,0.020833333333333332,0.375,0.14583333333333334,0.0625,0.0625,0.020833333333333332,0.2916666666666667,7,0.0,126.6735617276355,34.4636963574238,1,True,1,True,0,False,2,True,0
전남,해남군,북평면,12790350,True,True,134,0.8439175997981812,0.022388059701492536,0.022388059701492536,0.007462686567164179,0.007462686567164179,0.35074626865671643,0.11194029850746269,0.09701492537313433,0.014925373134328358,0.022388059701492536,0.34328358208955223,15,0.022388059701492536,126.62771902866,34.406340641472156,3,True,2,True,1,True,2,True,0
전남,해남군,산이면,12790410,True,True,110,0.8334780117323128,0.01818181818181818,0.0,0.0,0.03636363636363636,0.38181818181818183,0.09090909090909091,0.02727272727272727,0.06363636363636363,0.0,0.38181818181818183,10,0.01818181818181818,126.435889238901,34.6570487363839,4,True,1,True,0,False,3,True,0
전남,해남군,삼산면,12790310,True,True,189,0.7085658795679631,0.021164021164021163,0.037037037037037035,0.0,0.0,0.21164021164021163,0.005291005291005291,0.25396825396825395,0.042328042328042326,0.042328042328042326,0.3862433862433862,1,0.021164021164021163,126.613626216216,34.5059742705238,3,True,0,False,0,False,1,True,2
전남,해남군,송지면,12790340,True,True,309,0.7897621392652928,0.016181229773462782,0.009708737864077669,0.0,0.0,0.3365695792880259,0.08090614886731391,0.10032362459546926,0.009708737864077669,0.02912621359223301,0.4174757281553398,25,0.012944983818770227,126.520811787843,34.3685813269122,11,True,2,True,0,False,2,True,2
전남,해남군,옥천면,12790370,True,True,79,0.888499935368784,0.0759493670886076,0.0379746835443038,0.012658227848101266,0.0,0.3670886075949367,0.12658227848101267,0.05063291139240506,0.0379746835443038,0.0379746835443038,0.25316455696202533,10,0.0379746835443038,126.648269762353,34.5688005857481,2,True,1,True,0,False,3,True,0
전남,해남군,해남읍,12790250,True,True,1929,0.817366241217622,0.064282011404873,0.04043545878693624,0.00829445308449974,0.01503369621565578,0.30637636080870917,0.15603939865215138,0.017107309486780714,0.05443234836702955,0.029030585795749093,0.30896837739761535,301,0.029030585795749093,126.598693749323,34.5710652865743,35,True,18,True,11,True,6,True,1
전남,해남군,현산면,12790330,True,True,88,0.8453984319770396,0.011363636363636364,0.045454545454545456,0.0,0.011363636363636364,0.4318181818181818,0.09090909090909091,0.03409090909090909,0.045454545454545456,0.011363636363636364,0.3181818181818182,8,0.022727272727272728,126.563774231896,34.44377668272435,2,True,1,True,0,False,2,True,0
전남,해남군,화산면,12790320,True,True,80,0.8412004231351631,0.0375,0.025,0.0125,0.0,0.475,0.0625,0.025,0.0375,0.0375,0.2875,5,0.0,126.514512558956,34.4908329474879,2,True,2,True,1,True,2,True,0
전남,해남군,화원면,12790430,True,True,127,0.8340472001191178,0.047244094488188976,0.0,0.007874015748031496,0.015748031496062992,0.28346456692913385,0.08661417322834646,0.11811023622047244,0.05511811023622047,0.031496062992125984,0.3543307086614173,11,0.007874015748031496,126.328338924527,34.6687990633842,4,True,1,True,1,True,3,True,0
전남,해남군,황산면,12790400,True,True,176,0.8569389439846057,0.03409090909090909,0.005681818181818182,0.005681818181818182,0.0,0.4318181818181818,0.07954545454545454,0.022727272727272728,0.08522727272727272,0.017045454545454544,0.3181818181818182,14,0.011363636363636364,126.432576413858,34.575460016052844,1,True,2,True,1,True,3,True,0
전남,화순군,능주면,12760350,True,True,156,0.8814220598792086,0.08974358974358974,0.02564102564102564,0.0,0.02564102564102564,0.3333333333333333,0.11538461538461539,0.019230769230769232,0.05128205128205128,0.01282051282051282,0.3269230769230769,18,0.02564102564102564,126.958658915346,34.990763287690996,1,True,1,True,0,False,5,True,0
전남,화순군,도곡면,12760360,True,True,217,0.7624134559100896,0.055299539170506916,0.02304147465437788,0.009216589861751152,0.018433179723502304,0.20276497695852536,0.041474654377880185,0.10599078341013825,0.02304147465437788,0.03686635944700461,0.4838709677419355,9,0.059907834101382486,126.9067269372,35.0211788620207,6,True,1,True,1,True,1,True,2
전남,화순군,도암면,12760370,True,True,28,0.8536808655612321,0.07142857142857142,0.0,0.0,0.0,0.21428571428571427,0.10714285714285714,0.07142857142857142,0.03571428571428571,0.07142857142857142,0.42857142857142855,3,0.03571428571428571,126.8768577005495,34.914365044440146,0,False,0,False,0,False,1,True,0
전남,화순군,동면,12760420,True,True,78,0.9095241990654291,0.10256410256410256,0.0641025641025641,0.01282051282051282,0.01282051282051282,0.24358974358974358,0.08974358974358974,0.038461538461538464,0.08974358974358974,0.01282051282051282,0.3333333333333333,7,0.02564102564102564,127.039471870643,35.02969196596275,1,True,0,False,0,False,2,True,0
전남,화순군,동복면,12760400,True,True,51,0.9174144158555362,0.0196078431372549,0.058823529411764705,0.0,0.0,0.37254901960784315,0.1568627450980392,0.0784313725490196,0.0,0.0196078431372549,0.29411764705882354,8,0.0196078431372549,127.127682980358,35.0715762000226,0,False,0,False,0,False,2,True,0
전남,화순군,백아면,12760395,True,True,50,0.8345783606444633,0.0,0.0,0.0,0.0,0.3,0.04,0.1,0.04,0.08,0.44,2,0.0,127.1332763692765,35.1673580583222,0,False,0,False,0,False,0,False,2
전남,화순군,사평면,12760415,True,True,47,0.8818357139757969,0.0851063829787234,0.0,0.0,0.02127659574468085,0.3191489361702128,0.0851063829787234,0.1276595744680851,0.0,0.0425531914893617,0.3191489361702128,4,0.0,127.098058923556,35.0065603579099,0,False,1,True,0,False,1,True,0
전남,화순군,이서면,12760380,True,True,34,0.829099642102244,0.058823529411764705,0.0,0.0,0.0,0.17647058823529413,0.0,0.38235294117647056,0.0,0.11764705882352941,0.2647058823529412,0,0.0,127.045155847536,35.1098224780712,0,False,0,False,0,False,0,False,2
전남,화순군,이양면,12760340,True,True,44,0.9194039555233098,0.045454545454545456,0.045454545454545456,0.0,0.0,0.2727272727272727,0.13636363636363635,0.045454545454545456,0.022727272727272728,0.0,0.4318181818181818,6,0.022727272727272728,126.9890277955635,34.8897424547726,0,False,1,True,0,False,1,True,0
전남,화순군,청풍면,12760330,True,True,24,0.9160930211099211,0.08333333333333333,0.0,0.0,0.0,0.375,0.0,0.08333333333333333,0.041666666666666664,0.125,0.2916666666666667,0,0.0,126.972785962826,34.88101166900905,0,False,0,False,0,False,1,True,0
전남,화순군,춘양면,12760320,True,True,53,0.9259909707979367,0.07547169811320754,0.05660377358490566,0.0,0.03773584905660377,0.39622641509433965,0.07547169811320754,0.03773584905660377,0.09433962264150944,0.0,0.22641509433962265,4,0.0,126.961025367171,34.9504184600095,0,False,1,True,0,False,2,True,0
전남,화순군,한천면,12760310,True,True,46,0.8512340387345979,0.10869565217391304,0.06521739130434782,0.021739130434782608,0.0,0.2608695652173913,0.0,0.30434782608695654,0.08695652173913043,0.021739130434782608,0.13043478260869565,0,0.021739130434782608,126.9984777657845,34.97354540796066,0,False,0,False,0,False,1,True,0
전남,화순군,화순읍,12760250,True,True,2059,0.8141339327829398,0.10004856726566294,0.036911121903836816,0.013113161728994658,0.03351141330743079,0.2506070908207868,0.13793103448275862,0.00825643516270034,0.036911121903836816,0.03156872268091306,0.3511413307430792,284,0.10004856726566294,126.987700882737,35.0602759823068,25,True,27,True,14,True,15,True,1
전북,고창군,고수면,52790310,True,True,53,0.8803739726309384,0.09433962264150944,0.05660377358490566,0.0,0.018867924528301886,0.2830188679245283,0.09433962264150944,0.05660377358490566,0.11320754716981132,0.0,0.2830188679245283,5,0.05660377358490566,126.679333295854,35.4070500626313,2,True,0,False,0,False,2,True,0
전북,고창군,고창읍,52790250,True,True,1482,0.8224523108075321,0.06275303643724696,0.048582995951417005,0.008771929824561403,0.024291497975708502,0.2894736842105263,0.13090418353576247,0.024291497975708502,0.04251012145748988,0.03643724696356275,0.3319838056680162,194,0.11673414304993253,126.698772686806,35.4350049587662,23,True,14,True,7,True,11,True,1
전북,고창군,공음면,52790340,True,True,69,0.8503005337573535,0.014492753623188406,0.014492753623188406,0.0,0.0,0.42028985507246375,0.11594202898550725,0.028985507246376812,0.057971014492753624,0.014492753623188406,0.3333333333333333,8,0.0,126.51496981445,35.3777958150812,2,True,0,False,0,False,2,True,0
전북,고창군,대산면,52790380,True,True,90,0.8992615241986173,0.022222222222222223,0.011111111111111112,0.011111111111111112,0.011111111111111112,0.5,0.1111111111111111,0.03333333333333333,0.03333333333333333,0.011111111111111112,0.25555555555555554,10,0.011111111111111112,126.5995558781155,35.33979320751931,1,True,2,True,1,True,4,True,0
전북,고창군,무장면,52790330,True,True,83,0.8340500359824582,0.04819277108433735,0.024096385542168676,0.012048192771084338,0.0,0.39759036144578314,0.0963855421686747,0.012048192771084338,0.024096385542168676,0.024096385542168676,0.3614457831325301,8,0.0,126.560926809231,35.4153346908917,2,True,1,True,0,False,3,True,0
전북,고창군,부안면,52790430,True,True,88,0.8271899155996529,0.03409090909090909,0.045454545454545456,0.0,0.0,0.2840909090909091,0.07954545454545454,0.22727272727272727,0.011363636363636364,0.03409090909090909,0.2840909090909091,7,0.03409090909090909,126.6502255676545,35.5130900043289,1,True,1,True,0,False,1,True,2
전북,고창군,상하면,52790350,True,True,138,0.7936129868857595,0.014492753623188406,0.014492753623188406,0.0,0.0,0.3333333333333333,0.043478260869565216,0.1956521739130435,0.021739130434782608,0.050724637681159424,0.32608695652173914,6,0.007246376811594203,126.4506602126925,35.44426317525945,2,True,1,True,0,False,3,True,2
전북,고창군,성내면,52790410,True,True,31,0.9033182258631135,0.12903225806451613,0.0,0.03225806451612903,0.0,0.3870967741935484,0.0967741935483871,0.06451612903225806,0.0,0.0,0.2903225806451613,3,0.0,126.741522360489,35.5396465562336,0,False,0,False,0,False,1,True,0
전북,고창군,성송면,52790370,True,True,15,0.9751767440930257,0.0,0.0,0.0,0.0,0.3333333333333333,0.06666666666666667,0.06666666666666667,0.06666666666666667,0.0,0.4666666666666667,1,0.0,126.646048552443,35.3649843693768,1,True,0,False,0,False,1,True,0
전북,고창군,신림면,52790420,True,True,61,0.9023325137674519,0.06557377049180328,0.01639344262295082,0.0,0.0,0.4426229508196721,0.18032786885245902,0.03278688524590164,0.01639344262295082,0.04918032786885246,0.19672131147540983,11,0.04918032786885246,126.6985687163,35.476975784117,4,True,0,False,0,False,7,True,0
전북,고창군,심원면,52790390,True,True,142,0.780793604376208,0.0,0.035211267605633804,0.0,0.0,0.352112676056338,0.056338028169014086,0.09154929577464789,0.014084507042253521,0.04929577464788732,0.4014084507042254,8,0.014084507042253521,126.5528818035405,35.52455143040485,4,True,0,False,0,False,2,True,2
전북,고창군,아산면,52790320,True,True,150,0.7252173797683108,0.04,0.02666666666666667,0.0,0.006666666666666667,0.29333333333333333,0.02666666666666667,0.14666666666666667,0.02,0.02666666666666667,0.41333333333333333,4,0.006666666666666667,126.5996490291665,35.500169931882255,4,True,1,True,0,False,2,True,2
전북,고창군,해리면,52790360,True,True,126,0.8298885947884904,0.047619047619047616,0.007936507936507936,0.023809523809523808,0.0,0.373015873015873,0.09523809523809523,0.1111111111111111,0.023809523809523808,0.031746031746031744,0.2857142857142857,12,0.03968253968253968,126.54016542362,35.4608191892456,1,True,2,True,2,True,2,True,0
전북,고창군,흥덕면,52790400,True,True,149,0.8574306840548825,0.03355704697986577,0.006711409395973154,0.006711409395973154,0.026845637583892617,0.28187919463087246,0.12080536912751678,0.040268456375838924,0.053691275167785234,0.03355704697986577,0.3959731543624161,18,0.053691275167785234,126.699980294422,35.5199096355143,2,True,2,True,0,False,3,True,1
전북,김제시,검산동,52210540,True,False,471,0.8232644440551103,0.02335456475583864,0.059447983014861996,0.004246284501061571,0.010615711252653927,0.24628450106157113,0.16985138004246284,0.021231422505307854,0.02335456475583864,0.06794055201698514,0.37367303609341823,80,0.14437367303609341,126.904030017483,35.8031524386826,12,True,6,True,2,True,10,True,1
전북,김제시,공덕면,52210380,True,False,49,0.9117592206011683,0.08163265306122448,0.0,0.0,0.04081632653061224,0.46938775510204084,0.08163265306122448,0.0,0.08163265306122448,0.0,0.24489795918367346,4,0.02040816326530612,126.912710878933,35.8845153094839,0,False,0,False,0,False,3,True,0
전북,김제시,광활면,52210460,True,False,23,0.9215389484703536,0.0,0.08695652173913043,0.0,0.043478260869565216,0.30434782608695654,0.043478260869565216,0.043478260869565216,0.0,0.0,0.4782608695652174,1,0.043478260869565216,126.741161120574,35.8325074123997,0,False,0,False,0,False,0,False,0
전북,김제시,교월동,52210580,True,False,240,0.8766756710167398,0.041666666666666664,0.0375,0.0,0.0125,0.32916666666666666,0.18333333333333332,0.05,0.0625,0.041666666666666664,0.24166666666666667,44,0.05416666666666667,126.878331787577,35.7969842418201,5,True,1,True,0,False,8,True,1
전북,김제시,금구면,52210420,True,False,259,0.8268565789275238,0.03088803088803089,0.05019305019305019,0.011583011583011582,0.03861003861003861,0.26640926640926643,0.10038610038610038,0.05791505791505792,0.04247104247104247,0.03088803088803089,0.37065637065637064,26,0.019305019305019305,127.010484303102,35.7767178117841,6,True,2,True,0,False,11,True,1
전북,김제시,금산면,52210450,True,False,287,0.7708043614681307,0.027874564459930314,0.024390243902439025,0.006968641114982578,0.020905923344947737,0.2787456445993031,0.08362369337979095,0.041811846689895474,0.0313588850174216,0.0313588850174216,0.4529616724738676,24,0.020905923344947737,126.998441680124,35.7182635771066,6,True,2,True,1,True,4,True,2
전북,김제시,만경읍,52210250,True,False,126,0.875572700620441,0.031746031746031744,0.03968253968253968,0.007936507936507936,0.023809523809523808,0.31746031746031744,0.14285714285714285,0.015873015873015872,0.023809523809523808,0.03968253968253968,0.35714285714285715,18,0.0,126.8173105151975,35.852644549858454,2,True,2,True,1,True,2,True,0
전북,김제시,백구면,52210350,True,False,149,0.815962616918457,0.04697986577181208,0.013422818791946308,0.006711409395973154,0.040268456375838924,0.5704697986577181,0.06040268456375839,0.006711409395973154,0.053691275167785234,0.026845637583892617,0.174496644295302,9,0.03355704697986577,126.97343188612,35.8778215860744,5,True,1,True,0,False,7,True,0
전북,김제시,백산면,52210330,True,False,95,0.8579173819690651,0.08421052631578947,0.031578947368421054,0.0,0.021052631578947368,0.2736842105263158,0.06315789473684211,0.010526315789473684,0.10526315789473684,0.031578947368421054,0.37894736842105264,6,0.12631578947368421,126.884649190072,35.8506483327694,8,True,0,False,0,False,2,True,1
전북,김제시,봉남면,52210430,True,False,24,0.9336692714746537,0.041666666666666664,0.0,0.0,0.0,0.4583333333333333,0.16666666666666666,0.0,0.08333333333333333,0.041666666666666664,0.20833333333333334,4,0.0,126.963070060901,35.753806975952244,1,True,0,False,0,False,1,True,0
전북,김제시,부량면,52210360,True,False,33,0.863486909756493,0.06060606060606061,0.06060606060606061,0.0,0.030303030303030304,0.12121212121212122,0.0,0.0,0.09090909090909091,0.06060606060606061,0.5757575757575758,0,0.0,126.853099560715,35.7546196280752,0,False,0,False,0,False,0,False,2
전북,김제시,성덕면,52210400,True,False,21,0.9444092794272004,0.09523809523809523,0.047619047619047616,0.0,0.047619047619047616,0.38095238095238093,0.0,0.0,0.047619047619047616,0.09523809523809523,0.2857142857142857,0,0.0,126.812076110619,35.8199747676894,0,False,0,False,0,False,2,True,0
전북,김제시,신풍동,52210520,True,False,517,0.8261614889524338,0.0735009671179884,0.05415860735009671,0.007736943907156673,0.02127659574468085,0.23984526112185686,0.16054158607350097,0.0019342359767891683,0.048355899419729204,0.030947775628626693,0.3617021276595745,83,0.11798839458413926,126.898806783898,35.7975797830799,9,True,3,True,2,True,6,True,1
전북,김제시,요촌동,52210510,True,False,1377,0.8247585216625667,0.0718954248366013,0.034858387799564274,0.007988380537400145,0.02251270878721859,0.3493100944081336,0.12127814088598403,0.013071895424836602,0.04357298474945534,0.03340595497458242,0.3021060275962237,167,0.08859840232389252,126.887447852385,35.8025715015042,22,True,27,True,9,True,13,True,1
전북,김제시,용지면,52210340,True,False,188,0.6659890124656438,0.02127659574468085,0.010638297872340425,0.0,0.0,0.6914893617021277,0.06382978723404255,0.005319148936170213,0.02127659574468085,0.015957446808510637,0.1702127659574468,12,0.2712765957446808,126.99322794052,35.8171848894593,2,True,2,True,0,False,2,True,1
전북,김제시,죽산면,52210320,True,False,53,0.9254241765402424,0.03773584905660377,0.018867924528301886,0.0,0.0,0.4528301886792453,0.07547169811320754,0.03773584905660377,0.07547169811320754,0.0,0.3018867924528302,4,0.03773584905660377,126.816033923125,35.7703420772417,2,True,0,False,0,False,1,True,0
전북,김제시,진봉면,52210410,True,False,42,0.8864766627775176,0.047619047619047616,0.023809523809523808,0.0,0.07142857142857142,0.2857142857142857,0.07142857142857142,0.07142857142857142,0.023809523809523808,0.023809523809523808,0.38095238095238093,3,0.023809523809523808,126.7534300264505,35.8556208966588,0,False,0,False,0,False,3,True,0
전북,김제시,청하면,52210390,True,False,29,0.9354906972594768,0.06896551724137931,0.06896551724137931,0.0,0.0,0.27586206896551724,0.034482758620689655,0.0,0.06896551724137931,0.06896551724137931,0.41379310344827586,1,0.034482758620689655,126.84007826256,35.9035908048695,0,False,0,False,0,False,2,True,0
전북,김제시,황산면,52210440,True,False,51,0.9035405649181766,0.09803921568627451,0.0392156862745098,0.0,0.0,0.4117647058823529,0.09803921568627451,0.09803921568627451,0.058823529411764705,0.0392156862745098,0.1568627450980392,5,0.0,126.949399594104,35.7947070402367,1,True,0,False,0,False,1,True,0
전북,남원시,금동,52190550,True,False,581,0.7920533297881422,0.020654044750430294,0.012048192771084338,0.0051635111876075735,0.013769363166953529,0.46987951807228917,0.10843373493975904,0.012048192771084338,0.020654044750430294,0.029259896729776247,0.3080895008605852,63,0.058519793459552494,127.375861148408,35.4046196519992,2,True,7,True,3,True,3,True,1
전북,남원시,금지면,52190350,True,False,44,0.8809187105178445,0.045454545454545456,0.045454545454545456,0.0,0.0,0.25,0.09090909090909091,0.022727272727272728,0.022727272727272728,0.0,0.5227272727272727,4,0.022727272727272728,127.2996955591735,35.3461693826261,0,False,0,False,0,False,1,True,0
전북,남원시,노암동,52190540,True,False,228,0.8065719246595767,0.03508771929824561,0.02631578947368421,0.008771929824561403,0.0,0.2675438596491228,0.08771929824561403,0.03508771929824561,0.05701754385964912,0.03070175438596491,0.4517543859649123,20,0.03508771929824561,127.38680186909599,35.4006011332847,7,True,1,True,0,False,2,True,1
전북,남원시,대강면,52190360,True,False,25,0.8569422226316229,0.0,0.04,0.0,0.08,0.2,0.08,0.12,0.04,0.0,0.44,2,0.0,127.228793773275,35.3477986430038,0,False,0,False,0,False,0,False,2
전북,남원시,대산면,52190370,True,False,21,0.7886897717503037,0.14285714285714285,0.0,0.0,0.0,0.19047619047619047,0.047619047619047616,0.09523809523809523,0.0,0.0,0.5238095238095238,1,0.0,127.323928672674,35.4292343822218,0,False,0,False,0,False,0,False,2
전북,남원시,덕과면,52190390,True,False,12,0.9599009323677093,0.08333333333333333,0.0,0.0,0.0,0.5833333333333334,0.0,0.08333333333333333,0.08333333333333333,0.0,0.16666666666666666,0,0.0,127.3569681666405,35.513982920013206,0,False,0,False,0,False,2,True,0
전북,남원시,도통동,52190590,True,False,974,0.7932495028952181,0.049281314168377825,0.0513347022587269,0.003080082135523614,0.014373716632443531,0.23613963039014374,0.1735112936344969,0.011293634496919919,0.028747433264887063,0.03593429158110883,0.39630390143737165,169,0.09137577002053388,127.3965282262885,35.4172220507996,21,True,4,True,2,True,7,True,1
전북,남원시,동충동,52190510,True,False,259,0.8921163733943294,0.11969111969111969,0.02702702702702703,0.019305019305019305,0.019305019305019305,0.3552123552123552,0.10810810810810811,0.03861003861003861,0.05405405405405406,0.015444015444015444,0.24324324324324326,28,0.05791505791505792,127.384436954761,35.410976553976,5,True,4,True,3,True,1,True,1
전북,남원시,보절면,52190400,True,False,29,0.951617169113238,0.10344827586206896,0.034482758620689655,0.0,0.0,0.27586206896551724,0.06896551724137931,0.034482758620689655,0.13793103448275862,0.06896551724137931,0.27586206896551724,2,0.0,127.404698291431,35.5126650310069,0,False,0,False,0,False,1,True,0
전북,남원시,사매면,52190380,True,False,36,0.9350826839193178,0.05555555555555555,0.027777777777777776,0.027777777777777776,0.0,0.3888888888888889,0.19444444444444445,0.0,0.05555555555555555,0.08333333333333333,0.16666666666666666,7,0.0,127.3598729094315,35.48180961299015,1,True,0,False,0,False,4,True,0
전북,남원시,산내면,52190460,True,False,284,0.6412347497193844,0.007042253521126761,0.028169014084507043,0.0,0.0035211267605633804,0.25,0.01056338028169014,0.31338028169014087,0.014084507042253521,0.02464788732394366,0.3485915492957746,3,0.0035211267605633804,127.605164762441,35.40264862269905,2,True,0,False,0,False,2,True,2
전북,남원시,산동면,52190410,True,False,23,0.8886787939416769,0.08695652173913043,0.0,0.0,0.0,0.391304347826087,0.08695652173913043,0.08695652173913043,0.13043478260869565,0.043478260869565216,0.17391304347826086,2,0.0,127.475409291815,35.4923271464894,0,False,0,False,0,False,0,False,0
전북,남원시,송동면,52190330,True,False,31,0.9009264698459801,0.03225806451612903,0.0,0.0,0.0,0.5161290322580645,0.0967741935483871,0.06451612903225806,0.12903225806451613,0.0,0.16129032258064516,3,0.0,127.331491952554,35.3562710068247,0,False,0,False,0,False,2,True,0
전북,남원시,수지면,52190320,True,False,20,0.9710459299447972,0.1,0.0,0.0,0.0,0.4,0.15,0.05,0.05,0.05,0.2,3,0.0,127.3697135158265,35.33775393287475,0,False,0,False,0,False,2,True,0
전북,남원시,아영면,52190450,True,False,50,0.8843752631636799,0.04,0.02,0.0,0.0,0.38,0.1,0.06,0.0,0.02,0.38,5,0.0,127.5931098114815,35.49428549170925,0,False,0,False,0,False,6,True,0
전북,남원시,왕정동,52190560,True,False,191,0.8674057985202694,0.05759162303664921,0.031413612565445025,0.015706806282722512,0.005235602094240838,0.38219895287958117,0.18848167539267016,0.0,0.041884816753926704,0.031413612565445025,0.24607329842931938,36,0.07853403141361257,127.374000611063,35.4080255506793,6,True,3,True,3,True,1,True,1
전북,남원시,운봉읍,52190250,True,False,153,0.8311202488840195,0.0392156862745098,0.0196078431372549,0.0,0.013071895424836602,0.35294117647058826,0.08496732026143791,0.06535947712418301,0.0196078431372549,0.05228758169934641,0.35294117647058826,13,0.032679738562091505,127.530961144201,35.4370334954931,3,True,1,True,0,False,3,True,0
전북,남원시,이백면,52190420,True,False,39,0.9202882119590972,0.07692307692307693,0.0,0.0,0.05128205128205128,0.46153846153846156,0.07692307692307693,0.02564102564102564,0.05128205128205128,0.02564102564102564,0.23076923076923078,3,0.0,127.443202460728,35.4266039476003,0,False,1,True,0,False,1,True,0
전북,남원시,인월면,52190470,True,False,269,0.7905460625059838,0.03717472118959108,0.007434944237918215,0.0,0.01486988847583643,0.2788104089219331,0.09293680297397769,0.048327137546468404,0.0037174721189591076,0.03345724907063197,0.483271375464684,25,0.022304832713754646,127.602744958705,35.461531397233,2,True,2,True,0,False,3,True,2
전북,남원시,주생면,52190340,True,False,35,0.9196856494348822,0.02857142857142857,0.0,0.0,0.0,0.5714285714285714,0.05714285714285714,0.02857142857142857,0.08571428571428572,0.05714285714285714,0.17142857142857143,2,0.02857142857142857,127.321008422701,35.3833781414329,0,False,0,False,0,False,3,True,0
전북,남원시,주천면,52190310,True,False,145,0.7902648471693079,0.06896551724137931,0.027586206896551724,0.0,0.013793103448275862,0.296551724137931,0.020689655172413793,0.13793103448275862,0.027586206896551724,0.027586206896551724,0.3793103448275862,3,0.013793103448275862,127.437526729688,35.3903265725946,0,False,0,False,0,False,4,True,2
전북,남원시,죽항동,52190520,True,False,794,0.8085607995391314,0.05289672544080604,0.022670025188916875,0.008816120906801008,0.015113350125944584,0.3929471032745592,0.11586901763224182,0.021410579345088162,0.021410579345088162,0.036523929471032744,0.3123425692695214,92,0.10831234256926953,127.381681095782,35.4073022898841,5,True,10,True,5,True,0,False,1
전북,남원시,향교동,52190570,True,False,456,0.8662659848124206,0.09649122807017543,0.03508771929824561,0.008771929824561403,0.015350877192982455,0.2807017543859649,0.17763157894736842,0.021929824561403508,0.05043859649122807,0.03289473684210526,0.2807017543859649,81,0.07017543859649122,127.386417582663,35.41631884483485,10,True,4,True,1,True,8,True,1
전북,무주군,무주읍,52730250,True,True,647,0.8438325950565041,0.07264296754250386,0.03554868624420402,0.0061823802163833074,0.012364760432766615,0.3029366306027821,0.1143740340030912,0.01854714064914992,0.04482225656877898,0.04791344667697063,0.3446676970633694,74,0.017001545595054096,127.66165182926,36.0066277864115,9,True,8,True,2,True,10,True,1
전북,무주군,무풍면,52730310,True,True,124,0.7661214552195644,0.016129032258064516,0.008064516129032258,0.0,0.0,0.33064516129032256,0.06451612903225806,0.2661290322580645,0.024193548387096774,0.03225806451612903,0.25806451612903225,8,0.024193548387096774,127.8432317425915,35.9595415536981,2,True,0,False,0,False,3,True,2
전북,무주군,부남면,52730350,True,True,39,0.9023504142813623,0.05128205128205128,0.05128205128205128,0.0,0.0,0.3076923076923077,0.02564102564102564,0.15384615384615385,0.1794871794871795,0.05128205128205128,0.1794871794871795,1,0.0,127.580613907562,35.9737532721989,0,False,0,False,0,False,0,False,0
전북,무주군,설천면,52730320,True,True,594,0.6938570446691888,0.006734006734006734,0.013468013468013467,0.0016835016835016834,0.011784511784511785,0.15488215488215487,0.02356902356902357,0.2760942760942761,0.14983164983164984,0.037037037037037035,0.32491582491582494,14,0.018518518518518517,127.77322679056749,35.90844248496495,16,True,2,True,1,True,2,True,2
전북,무주군,안성면,52730340,True,True,217,0.8356392180196298,0.02304147465437788,0.03225806451612903,0.0,0.009216589861751152,0.41935483870967744,0.10138248847926268,0.05069124423963134,0.018433179723502304,0.04608294930875576,0.2995391705069124,22,0.03225806451612903,127.65421020176,35.8658862850132,2,True,3,True,0,False,5,True,0
전북,무주군,적상면,52730330,True,True,106,0.785464446867833,0.0660377358490566,0.009433962264150943,0.0,0.009433962264150943,0.22641509433962265,0.04716981132075472,0.1792452830188679,0.07547169811320754,0.03773584905660377,0.3490566037735849,5,0.009433962264150943,127.693869609906,35.94457662070385,2,True,0,False,0,False,5,True,2
전북,부안군,계화면,52800340,True,True,71,0.877633338037081,0.04225352112676056,0.028169014084507043,0.0,0.04225352112676056,0.352112676056338,0.14084507042253522,0.028169014084507043,0.028169014084507043,0.04225352112676056,0.29577464788732394,10,0.0,126.693723340288,35.7633235045629,1,True,0,False,0,False,1,True,0
전북,부안군,동진면,52800320,True,True,45,0.931829882464603,0.022222222222222223,0.022222222222222223,0.0,0.022222222222222223,0.3333333333333333,0.13333333333333333,0.06666666666666667,0.08888888888888889,0.022222222222222223,0.28888888888888886,6,0.0,126.745193366519,35.7498393469984,0,False,0,False,0,False,3,True,0
전북,부안군,백산면,52800380,True,True,27,0.9455305560363265,0.037037037037037035,0.037037037037037035,0.0,0.0,0.5185185185185185,0.14814814814814814,0.0,0.037037037037037035,0.0,0.2222222222222222,4,0.0,126.790993667707,35.7057643118525,0,False,0,False,0,False,1,True,0
전북,부안군,변산면,52800360,True,True,640,0.6665178355024908,0.015625,0.0140625,0.0,0.0140625,0.2140625,0.028125,0.25625,0.0140625,0.0359375,0.4078125,18,0.021875,126.4749757116325,35.6274391634244,19,True,2,True,0,False,5,True,2
전북,부안군,보안면,52800350,True,True,63,0.8669587932243262,0.047619047619047616,0.06349206349206349,0.0,0.0,0.38095238095238093,0.12698412698412698,0.07936507936507936,0.031746031746031744,0.015873015873015872,0.25396825396825395,8,0.015873015873015872,126.66856987546,35.6114322413012,0,False,0,False,0,False,3,True,0
전북,부안군,부안읍,52800250,True,True,1609,0.8185430999881621,0.05655686761963953,0.032318210068365445,0.008079552517091361,0.03418272218769422,0.33374766935985084,0.12865133623368552,0.02113113735239279,0.022374145431945307,0.03356121814791796,0.32939714108141704,207,0.10503418272218769,126.735542487724,35.7264565330006,24,True,22,True,9,True,10,True,1
전북,부안군,상서면,52800390,True,True,44,0.8830059603082994,0.045454545454545456,0.022727272727272728,0.0,0.022727272727272728,0.3181818181818182,0.06818181818181818,0.045454545454545456,0.0,0.022727272727272728,0.45454545454545453,3,0.0,126.668412943157,35.6819934635603,2,True,0,False,0,False,1,True,0
전북,부안군,위도면,52800420,True,True,101,0.6941166267883012,0.009900990099009901,0.009900990099009901,0.0,0.0,0.297029702970297,0.009900990099009901,0.40594059405940597,0.009900990099009901,0.0891089108910891,0.16831683168316833,1,0.009900990099009901,126.287116459727,35.6041866144693,0,False,0,False,0,False,0,False,2
전북,부안군,주산면,52800310,True,True,35,0.9476602054873303,0.0,0.02857142857142857,0.0,0.0,0.5428571428571428,0.17142857142857143,0.0,0.05714285714285714,0.0,0.2,6,0.02857142857142857,126.710885152125,35.6720464949045,1,True,0,False,0,False,2,True,0
전북,부안군,줄포면,52800410,True,True,173,0.8451943087128516,0.04046242774566474,0.005780346820809248,0.0,0.005780346820809248,0.3583815028901734,0.09826589595375723,0.011560693641618497,0.023121387283236993,0.023121387283236993,0.43352601156069365,17,0.023121387283236993,126.678363198046,35.5893298997152,3,True,2,True,0,False,6,True,0
전북,부안군,진서면,52800370,True,True,243,0.6891042148003107,0.00823045267489712,0.00823045267489712,0.0,0.00411522633744856,0.35802469135802467,0.01646090534979424,0.1440329218106996,0.00823045267489712,0.024691358024691357,0.4279835390946502,4,0.024691358024691357,126.604965797755,35.5892702580494,4,True,1,True,0,False,2,True,2
전북,부안군,하서면,52800400,True,True,53,0.8969824821883415,0.05660377358490566,0.03773584905660377,0.0,0.05660377358490566,0.2641509433962264,0.07547169811320754,0.07547169811320754,0.07547169811320754,0.07547169811320754,0.2830188679245283,4,0.0,126.6320103704,35.7133634599112,0,False,0,False,0,False,3,True,0
전북,부안군,행안면,52800330,True,True,113,0.8704582339586765,0.10619469026548672,0.02654867256637168,0.0,0.008849557522123894,0.336283185840708,0.1504424778761062,0.061946902654867256,0.09734513274336283,0.02654867256637168,0.18584070796460178,17,0.04424778761061947,126.718199151126,35.7263641811196,4,True,0,False,0,False,4,True,0
전북,순창군,구림면,52770400,True,True,70,0.8459306500879464,0.07142857142857142,0.04285714285714286,0.0,0.014285714285714285,0.24285714285714285,0.05714285714285714,0.15714285714285714,0.0,0.08571428571428572,0.32857142857142857,4,0.0,127.10249163966,35.4525475177454,0,False,0,False,0,False,1,True,2
전북,순창군,금과면,52770340,True,True,19,0.9500300908588503,0.05263157894736842,0.0,0.0,0.0,0.3157894736842105,0.0,0.05263157894736842,0.05263157894736842,0.0,0.5263157894736842,0,0.0,127.084941087141,35.3398285084249,0,False,0,False,0,False,1,True,0
전북,순창군,동계면,52770320,True,True,53,0.8633285407913697,0.05660377358490566,0.018867924528301886,0.03773584905660377,0.0,0.3584905660377358,0.05660377358490566,0.1509433962264151,0.0,0.05660377358490566,0.2641509433962264,3,0.0,127.239797577531,35.4402641191074,0,False,1,True,1,True,1,True,0
전북,순창군,복흥면,52770370,True,True,77,0.8215880099139722,0.012987012987012988,0.05194805194805195,0.0,0.012987012987012988,0.2727272727272727,0.11688311688311688,0.11688311688311688,0.012987012987012988,0.03896103896103896,0.36363636363636365,9,0.0,126.930555399863,35.4352418070285,0,False,1,True,0,False,2,True,2
전북,순창군,순창읍,52770250,True,True,841,0.8170423674215697,0.06658739595719382,0.026159334126040427,0.009512485136741973,0.01070154577883472,0.3579072532699168,0.11652794292508918,0.02140309155766944,0.028537455410225922,0.02497027348394768,0.3376932223543401,98,0.020214030915576695,127.142392076636,35.3739060064208,15,True,10,True,5,True,10,True,1
전북,순창군,쌍치면,52770360,True,True,50,0.8672857086423736,0.06,0.04,0.0,0.0,0.26,0.08,0.04,0.04,0.06,0.42,4,0.0,127.002623202231,35.5005185484347,0,False,0,False,0,False,0,False,0
전북,순창군,유등면,52770390,True,True,20,0.957735598419171,0.0,0.05,0.0,0.0,0.3,0.05,0.15,0.1,0.1,0.25,1,0.05,127.187824269484,35.373615995559,0,False,0,False,0,False,0,False,0
전북,순창군,인계면,52770310,True,True,19,0.967044280918683,0.05263157894736842,0.0,0.05263157894736842,0.0,0.47368421052631576,0.10526315789473684,0.05263157894736842,0.0,0.05263157894736842,0.21052631578947367,2,0.05263157894736842,127.142280468801,35.4103049348432,0,False,0,False,0,False,1,True,0
전북,순창군,적성면,52770380,True,True,30,0.9286343980214314,0.06666666666666667,0.13333333333333333,0.0,0.0,0.23333333333333334,0.03333333333333333,0.06666666666666667,0.13333333333333333,0.1,0.23333333333333334,1,0.0,127.20774410363751,35.4028145966374,0,False,0,False,0,False,0,False,0
전북,순창군,팔덕면,52770350,True,True,78,0.7094047477184499,0.01282051282051282,0.01282051282051282,0.0,0.0,0.20512820512820512,0.01282051282051282,0.24358974358974358,0.0,0.01282051282051282,0.5,1,0.0,127.082127367685,35.4009853523372,1,True,0,False,0,False,0,False,2
전북,순창군,풍산면,52770330,True,True,19,0.9244170872779358,0.05263157894736842,0.0,0.0,0.0,0.3684210526315789,0.0,0.05263157894736842,0.0,0.3157894736842105,0.21052631578947367,0,0.0,127.173363633212,35.3394784318114,0,False,0,False,0,False,0,False,0
전북,완주군,경천면,52710410,False,True,31,0.8768101793759144,0.03225806451612903,0.0967741935483871,0.0,0.0,0.2903225806451613,0.03225806451612903,0.16129032258064516,0.03225806451612903,0.06451612903225806,0.2903225806451613,1,0.0,127.261202603292,36.0405732830324,0,False,0,False,0,False,0,False,0
전북,완주군,고산면,52710360,False,True,297,0.8299137612311479,0.05723905723905724,0.06397306397306397,0.003367003367003367,0.02356902356902357,0.3501683501683502,0.0707070707070707,0.037037037037037035,0.04713804713804714,0.010101010101010102,0.3367003367003367,21,0.003367003367003367,127.207489343355,35.9749128659531,2,True,4,True,1,True,6,True,0
전북,완주군,구이면,52710350,False,True,264,0.8280965485556454,0.08712121212121213,0.056818181818181816,0.003787878787878788,0.022727272727272728,0.29924242424242425,0.045454545454545456,0.06439393939393939,0.041666666666666664,0.011363636363636364,0.36742424242424243,12,0.007575757575757576,127.11712797719599,35.729806654441404,4,True,1,True,1,True,3,True,0
전북,완주군,동상면,52710400,False,True,165,0.6396213399042787,0.006060606060606061,0.006060606060606061,0.0,0.0,0.3575757575757576,0.006060606060606061,0.2,0.01818181818181818,0.012121212121212121,0.3939393939393939,1,0.006060606060606061,127.308172577269,35.9474936135828,0,False,0,False,0,False,0,False,2
전북,완주군,봉동읍,52710253,False,True,1266,0.8187358195681663,0.06714060031595577,0.04818325434439179,0.008688783570300158,0.018167456556082148,0.25434439178515006,0.11690363349131122,0.013428120063191154,0.05292259083728278,0.036334913112164295,0.38388625592417064,148,0.05766192733017378,127.1324071025985,35.95537406983295,30,True,14,True,7,True,20,True,1
전북,완주군,비봉면,52710370,False,True,27,0.8846321682844746,0.037037037037037035,0.07407407407407407,0.0,0.0,0.3333333333333333,0.037037037037037035,0.037037037037037035,0.1111111111111111,0.0,0.37037037037037035,1,0.0,127.140680026666,35.9960569926749,0,False,0,False,0,False,0,False,0
전북,완주군,삼례읍,52710250,False,True,982,0.8189039644836354,0.04480651731160896,0.062118126272912425,0.01120162932790224,0.031568228105906315,0.2790224032586558,0.1120162932790224,0.010183299389002037,0.04684317718940937,0.04684317718940937,0.35539714867617106,110,0.017311608961303463,127.074580108038,35.9126271577654,16,True,12,True,10,True,11,True,1
전북,완주군,상관면,52710320,False,True,194,0.8242928674741665,0.030927835051546393,0.03608247422680412,0.0,0.010309278350515464,0.3556701030927835,0.061855670103092786,0.17525773195876287,0.05154639175257732,0.005154639175257732,0.27319587628865977,12,0.020618556701030927,127.210919188909,35.7649554547161,5,True,1,True,0,False,12,True,0
전북,완주군,소양면,52710340,False,True,265,0.7962673320517902,0.07924528301886792,0.033962264150943396,0.01509433962264151,0.0037735849056603774,0.2679245283018868,0.03773584905660377,0.1018867924528302,0.04150943396226415,0.022641509433962263,0.39622641509433965,10,0.018867924528301886,127.243462654583,35.8581112095658,4,True,2,True,1,True,4,True,2
전북,완주군,용진읍,52710256,False,True,288,0.8672164441619818,0.09722222222222222,0.034722222222222224,0.003472222222222222,0.0625,0.3125,0.1076388888888889,0.010416666666666666,0.0763888888888889,0.010416666666666666,0.2847222222222222,31,0.006944444444444444,127.166321279015,35.889880336405355,6,True,2,True,0,False,5,True,0
전북,완주군,운주면,52710380,False,True,238,0.6637490546391791,0.02100840336134454,0.008403361344537815,0.0,0.008403361344537815,0.2647058823529412,0.025210084033613446,0.21008403361344538,0.04201680672268908,0.004201680672268907,0.41596638655462187,6,0.012605042016806723,127.3314710508825,36.09303968763485,4,True,0,False,0,False,2,True,2
전북,완주군,이서면,52710330,False,True,1009,0.8428163044348294,0.10703666997026759,0.09415262636273539,0.010901883052527254,0.04360753221010902,0.21209117938553024,0.09514370664023786,0.01288404360753221,0.04162537165510406,0.048562933597621406,0.333994053518335,96,0.15460852329038652,127.056049292512,35.8368462680788,20,True,9,True,11,True,6,True,1
전북,완주군,화산면,52710390,False,True,60,0.8601996860696732,0.06666666666666667,0.1,0.016666666666666666,0.016666666666666666,0.2,0.1,0.05,0.016666666666666666,0.016666666666666666,0.4166666666666667,6,0.0,127.2048667157285,36.03530005957835,0,False,0,False,0,False,2,True,0
전북,임실군,강진면,52750390,True,True,85,0.8562353149959959,0.011764705882352941,0.023529411764705882,0.0,0.0,0.3176470588235294,0.11764705882352941,0.023529411764705882,0.07058823529411765,0.023529411764705882,0.4117647058823529,10,0.03529411764705882,127.160678849861,35.5297005815728,1,True,1,True,0,False,2,True,0
전북,임실군,관촌면,52750380,True,True,147,0.8731845209179726,0.061224489795918366,0.006802721088435374,0.0,0.02040816326530612,0.32653061224489793,0.12244897959183673,0.034013605442176874,0.05442176870748299,0.0,0.3741496598639456,18,0.02040816326530612,127.270242852122,35.6745983490374,3,True,3,True,0,False,4,True,0
전북,임실군,덕치면,52750400,True,True,34,0.9004812977873062,0.029411764705882353,0.029411764705882353,0.029411764705882353,0.0,0.2647058823529412,0.058823529411764705,0.20588235294117646,0.23529411764705882,0.0,0.14705882352941177,2,0.0,127.1562459231505,35.495176676774804,0,False,0,False,0,False,0,False,0
전북,임실군,삼계면,52750370,True,True,17,0.9432680223653439,0.058823529411764705,0.0,0.0,0.0,0.29411764705882354,0.17647058823529413,0.0,0.11764705882352941,0.11764705882352941,0.23529411764705882,3,0.0,127.270816256525,35.5072610290494,0,False,0,False,0,False,0,False,0
전북,임실군,성수면,52750340,True,True,54,0.8533536341270545,0.0,0.018518518518518517,0.0,0.0,0.2777777777777778,0.037037037037037035,0.07407407407407407,0.018518518518518517,0.18518518518518517,0.3888888888888889,2,0.05555555555555555,127.3218350671165,35.6291785234701,0,False,0,False,0,False,2,True,2
전북,임실군,신덕면,52750360,True,True,22,0.932007106763719,0.045454545454545456,0.09090909090909091,0.0,0.0,0.4090909090909091,0.13636363636363635,0.09090909090909091,0.045454545454545456,0.0,0.18181818181818182,3,0.0,127.161453826767,35.699657537635105,0,False,0,False,0,False,1,True,0
전북,임실군,신평면,52750330,True,True,33,0.8687293993505125,0.030303030303030304,0.0,0.0,0.0,0.42424242424242425,0.15151515151515152,0.0,0.12121212121212122,0.06060606060606061,0.21212121212121213,5,0.0,127.224430722435,35.6557839203233,0,False,0,False,0,False,1,True,0
전북,임실군,오수면,52750355,True,True,212,0.8314123228813273,0.02830188679245283,0.009433962264150943,0.0047169811320754715,0.0047169811320754715,0.3915094339622642,0.13679245283018868,0.02358490566037736,0.05660377358490566,0.014150943396226415,0.330188679245283,29,0.02830188679245283,127.327545677181,35.5389532821482,6,True,5,True,1,True,7,True,0
전북,임실군,운암면,52750320,True,True,93,0.764616900337179,0.021505376344086023,0.010752688172043012,0.0,0.010752688172043012,0.25806451612903225,0.021505376344086023,0.16129032258064516,0.03225806451612903,0.0,0.4838709677419355,2,0.0,127.113008819666,35.6085377486793,0,False,0,False,0,False,0,False,2
전북,임실군,임실읍,52750250,True,True,469,0.8301984828065914,0.08955223880597014,0.03624733475479744,0.006396588486140725,0.01279317697228145,0.2601279317697228,0.1023454157782516,0.014925373134328358,0.03624733475479744,0.053304904051172705,0.3880597014925373,48,0.1044776119402985,127.282713276209,35.6144537524058,8,True,6,True,2,True,5,True,1
전북,임실군,지사면,52750410,True,True,9,0.9708357627258161,0.1111111111111111,0.1111111111111111,0.0,0.0,0.3333333333333333,0.1111111111111111,0.0,0.0,0.0,0.3333333333333333,1,0.0,127.352453408419,35.5625978512429,0,False,1,True,0,False,0,False,0
전북,임실군,청웅면,52750310,True,True,38,0.9056397802202453,0.02631578947368421,0.0,0.0,0.0,0.34210526315789475,0.18421052631578946,0.0,0.0,0.05263157894736842,0.39473684210526316,7,0.0,127.202150342585,35.57038934464105,1,True,0,False,0,False,0,False,0
전북,장수군,계남면,52740350,True,True,85,0.8505984676088071,0.047058823529411764,0.058823529411764705,0.0,0.0,0.3176470588235294,0.07058823529411765,0.03529411764705882,0.03529411764705882,0.08235294117647059,0.35294117647058826,6,0.023529411764705882,127.581942011315,35.702464199956,1,True,0,False,0,False,1,True,0
전북,장수군,계북면,52740360,True,True,40,0.8902325191694093,0.0,0.0,0.0,0.0,0.425,0.075,0.175,0.025,0.0,0.3,3,0.025,127.6253774954335,35.78688193255525,1,True,0,False,0,False,2,True,0
전북,장수군,번암면,52740320,True,True,67,0.828389428177354,0.04477611940298507,0.014925373134328358,0.0,0.0,0.26865671641791045,0.08955223880597014,0.208955223880597,0.0,0.029850746268656716,0.34328358208955223,6,0.0,127.543844525854,35.5333351592091,1,True,0,False,0,False,1,True,2
전북,장수군,산서면,52740310,True,True,49,0.9157914768173719,0.0,0.02040816326530612,0.0,0.0,0.3877551020408163,0.12244897959183673,0.0,0.02040816326530612,0.10204081632653061,0.3469387755102041,6,0.0,127.395897779689,35.5846837124078,0,False,1,True,0,False,2,True,0
전북,장수군,장계면,52740335,True,True,291,0.849466906971138,0.044673539518900345,0.01718213058419244,0.006872852233676976,0.024054982817869417,0.30927835051546393,0.14776632302405499,0.027491408934707903,0.013745704467353952,0.03436426116838488,0.3745704467353952,43,0.030927835051546393,127.583250875474,35.7310337327055,5,True,5,True,2,True,1,True,1
전북,장수군,장수읍,52740250,True,True,408,0.8363936501880183,0.07352941176470588,0.051470588235294115,0.004901960784313725,0.014705882352941176,0.2622549019607843,0.12009803921568628,0.02696078431372549,0.03676470588235294,0.03676470588235294,0.37254901960784315,49,0.07598039215686274,127.518660919618,35.648503041537495,7,True,4,True,1,True,2,True,1
전북,장수군,천천면,52740340,True,True,59,0.9090830362007238,0.1016949152542373,0.0847457627118644,0.0,0.0,0.288135593220339,0.05084745762711865,0.13559322033898305,0.03389830508474576,0.01694915254237288,0.288135593220339,3,0.0,127.533072749995,35.7371755707524,0,False,0,False,0,False,1,True,0
전북,정읍시,감곡면,52180400,True,False,37,0.897301279811437,0.08108108108108109,0.02702702702702703,0.0,0.0,0.4594594594594595,0.13513513513513514,0.02702702702702703,0.0,0.0,0.2702702702702703,5,0.0,126.928619473961,35.7111982518591,1,True,0,False,0,False,2,True,0
전북,정읍시,고부면,52180340,True,False,63,0.8648746547644536,0.0,0.031746031746031744,0.015873015873015872,0.0,0.30158730158730157,0.2222222222222222,0.06349206349206349,0.06349206349206349,0.015873015873015872,0.2857142857142857,14,0.0,126.772713965902,35.6151951124407,1,True,0,False,1,True,3,True,0
전북,정읍시,내장상동,52180535,True,False,1071,0.7907178651400985,0.03361344537815126,0.08123249299719888,0.007469654528478058,0.021475256769374416,0.1942110177404295,0.1400560224089636,0.040149393090569564,0.028944911297852476,0.05415499533146592,0.39869281045751637,150,0.15592903828197946,126.870798754701,35.5591316526173,21,True,9,True,6,True,7,True,1
전북,정읍시,농소동,52180580,True,False,178,0.8519795269892755,0.028089887640449437,0.02247191011235955,0.011235955056179775,0.011235955056179775,0.47191011235955055,0.16853932584269662,0.0056179775280898875,0.0449438202247191,0.033707865168539325,0.20224719101123595,30,0.12921348314606743,126.8391430434515,35.5833092509231,10,True,4,True,0,False,12,True,1
전북,정읍시,덕천면,52180360,True,False,23,0.9406524498833585,0.043478260869565216,0.13043478260869565,0.0,0.043478260869565216,0.34782608695652173,0.08695652173913043,0.0,0.043478260869565216,0.043478260869565216,0.2608695652173913,2,0.0,126.843182152413,35.6337015272816,0,False,1,True,0,False,0,False,0
전북,정읍시,북면,52180310,True,False,137,0.8516748027198395,0.043795620437956206,0.014598540145985401,0.0072992700729927005,0.021897810218978103,0.3357664233576642,0.15328467153284672,0.0072992700729927005,0.058394160583941604,0.0,0.35766423357664234,21,0.029197080291970802,126.89169817183,35.6080319317325,5,True,1,True,0,False,5,True,0
전북,정읍시,산내면,52180430,True,False,45,0.8123221163902825,0.022222222222222223,0.022222222222222223,0.0,0.0,0.24444444444444444,0.0,0.35555555555555557,0.0,0.13333333333333333,0.2222222222222222,0,0.0,127.064681898172,35.5490428844809,0,False,0,False,0,False,0,False,2
전북,정읍시,산외면,52180440,True,False,67,0.8904868342516844,0.029850746268656716,0.0,0.0,0.014925373134328358,0.3283582089552239,0.14925373134328357,0.08955223880597014,0.029850746268656716,0.04477611940298507,0.31343283582089554,10,0.029850746268656716,127.04172543463,35.6217991745512,0,False,1,True,0,False,1,True,0
전북,정읍시,상교동,52180595,True,False,116,0.8376327128705715,0.05172413793103448,0.034482758620689655,0.0,0.0,0.3448275862068966,0.10344827586206896,0.11206896551724138,0.04310344827586207,0.008620689655172414,0.3017241379310345,12,0.07758620689655173,126.841385391085,35.52516081348555,5,True,0,False,0,False,2,True,1
전북,정읍시,소성면,52180330,True,False,39,0.9010905997120182,0.07692307692307693,0.0,0.0,0.0,0.4358974358974359,0.07692307692307693,0.05128205128205128,0.05128205128205128,0.02564102564102564,0.28205128205128205,3,0.0,126.782033811437,35.5564273015581,0,False,0,False,0,False,3,True,0
전북,정읍시,수성동,52180510,True,False,1400,0.8145685630643709,0.08785714285714286,0.03,0.007142857142857143,0.016428571428571428,0.265,0.15,0.011428571428571429,0.03642857142857143,0.03857142857142857,0.35714285714285715,210,0.1457142857142857,126.85498165259,35.5784661918238,22,True,15,True,7,True,7,True,1
전북,정읍시,시기동,52180545,True,False,544,0.7715327308759323,0.029411764705882353,0.0055147058823529415,0.007352941176470588,0.011029411764705883,0.49816176470588236,0.13970588235294118,0.009191176470588236,0.01838235294117647,0.011029411764705883,0.2702205882352941,76,0.07169117647058823,126.8545408811775,35.5644721394975,4,True,15,True,3,True,1,True,1
전북,정읍시,신태인읍,52180250,True,False,239,0.8698098597345518,0.03347280334728033,0.008368200836820083,0.0041841004184100415,0.008368200836820083,0.39330543933054396,0.1506276150627615,0.008368200836820083,0.058577405857740586,0.029288702928870293,0.3054393305439331,36,0.016736401673640166,126.886330322507,35.6890165579192,2,True,4,True,1,True,6,True,0
전북,정읍시,연지동,52180570,True,False,610,0.8612664446272085,0.054098360655737705,0.02459016393442623,0.019672131147540985,0.014754098360655738,0.32786885245901637,0.1557377049180328,0.05573770491803279,0.07540983606557378,0.01639344262295082,0.25573770491803277,95,0.08852459016393442,126.84608772148,35.5729864130431,9,True,9,True,10,True,5,True,1
전북,정읍시,영원면,52180350,True,False,27,0.9559375681019545,0.0,0.1111111111111111,0.0,0.037037037037037035,0.37037037037037035,0.14814814814814814,0.0,0.0,0.037037037037037035,0.2962962962962963,4,0.0,126.785198731312,35.6561076687693,0,False,0,False,0,False,1,True,0
전북,정읍시,옹동면,52180410,True,False,21,0.9690989696872087,0.0,0.14285714285714285,0.0,0.14285714285714285,0.2857142857142857,0.0,0.09523809523809523,0.14285714285714285,0.0,0.19047619047619047,0,0.0,126.979977267598,35.6437772511051,0,False,0,False,0,False,1,True,0
전북,정읍시,이평면,52180370,True,False,33,0.9135195113024369,0.2727272727272727,0.06060606060606061,0.0,0.0,0.21212121212121213,0.12121212121212122,0.0,0.0,0.030303030303030304,0.30303030303030304,4,0.0,126.838035430107,35.6641301728219,0,False,0,False,0,False,1,True,0
전북,정읍시,입암면,52180320,True,False,63,0.9370286023469732,0.031746031746031744,0.06349206349206349,0.015873015873015872,0.015873015873015872,0.38095238095238093,0.1111111111111111,0.06349206349206349,0.06349206349206349,0.031746031746031744,0.2222222222222222,7,0.0,126.797225664241,35.5092576592611,0,False,1,True,1,True,3,True,0
전북,정읍시,장명동,52180520,True,False,147,0.9298258389706339,0.12244897959183673,0.08843537414965986,0.006802721088435374,0.02040816326530612,0.3401360544217687,0.1360544217687075,0.006802721088435374,0.06802721088435375,0.047619047619047616,0.16326530612244897,20,0.05442176870748299,126.861685555439,35.5661618207675,2,True,1,True,0,False,4,True,0
전북,정읍시,정우면,52180380,True,False,38,0.8908186405948991,0.0,0.0,0.0,0.0,0.34210526315789475,0.18421052631578946,0.05263157894736842,0.02631578947368421,0.02631578947368421,0.3684210526315789,7,0.05263157894736842,126.8766178288015,35.641769498912154,1,True,0,False,0,False,4,True,0
전북,정읍시,초산동,52180565,True,False,279,0.8670963511982812,0.04659498207885305,0.06093189964157706,0.0,0.03225806451612903,0.25089605734767023,0.2114695340501792,0.0,0.06451612903225806,0.03942652329749104,0.2939068100358423,59,0.06093189964157706,126.854231247163,35.558863052337,8,True,2,True,0,False,2,True,1
전북,정읍시,칠보면,52180420,True,False,92,0.8858735439643818,0.021739130434782608,0.03260869565217391,0.0,0.021739130434782608,0.2717391304347826,0.16304347826086957,0.03260869565217391,0.010869565217391304,0.06521739130434782,0.3804347826086957,15,0.0,126.99049993087499,35.60366321507835,0,False,1,True,0,False,2,True,0
전북,정읍시,태인면,52180390,True,False,131,0.8767676534538125,0.08396946564885496,0.030534351145038167,0.0,0.007633587786259542,0.33587786259541985,0.15267175572519084,0.0,0.03816793893129771,0.007633587786259542,0.3435114503816794,20,0.015267175572519083,126.940999607436,35.6517416727138,3,True,2,True,0,False,3,True,0
전북,진안군,동향면,52720330,True,True,25,0.9255391897822681,0.04,0.12,0.0,0.0,0.4,0.04,0.08,0.04,0.0,0.28,1,0.0,127.568810244366,35.8383166755391,0,False,0,False,0,False,0,False,0
전북,진안군,마령면,52720370,True,True,81,0.8895453055794095,0.06172839506172839,0.024691358024691357,0.0,0.0,0.4074074074074074,0.12345679012345678,0.037037037037037035,0.024691358024691357,0.0,0.32098765432098764,10,0.0,127.370291585469,35.7428815059436,1,True,0,False,0,False,1,True,0
전북,진안군,백운면,52720350,True,True,67,0.7766869639272592,0.04477611940298507,0.029850746268656716,0.0,0.014925373134328358,0.2835820895522388,0.05970149253731343,0.2835820895522388,0.014925373134328358,0.0,0.26865671641791045,4,0.014925373134328358,127.403641170816,35.6808564937979,0,False,1,True,0,False,1,True,2
전북,진안군,부귀면,52720380,True,True,117,0.8077406544140637,0.05128205128205128,0.05128205128205128,0.0,0.0,0.26495726495726496,0.06837606837606838,0.1111111111111111,0.05128205128205128,0.008547008547008548,0.39316239316239315,8,0.008547008547008548,127.359774579784,35.836372112011,2,True,0,False,0,False,3,True,2
전북,진안군,상전면,52720340,True,True,21,0.830377529948561,0.047619047619047616,0.047619047619047616,0.0,0.0,0.14285714285714285,0.0,0.42857142857142855,0.0,0.0,0.3333333333333333,0,0.0,127.488286424817,35.8360033362872,0,False,0,False,0,False,0,False,2
전북,진안군,성수면,52720360,True,True,34,0.9282298318022139,0.08823529411764706,0.029411764705882353,0.0,0.0,0.4117647058823529,0.029411764705882353,0.14705882352941177,0.058823529411764705,0.0,0.23529411764705882,1,0.058823529411764705,127.30836239161951,35.7103728070297,0,False,0,False,0,False,1,True,0
전북,진안군,안천면,52720320,True,True,45,0.8979089685028246,0.022222222222222223,0.022222222222222223,0.0,0.0,0.3111111111111111,0.08888888888888889,0.08888888888888889,0.044444444444444446,0.044444444444444446,0.37777777777777777,4,0.0,127.550738301934,35.897553246964,1,True,0,False,0,False,0,False,0
전북,진안군,용담면,52720310,True,True,42,0.8045139905767738,0.07142857142857142,0.023809523809523808,0.0,0.0,0.23809523809523808,0.047619047619047616,0.16666666666666666,0.023809523809523808,0.023809523809523808,0.40476190476190477,2,0.0,127.51889407688651,35.9598592461892,0,False,0,False,0,False,1,True,2
전북,진안군,정천면,52720390,True,True,45,0.8018534987186798,0.0,0.044444444444444446,0.0,0.0,0.28888888888888886,0.022222222222222223,0.24444444444444444,0.044444444444444446,0.022222222222222223,0.3333333333333333,1,0.022222222222222223,127.429973758032,35.8751575762159,0,False,0,False,0,False,0,False,2
전북,진안군,주천면,52720400,True,True,80,0.7654002028783019,0.025,0.025,0.0,0.025,0.3,0.05,0.2375,0.0125,0.0,0.325,4,0.0,127.4206930371385,35.9756367182147,0,False,0,False,0,False,1,True,2
전북,진안군,진안읍,52720250,True,True,685,0.8435990820683048,0.0905109489051095,0.026277372262773723,0.008759124087591242,0.014598540145985401,0.3562043795620438,0.10948905109489052,0.024817518248175182,0.032116788321167884,0.021897810218978103,0.31532846715328466,75,0.021897810218978103,127.427707453057,35.791948515552,10,True,10,True,4,True,7,True,1
충남,공주시,계룡면,44150330,True,False,259,0.7742442851408363,0.03088803088803089,0.02702702702702703,0.011583011583011582,0.019305019305019305,0.3359073359073359,0.0694980694980695,0.10038610038610038,0.02702702702702703,0.03088803088803089,0.3474903474903475,18,0.007722007722007722,127.15171607549,36.3627988378684,2,True,1,True,3,True,7,True,2
충남,공주시,금학동,44150550,True,False,135,0.8763124412836594,0.06666666666666667,0.11851851851851852,0.05185185185185185,0.014814814814814815,0.2814814814814815,0.0962962962962963,0.022222222222222223,0.02962962962962963,0.007407407407407408,0.3111111111111111,13,0.02962962962962963,127.119069385431,36.4408858665228,6,True,0,False,2,True,6,True,0
충남,공주시,반포면,44150340,True,False,687,0.691921535349977,0.034934497816593885,0.023289665211062592,0.004366812227074236,0.020378457059679767,0.22998544395924309,0.023289665211062592,0.19941775836972345,0.03056768558951965,0.020378457059679767,0.413391557496361,16,0.046579330422125184,127.247440005461,36.367385604563,12,True,3,True,2,True,7,True,2
충남,공주시,사곡면,44150390,True,False,181,0.7219387074337336,0.011049723756906077,0.022099447513812154,0.0,0.016574585635359115,0.22099447513812154,0.03314917127071823,0.20441988950276244,0.03314917127071823,0.022099447513812154,0.43646408839779005,6,0.011049723756906077,127.02166745783,36.5542704827483,0,False,1,True,0,False,3,True,2
충남,공주시,신관동,44150570,True,False,1788,0.8149521189292236,0.04530201342281879,0.06599552572706935,0.024049217002237135,0.03131991051454139,0.19742729306487697,0.1331096196868009,0.024049217002237135,0.04138702460850112,0.053131991051454136,0.38422818791946306,238,0.10067114093959731,127.1367457141825,36.472781241655,45,True,17,True,39,True,7,True,1
충남,공주시,신풍면,44150400,True,False,127,0.8929670774882411,0.10236220472440945,0.03937007874015748,0.007874015748031496,0.015748031496062992,0.30708661417322836,0.07086614173228346,0.047244094488188976,0.05511811023622047,0.05511811023622047,0.2992125984251969,9,0.0,126.955990987471,36.515370517369,2,True,0,False,0,False,4,True,0
충남,공주시,옥룡동,44150560,True,False,322,0.8699998659423194,0.08695652173913043,0.040372670807453416,0.009316770186335404,0.040372670807453416,0.2639751552795031,0.13664596273291926,0.015527950310559006,0.08385093167701864,0.027950310559006212,0.2950310559006211,44,0.040372670807453416,127.134720176986,36.4542192346211,7,True,1,True,2,True,10,True,1
충남,공주시,우성면,44150380,True,False,179,0.8557604936782341,0.055865921787709494,0.03910614525139665,0.00558659217877095,0.0223463687150838,0.31843575418994413,0.0893854748603352,0.05027932960893855,0.055865921787709494,0.05027932960893855,0.3128491620111732,16,0.0,127.078032009376,36.4757631878441,2,True,1,True,0,False,4,True,0
충남,공주시,웅진동,44150540,True,False,972,0.8135345766177258,0.050411522633744855,0.021604938271604937,0.03806584362139918,0.01440329218106996,0.3436213991769547,0.102880658436214,0.0360082304526749,0.0360082304526749,0.015432098765432098,0.34156378600823045,100,0.030864197530864196,127.12336042154,36.4587067623287,11,True,16,True,36,True,2,True,1
충남,공주시,월송동,44150590,True,False,434,0.8344413267325391,0.08294930875576037,0.06682027649769585,0.016129032258064516,0.03917050691244239,0.23963133640552994,0.12672811059907835,0.016129032258064516,0.029953917050691243,0.03917050691244239,0.3433179723502304,55,0.03686635944700461,127.151843135196,36.4778327488357,8,True,1,True,5,True,11,True,1
충남,공주시,유구읍,44150250,True,False,452,0.8166695880221218,0.02654867256637168,0.022123893805309734,0.024336283185840708,0.030973451327433628,0.336283185840708,0.09734513274336283,0.06858407079646017,0.02654867256637168,0.02654867256637168,0.3407079646017699,44,0.017699115044247787,126.951859899778,36.5523426837678,9,True,6,True,11,True,5,True,1
충남,공주시,의당면,44150360,True,False,185,0.8536590417512888,0.043243243243243246,0.010810810810810811,0.0,0.016216216216216217,0.2918918918918919,0.11891891891891893,0.021621621621621623,0.0972972972972973,0.07027027027027027,0.32972972972972975,22,0.010810810810810811,127.143986918514,36.5014424227246,4,True,0,False,0,False,5,True,0
충남,공주시,이인면,44150310,True,False,103,0.8672271206309814,0.02912621359223301,0.038834951456310676,0.0,0.04854368932038835,0.33980582524271846,0.08737864077669903,0.009708737864077669,0.08737864077669903,0.02912621359223301,0.3300970873786408,9,0.019417475728155338,127.064580555343,36.3625596842513,0,False,0,False,0,False,6,True,0
충남,공주시,정안면,44150370,True,False,225,0.8199671255379969,0.04888888888888889,0.017777777777777778,0.0044444444444444444,0.035555555555555556,0.37333333333333335,0.06666666666666667,0.08,0.022222222222222223,0.03111111111111111,0.32,15,0.017777777777777778,127.120784439397,36.6097753999825,4,True,1,True,0,False,16,True,0
충남,공주시,중학동,44150510,True,False,740,0.8503299393460397,0.1554054054054054,0.07027027027027027,0.025675675675675677,0.010810810810810811,0.2756756756756757,0.0891891891891892,0.025675675675675677,0.052702702702702706,0.02027027027027027,0.2743243243243243,66,0.03648648648648649,127.123774244358,36.4541550605818,7,True,5,True,19,True,0,False,1
충남,공주시,탄천면,44150320,True,False,72,0.8861174704790973,0.013888888888888888,0.027777777777777776,0.013888888888888888,0.027777777777777776,0.25,0.125,0.041666666666666664,0.08333333333333333,0.027777777777777776,0.3888888888888889,9,0.027777777777777776,127.028813278967,36.330756891578446,5,True,0,False,0,False,3,True,0
충남,금산군,군북면,44710340,True,True,71,0.8974204638506198,0.04225352112676056,0.028169014084507043,0.0,0.014084507042253521,0.4647887323943662,0.056338028169014086,0.09859154929577464,0.08450704225352113,0.014084507042253521,0.19718309859154928,4,0.028169014084507043,127.509366041255,36.1522708458953,0,False,0,False,0,False,6,True,0
충남,금산군,금산읍,44710250,True,True,2269,0.7284219148800674,0.03481710004407228,0.03349493168796827,0.02379903040987219,0.016747465843984136,0.5068312031732041,0.09960334949316879,0.006610841780520053,0.020713970912296167,0.01851035698545615,0.2388717496694579,226,0.013662406346408109,127.491286141197,36.1027939614504,24,True,26,True,46,True,7,True,1
충남,금산군,금성면,44710310,True,True,74,0.8944407976109371,0.08108108108108109,0.0945945945945946,0.013513513513513514,0.0,0.44594594594594594,0.08108108108108109,0.06756756756756757,0.02702702702702703,0.013513513513513514,0.17567567567567569,6,0.0,127.484937192648,36.126573227844204,1,True,0,False,1,True,2,True,0
충남,금산군,남이면,44710360,True,True,58,0.8758014148668183,0.034482758620689655,0.05172413793103448,0.017241379310344827,0.0,0.46551724137931033,0.0,0.15517241379310345,0.034482758620689655,0.05172413793103448,0.1896551724137931,0,0.0,127.437554183061,36.05463318131145,0,False,0,False,1,True,0,False,0
충남,금산군,남일면,44710350,True,True,65,0.8559212035998479,0.07692307692307693,0.015384615384615385,0.015384615384615385,0.0,0.38461538461538464,0.03076923076923077,0.1076923076923077,0.03076923076923077,0.015384615384615385,0.3230769230769231,2,0.015384615384615385,127.505476041746,36.0438685244975,1,True,0,False,0,False,0,False,0
충남,금산군,복수면,44710380,True,True,206,0.8032202190206178,0.043689320388349516,0.014563106796116505,0.0048543689320388345,0.009708737864077669,0.33980582524271846,0.05825242718446602,0.06796116504854369,0.07281553398058252,0.014563106796116505,0.3737864077669903,12,0.014563106796116505,127.384394718891,36.18379193319135,3,True,0,False,0,False,6,True,0
충남,금산군,부리면,44710330,True,True,95,0.8021632611693131,0.021052631578947368,0.042105263157894736,0.0,0.0,0.3263157894736842,0.031578947368421054,0.29473684210526313,0.042105263157894736,0.05263157894736842,0.18947368421052632,3,0.0,127.579121566381,36.0681886620668,1,True,0,False,0,False,1,True,2
충남,금산군,제원면,44710320,True,True,133,0.8212075197931411,0.045112781954887216,0.03759398496240601,0.007518796992481203,0.007518796992481203,0.3157894736842105,0.045112781954887216,0.09022556390977443,0.05263157894736842,0.03759398496240601,0.3609022556390977,6,0.015037593984962405,127.559261199982,36.113047655966,2,True,1,True,1,True,3,True,0
충남,금산군,진산면,44710370,True,True,220,0.7512747959674597,0.04090909090909091,0.022727272727272728,0.00909090909090909,0.01818181818181818,0.2863636363636364,0.03636363636363636,0.15454545454545454,0.04090909090909091,0.013636363636363636,0.37727272727272726,8,0.00909090909090909,127.3677243049805,36.1467070392343,3,True,1,True,1,True,3,True,2
충남,금산군,추부면,44710390,True,True,492,0.801115653085539,0.03861788617886179,0.026422764227642278,0.014227642276422764,0.036585365853658534,0.3252032520325203,0.08130081300813008,0.022357723577235773,0.032520325203252036,0.046747967479674794,0.37601626016260165,40,0.016260162601626018,127.4691850924975,36.1916137775555,12,True,8,True,7,True,9,True,1
충남,논산시,가야곡면,44230400,True,False,137,0.8111125909335322,0.014598540145985401,0.0364963503649635,0.0,0.014598540145985401,0.291970802919708,0.058394160583941604,0.0364963503649635,0.058394160583941604,0.0072992700729927005,0.48175182481751827,8,0.0072992700729927005,127.159394808229,36.1448444686394,2,True,0,False,0,False,1,True,2
충남,논산시,강경읍,44230250,True,False,592,0.7766742029666166,0.03209459459459459,0.030405405405405407,0.028716216216216218,0.005067567567567568,0.44763513513513514,0.13682432432432431,0.013513513513513514,0.018581081081081082,0.02702702702702703,0.26013513513513514,81,0.02027027027027027,127.014390984257,36.156503860993,8,True,10,True,14,True,2,True,1
충남,논산시,광석면,44230320,True,False,113,0.8609578991828626,0.07964601769911504,0.008849557522123894,0.0,0.0,0.37168141592920356,0.10619469026548672,0.008849557522123894,0.07079646017699115,0.04424778761061947,0.30973451327433627,12,0.0,127.08528917938,36.242728626506,0,False,1,True,0,False,3,True,0
충남,논산시,노성면,44230330,True,False,98,0.8507564715090933,0.0,0.030612244897959183,0.0,0.0,0.3163265306122449,0.11224489795918367,0.01020408163265306,0.09183673469387756,0.02040816326530612,0.41836734693877553,11,0.0,127.1212752922005,36.2767626849485,3,True,0,False,0,False,3,True,0
충남,논산시,벌곡면,44230380,True,False,144,0.8331043345203963,0.041666666666666664,0.020833333333333332,0.006944444444444444,0.013888888888888888,0.2708333333333333,0.05555555555555555,0.18055555555555555,0.020833333333333332,0.041666666666666664,0.3472222222222222,8,0.006944444444444444,127.2888230997745,36.1964053877403,2,True,0,False,1,True,6,True,2
충남,논산시,부적면,44230350,True,False,146,0.8816636960440737,0.0684931506849315,0.0273972602739726,0.00684931506849315,0.00684931506849315,0.4178082191780822,0.0684931506849315,0.0821917808219178,0.07534246575342465,0.0136986301369863,0.2328767123287671,10,0.02054794520547945,127.1435722066455,36.21206213154355,5,True,0,False,0,False,6,True,0
충남,논산시,부창동,44230520,True,False,559,0.8490080023972649,0.06797853309481217,0.03935599284436494,0.007155635062611807,0.017889087656529516,0.3291592128801431,0.15384615384615385,0.007155635062611807,0.08407871198568873,0.026833631484794274,0.26654740608228983,86,0.0626118067978533,127.082998863547,36.1957437944283,11,True,3,True,3,True,4,True,1
충남,논산시,상월면,44230340,True,False,125,0.8934773587458953,0.08,0.056,0.016,0.016,0.296,0.128,0.032,0.048,0.016,0.312,16,0.0,127.153476755839,36.2960324878591,2,True,0,False,1,True,4,True,0
충남,논산시,성동면,44230310,True,False,96,0.8925329220329529,0.07291666666666667,0.020833333333333332,0.0,0.0,0.375,0.08333333333333333,0.052083333333333336,0.08333333333333333,0.03125,0.28125,8,0.041666666666666664,127.044730765231,36.211986382925645,2,True,0,False,0,False,3,True,0
충남,논산시,양촌면,44230390,True,False,216,0.8559752644517618,0.032407407407407406,0.06481481481481481,0.023148148148148147,0.023148148148148147,0.3148148148148148,0.09722222222222222,0.037037037037037035,0.037037037037037035,0.027777777777777776,0.3425925925925926,21,0.013888888888888888,127.2354432544115,36.13791196447055,2,True,2,True,5,True,4,True,0
충남,논산시,연무읍,44230253,True,False,820,0.7981718502455828,0.02926829268292683,0.03048780487804878,0.014634146341463415,0.015853658536585366,0.24878048780487805,0.1353658536585366,0.12195121951219512,0.046341463414634146,0.045121951219512194,0.3121951219512195,111,0.08048780487804878,127.09936067399249,36.130135083722,14,True,6,True,11,True,12,True,1
충남,논산시,연산면,44230360,True,False,414,0.8017108584006745,0.043478260869565216,0.021739130434782608,0.026570048309178744,0.050724637681159424,0.3526570048309179,0.07004830917874397,0.04830917874396135,0.033816425120772944,0.028985507246376812,0.32367149758454106,29,0.06280193236714976,127.2175719804855,36.2130440907075,6,True,2,True,8,True,11,True,1
충남,논산시,은진면,44230410,True,False,227,0.8680748569663898,0.04405286343612335,0.03524229074889868,0.0,0.022026431718061675,0.36123348017621143,0.1145374449339207,0.02643171806167401,0.07488986784140969,0.05726872246696035,0.2643171806167401,26,0.06607929515418502,127.110562572895,36.1751303789696,11,True,0,False,0,False,3,True,1
충남,논산시,채운면,44230420,True,False,58,0.8518499364190788,0.017241379310344827,0.034482758620689655,0.0,0.017241379310344827,0.3793103448275862,0.15517241379310345,0.0,0.06896551724137931,0.0,0.3275862068965517,9,0.017241379310344827,127.0649764020415,36.17232185535,1,True,0,False,0,False,4,True,0
충남,논산시,취암동,44230510,True,False,3476,0.8213635815985978,0.04948216340621404,0.0641542002301496,0.031070195627157654,0.02474108170310702,0.3017836593785961,0.13377445339470656,0.009781357882623706,0.04372842347525892,0.046317606444188725,0.29516685845799767,465,0.1021288837744534,127.091117328763,36.199886656638654,46,True,43,True,95,True,11,True,1
충남,보령시,남포면,44180360,True,False,173,0.8356428902710531,0.04046242774566474,0.03468208092485549,0.005780346820809248,0.0,0.3179190751445087,0.09826589595375723,0.13872832369942195,0.057803468208092484,0.04046242774566474,0.2658959537572254,17,0.04046242774566474,126.584664269092,36.3104086995113,3,True,0,False,0,False,2,True,0
충남,보령시,대천1동,44180515,True,False,1257,0.8034908292932476,0.03420843277645187,0.05489260143198091,0.0294351630867144,0.00954653937947494,0.32935560859188545,0.14478918058870327,0.03341288782816229,0.02545743834526651,0.04455051710421639,0.294351630867144,182,0.05171042163882259,126.596948819049,36.3501114580749,22,True,12,True,33,True,4,True,1
충남,보령시,대천2동,44180525,True,False,663,0.8453186086988669,0.06033182503770739,0.033182503770739065,0.06334841628959276,0.02262443438914027,0.3996983408748115,0.1282051282051282,0.0196078431372549,0.0392156862745098,0.021116138763197588,0.21266968325791855,85,0.06334841628959276,126.592424574427,36.3516067659661,7,True,13,True,39,True,4,True,1
충남,보령시,대천3동,44180535,True,False,1378,0.7827054244462962,0.061683599419448475,0.08055152394775036,0.010159651669085631,0.02177068214804064,0.18359941944847605,0.11248185776487664,0.0043541364296081275,0.023947750362844702,0.07039187227866474,0.4310595065312046,155,0.13062409288824384,126.60607918866151,36.3476667109281,24,True,6,True,12,True,5,True,1
충남,보령시,대천4동,44180545,True,False,664,0.8441000912941341,0.08283132530120482,0.07680722891566265,0.018072289156626505,0.03765060240963856,0.24397590361445784,0.13704819277108435,0.006024096385542169,0.024096385542168676,0.05271084337349398,0.3207831325301205,91,0.125,126.602755210664,36.3414868978608,21,True,8,True,10,True,3,True,1
충남,보령시,대천5동,44180565,True,False,1120,0.6646256266501803,0.020535714285714286,0.010714285714285714,0.0008928571428571428,0.00625,0.24107142857142858,0.033035714285714286,0.26785714285714285,0.04642857142857143,0.05,0.32321428571428573,37,0.03571428571428571,126.515015219961,36.3165747324111,47,True,4,True,1,True,13,True,2
충남,보령시,미산면,44180390,True,False,44,0.8461727101496445,0.045454545454545456,0.045454545454545456,0.0,0.0,0.29545454545454547,0.09090909090909091,0.06818181818181818,0.0,0.045454545454545456,0.4090909090909091,4,0.0,126.675438741677,36.289457324279,0,False,0,False,0,False,2,True,0
충남,보령시,성주면,44180400,True,False,132,0.7510803972593456,0.03787878787878788,0.030303030303030304,0.007575757575757576,0.0,0.2196969696969697,0.045454545454545456,0.12121212121212122,0.030303030303030304,0.030303030303030304,0.4772727272727273,6,0.007575757575757576,126.655646791568,36.336185108356545,2,True,0,False,0,False,2,True,2
충남,보령시,오천면,44180320,True,False,330,0.7109116225305001,0.012121212121212121,0.012121212121212121,0.0,0.03333333333333333,0.3303030303030303,0.015151515151515152,0.23939393939393938,0.015151515151515152,0.02727272727272727,0.3151515151515151,5,0.03939393939393939,126.436911943823,36.3919975703044,11,True,0,False,0,False,4,True,2
충남,보령시,웅천읍,44180250,True,False,513,0.7547937879038153,0.01949317738791423,0.015594541910331383,0.01364522417153996,0.005847953216374269,0.30214424951267055,0.07407407407407407,0.1949317738791423,0.009746588693957114,0.037037037037037035,0.32748538011695905,38,0.017543859649122806,126.591495580222,36.2349120912093,9,True,3,True,7,True,4,True,2
충남,보령시,주교면,44180410,True,False,164,0.863082996784683,0.07926829268292683,0.03048780487804878,0.0,0.018292682926829267,0.32926829268292684,0.07926829268292683,0.054878048780487805,0.054878048780487805,0.036585365853658534,0.3170731707317073,13,0.006097560975609756,126.567625433186,36.3853645585821,7,True,1,True,0,False,3,True,0
충남,보령시,주산면,44180380,True,False,51,0.879887701520413,0.058823529411764705,0.058823529411764705,0.0,0.0,0.43137254901960786,0.13725490196078433,0.0392156862745098,0.0,0.0,0.27450980392156865,7,0.0,126.633578566376,36.198459206746,1,True,0,False,0,False,2,True,0
충남,보령시,주포면,44180310,True,False,48,0.8915057026862184,0.10416666666666667,0.041666666666666664,0.0,0.020833333333333332,0.375,0.08333333333333333,0.0625,0.020833333333333332,0.020833333333333332,0.2708333333333333,4,0.0625,126.5815017134005,36.41135806734355,3,True,0,False,0,False,0,False,0
충남,보령시,천북면,44180330,True,False,228,0.6268640229565332,0.02631578947368421,0.0043859649122807015,0.0043859649122807015,0.008771929824561403,0.22807017543859648,0.017543859649122806,0.09210526315789473,0.0043859649122807015,0.043859649122807015,0.5701754385964912,4,0.021929824561403508,126.490720484763,36.4962050515373,1,True,1,True,1,True,3,True,2
충남,보령시,청라면,44180350,True,False,112,0.8139113422009281,0.044642857142857144,0.05357142857142857,0.008928571428571428,0.0,0.3125,0.017857142857142856,0.08035714285714286,0.03571428571428571,0.03571428571428571,0.4107142857142857,2,0.026785714285714284,126.65910342539601,36.3898840725372,1,True,0,False,0,False,1,True,2
충남,보령시,청소면,44180340,True,False,73,0.8153329598218455,0.0273972602739726,0.0410958904109589,0.0,0.0136986301369863,0.3835616438356164,0.0821917808219178,0.0684931506849315,0.0410958904109589,0.0,0.3424657534246575,6,0.0136986301369863,126.590423266155,36.4461427749976,2,True,1,True,0,False,4,True,0
충남,부여군,구룡면,44760350,True,True,65,0.9462917964246206,0.09230769230769231,0.015384615384615385,0.0,0.03076923076923077,0.2923076923076923,0.24615384615384617,0.046153846153846156,0.07692307692307693,0.015384615384615385,0.18461538461538463,16,0.015384615384615385,126.810743491778,36.250184010852,1,True,0,False,0,False,2,True,0
충남,부여군,규암면,44760310,True,True,484,0.7606762424568054,0.03512396694214876,0.04132231404958678,0.004132231404958678,0.006198347107438017,0.40702479338842973,0.09297520661157024,0.047520661157024795,0.03305785123966942,0.026859504132231406,0.30578512396694213,45,0.15495867768595042,126.8883660266255,36.2748492492462,13,True,0,False,1,True,4,True,1
충남,부여군,남면,44760380,True,True,28,0.9160361168384821,0.03571428571428571,0.03571428571428571,0.03571428571428571,0.0,0.35714285714285715,0.07142857142857142,0.03571428571428571,0.07142857142857142,0.03571428571428571,0.32142857142857145,2,0.0,126.806341010054,36.21639750025735,0,False,0,False,0,False,0,False,0
충남,부여군,내산면,44760340,True,True,32,0.8727060588561305,0.0625,0.0,0.0,0.0,0.375,0.03125,0.03125,0.0,0.0625,0.4375,1,0.0,126.774505983978,36.2708558854702,0,False,0,False,0,False,5,True,0
충남,부여군,부여읍,44760250,True,True,1827,0.8250258180143394,0.051450465243568694,0.051450465243568694,0.029009304871373837,0.013683634373289545,0.3136288998357964,0.10837438423645321,0.046524356869184456,0.05199781061850027,0.030103995621237,0.30377668308702793,198,0.07608100711548987,126.911599379511,36.2812567035072,31,True,24,True,49,True,10,True,1
충남,부여군,석성면,44760440,True,True,103,0.8757545046764599,0.02912621359223301,0.02912621359223301,0.009708737864077669,0.019417475728155338,0.4174757281553398,0.13592233009708737,0.009708737864077669,0.06796116504854369,0.019417475728155338,0.2621359223300971,14,0.009708737864077669,127.001724584039,36.2512798641962,1,True,2,True,1,True,3,True,0
충남,부여군,세도면,44760430,True,True,82,0.8712561318375973,0.012195121951219513,0.012195121951219513,0.0,0.024390243902439025,0.4146341463414634,0.14634146341463414,0.012195121951219513,0.024390243902439025,0.0,0.35365853658536583,12,0.024390243902439025,126.94794950149199,36.1696547031213,1,True,0,False,0,False,4,True,0
충남,부여군,양화면,44760400,True,True,45,0.9193989868831087,0.022222222222222223,0.044444444444444446,0.0,0.0,0.4222222222222222,0.08888888888888889,0.08888888888888889,0.044444444444444446,0.022222222222222223,0.26666666666666666,4,0.0,126.867617161167,36.1347394310907,0,False,0,False,0,False,2,True,0
충남,부여군,옥산면,44760370,True,True,25,0.9217094656397834,0.04,0.12,0.0,0.0,0.36,0.04,0.16,0.0,0.04,0.24,1,0.0,126.732647871664,36.1921436698132,0,False,0,False,0,False,0,False,0
충남,부여군,외산면,44760330,True,True,106,0.8544661763980945,0.0,0.009433962264150943,0.009433962264150943,0.009433962264150943,0.37735849056603776,0.0660377358490566,0.04716981132075472,0.02830188679245283,0.02830188679245283,0.42452830188679247,7,0.009433962264150943,126.704167605941,36.302574744641745,1,True,1,True,1,True,4,True,0
충남,부여군,은산면,44760320,True,True,152,0.84490461201471,0.046052631578947366,0.019736842105263157,0.006578947368421052,0.013157894736842105,0.2631578947368421,0.09868421052631579,0.039473684210526314,0.08552631578947369,0.013157894736842105,0.4144736842105263,15,0.006578947368421052,126.852944828571,36.3093971287591,1,True,3,True,1,True,3,True,0
충남,부여군,임천면,44760410,True,True,92,0.8945221364690674,0.06521739130434782,0.05434782608695652,0.010869565217391304,0.010869565217391304,0.30434782608695654,0.17391304347826086,0.021739130434782608,0.021739130434782608,0.010869565217391304,0.32608695652173914,16,0.010869565217391304,126.89246021339201,36.1890534423297,0,False,1,True,1,True,2,True,0
충남,부여군,장암면,44760420,True,True,48,0.9294849731351018,0.08333333333333333,0.041666666666666664,0.020833333333333332,0.020833333333333332,0.3541666666666667,0.041666666666666664,0.041666666666666664,0.10416666666666667,0.0,0.2916666666666667,2,0.0625,126.8848528414935,36.24082307084885,1,True,0,False,0,False,2,True,0
충남,부여군,초촌면,44760450,True,True,50,0.9354618982244737,0.04,0.02,0.02,0.0,0.36,0.16,0.0,0.04,0.06,0.3,8,0.02,127.02159928029951,36.2633451305238,1,True,0,False,0,False,1,True,0
충남,부여군,충화면,44760390,True,True,15,0.8534897229796912,0.06666666666666667,0.0,0.0,0.0,0.5333333333333333,0.0,0.06666666666666667,0.06666666666666667,0.0,0.26666666666666666,0,0.0,126.823590079247,36.1827397184508,0,False,0,False,0,False,0,False,0
충남,부여군,홍산면,44760360,True,True,221,0.8615176827625939,0.027149321266968326,0.013574660633484163,0.027149321266968326,0.01809954751131222,0.37104072398190047,0.1085972850678733,0.00904977375565611,0.01809954751131222,0.027149321266968326,0.38009049773755654,24,0.004524886877828055,126.759405594082,36.2140151247349,3,True,6,True,6,True,2,True,0
충남,서천군,기산면,44770330,True,True,32,0.9637637499619603,0.0,0.0625,0.0,0.0,0.40625,0.125,0.0625,0.03125,0.09375,0.21875,4,0.0,126.7622983489315,36.0758258381059,0,False,0,False,0,False,1,True,0
충남,서천군,마산면,44770350,True,True,22,0.9501648206912284,0.045454545454545456,0.045454545454545456,0.0,0.09090909090909091,0.3181818181818182,0.22727272727272727,0.0,0.0,0.0,0.2727272727272727,5,0.045454545454545456,126.79105451182801,36.116780737511604,0,False,0,False,0,False,1,True,0
충남,서천군,마서면,44770310,True,True,185,0.8368383847091159,0.032432432432432434,0.043243243243243246,0.005405405405405406,0.016216216216216217,0.31891891891891894,0.07027027027027027,0.07027027027027027,0.05945945945945946,0.06486486486486487,0.31891891891891894,13,0.016216216216216217,126.710054287978,36.0392980321909,2,True,1,True,0,False,5,True,0
충남,서천군,문산면,44770370,True,True,21,0.9616475024856018,0.09523809523809523,0.047619047619047616,0.0,0.0,0.42857142857142855,0.0,0.09523809523809523,0.0,0.0,0.3333333333333333,0,0.0,126.753076794908,36.1405747510893,0,False,0,False,0,False,1,True,0
충남,서천군,비인면,44770400,True,True,150,0.8257387086254246,0.02666666666666667,0.0,0.02,0.02666666666666667,0.32666666666666666,0.08666666666666667,0.19333333333333333,0.03333333333333333,0.013333333333333334,0.2733333333333333,13,0.0,126.6012541082425,36.138677188507,0,False,2,True,3,True,3,True,2
충남,서천군,서면,44770410,True,True,417,0.7302575375742466,0.007194244604316547,0.023980815347721823,0.004796163069544364,0.007194244604316547,0.28776978417266186,0.050359712230215826,0.1750599520383693,0.023980815347721823,0.06474820143884892,0.354916067146283,21,0.0407673860911271,126.5232069617,36.1553572445448,11,True,1,True,2,True,3,True,2
충남,서천군,서천읍,44770253,True,True,1301,0.8213953736104155,0.04996156802459646,0.05534204458109147,0.029208301306687164,0.024596464258262875,0.377401998462721,0.12221368178324366,0.005380476556495004,0.0361260568793236,0.03228285933897002,0.2674865488086088,159,0.02382782475019216,126.688993844915,36.0769572940031,12,True,15,True,34,True,5,True,1
충남,서천군,시초면,44770360,True,True,17,0.9808703788407279,0.11764705882352941,0.11764705882352941,0.0,0.0,0.35294117647058826,0.17647058823529413,0.0,0.11764705882352941,0.058823529411764705,0.058823529411764705,3,0.0,126.752771019783,36.121157212149,0,False,0,False,0,False,0,False,0
충남,서천군,장항읍,44770250,True,True,761,0.8391314228863794,0.04730617608409987,0.03942181340341656,0.018396846254927726,0.022339027595269383,0.28252299605781866,0.10512483574244415,0.045992115637319315,0.051248357424441525,0.045992115637319315,0.3416557161629435,80,0.056504599211563734,126.696430702686,36.0116345203889,14,True,7,True,14,True,6,True,1
충남,서천군,종천면,44770390,True,True,61,0.8968091242943027,0.08196721311475409,0.01639344262295082,0.01639344262295082,0.0,0.32786885245901637,0.08196721311475409,0.16393442622950818,0.06557377049180328,0.03278688524590164,0.21311475409836064,5,0.0,126.657861607017,36.0994784097432,0,False,0,False,0,False,2,True,0
충남,서천군,판교면,44770380,True,True,76,0.8856534304355641,0.039473684210526314,0.02631578947368421,0.013157894736842105,0.0,0.3815789473684211,0.13157894736842105,0.013157894736842105,0.039473684210526314,0.013157894736842105,0.34210526315789475,10,0.0,126.6892676099975,36.1541395025923,0,False,0,False,0,False,3,True,0
충남,서천군,한산면,44770340,True,True,143,0.8916374386400885,0.04195804195804196,0.04895104895104895,0.013986013986013986,0.013986013986013986,0.3706293706293706,0.1048951048951049,0.02097902097902098,0.06293706293706294,0.04195804195804196,0.27972027972027974,15,0.02097902097902098,126.803539879647,36.0847648937498,2,True,2,True,2,True,1,True,0
충남,서천군,화양면,44770320,True,True,37,0.9258417488425562,0.0,0.05405405405405406,0.02702702702702703,0.0,0.2972972972972973,0.16216216216216217,0.13513513513513514,0.08108108108108109,0.0,0.24324324324324326,6,0.0,126.781969327134,36.0404095409652,0,False,0,False,0,False,3,True,0
충남,예산군,고덕면,44810380,True,True,187,0.8879830408708703,0.0427807486631016,0.016042780748663103,0.026737967914438502,0.0213903743315508,0.34759358288770054,0.11764705882352941,0.0106951871657754,0.06951871657754011,0.0106951871657754,0.33689839572192515,22,0.0855614973262032,126.704180140503,36.7456359726896,5,True,2,True,5,True,5,True,1
충남,예산군,광시면,44810330,True,True,128,0.7997723513626868,0.015625,0.015625,0.015625,0.015625,0.3359375,0.09375,0.046875,0.0390625,0.0390625,0.3828125,12,0.0,126.775474142268,36.54886529756895,2,True,1,True,1,True,2,True,0
충남,예산군,대술면,44810310,True,True,60,0.8843237065979632,0.1,0.06666666666666667,0.0,0.03333333333333333,0.31666666666666665,0.06666666666666667,0.016666666666666666,0.016666666666666666,0.1,0.2833333333333333,4,0.0,126.893005957716,36.657373287848,1,True,0,False,0,False,1,True,0
충남,예산군,대흥면,44810340,True,True,104,0.8007688961781909,0.019230769230769232,0.009615384615384616,0.0,0.038461538461538464,0.25961538461538464,0.04807692307692308,0.125,0.019230769230769232,0.08653846153846154,0.3942307692307692,5,0.028846153846153848,126.792796567428,36.6086815260197,2,True,0,False,0,False,2,True,2
충남,예산군,덕산면,44810360,True,True,750,0.762437458233328,0.024,0.024,0.008,0.02,0.22666666666666666,0.09333333333333334,0.10133333333333333,0.016,0.050666666666666665,0.436,70,0.014666666666666666,126.663550694959,36.6998152949308,11,True,2,True,6,True,8,True,2
충남,예산군,봉산면,44810370,True,True,38,0.887003106366097,0.10526315789473684,0.07894736842105263,0.0,0.0,0.3684210526315789,0.05263157894736842,0.0,0.0,0.07894736842105263,0.3157894736842105,2,0.02631578947368421,126.680033498818,36.74292658038645,1,True,0,False,0,False,1,True,0
충남,예산군,삽교읍,44810253,True,True,694,0.8330264299163543,0.07204610951008646,0.040345821325648415,0.012968299711815562,0.04755043227665706,0.2377521613832853,0.11959654178674352,0.012968299711815562,0.04899135446685879,0.043227665706051875,0.3645533141210375,83,0.10951008645533142,126.68236526632,36.6756671236617,20,True,6,True,8,True,5,True,1
충남,예산군,신암면,44810390,True,True,87,0.8375397252729908,0.034482758620689655,0.011494252873563218,0.0,0.011494252873563218,0.40229885057471265,0.09195402298850575,0.022988505747126436,0.04597701149425287,0.022988505747126436,0.3563218390804598,8,0.05747126436781609,126.821360984216,36.7424905261057,3,True,0,False,0,False,5,True,0
충남,예산군,신양면,44810320,True,True,90,0.84162164996964,0.044444444444444446,0.03333333333333333,0.0,0.011111111111111112,0.35555555555555557,0.1111111111111111,0.03333333333333333,0.05555555555555555,0.0,0.35555555555555557,10,0.0,126.868864444102,36.603046665147204,2,True,0,False,0,False,5,True,0
충남,예산군,예산읍,44810250,True,True,2410,0.8334156566375859,0.06348547717842323,0.046473029045643155,0.026970954356846474,0.016182572614107885,0.2941908713692946,0.12821576763485476,0.024481327800829875,0.045228215767634854,0.04232365145228216,0.312448132780083,309,0.04024896265560166,126.8379287172915,36.68690147662295,42,True,24,True,59,True,21,True,1
충남,예산군,오가면,44810400,True,True,134,0.8700327909755027,0.05970149253731343,0.022388059701492536,0.007462686567164179,0.007462686567164179,0.43283582089552236,0.1417910447761194,0.014925373134328358,0.05223880597014925,0.007462686567164179,0.2537313432835821,19,0.014925373134328358,126.788500771776,36.685807135445,5,True,0,False,1,True,3,True,0
충남,예산군,응봉면,44810350,True,True,208,0.8047423767005002,0.028846153846153848,0.028846153846153848,0.0,0.02403846153846154,0.2980769230769231,0.052884615384615384,0.0673076923076923,0.02403846153846154,0.04326923076923077,0.4326923076923077,11,0.02403846153846154,126.770479141626,36.6568216383082,11,True,1,True,0,False,3,True,2
충남,청양군,남양면,44790370,True,True,68,0.83486802783326,0.014705882352941176,0.058823529411764705,0.0,0.014705882352941176,0.4117647058823529,0.014705882352941176,0.04411764705882353,0.029411764705882353,0.058823529411764705,0.35294117647058826,1,0.029411764705882353,126.776408146675,36.3983142704346,0,False,0,False,0,False,3,True,0
충남,청양군,대치면,44790320,True,True,105,0.7828759598372648,0.047619047619047616,0.009523809523809525,0.0,0.01904761904761905,0.3047619047619048,0.047619047619047616,0.18095238095238095,0.01904761904761905,0.047619047619047616,0.3238095238095238,5,0.01904761904761905,126.846423411431,36.4381928243304,0,False,0,False,0,False,2,True,2
충남,청양군,목면,44790340,True,True,42,0.8443845681728379,0.047619047619047616,0.047619047619047616,0.0,0.0,0.5714285714285714,0.047619047619047616,0.0,0.07142857142857142,0.023809523809523808,0.19047619047619047,2,0.09523809523809523,126.992876813601,36.418953134707095,6,True,0,False,0,False,3,True,0
충남,청양군,비봉면,44790390,True,True,54,0.9046559198172965,0.0,0.037037037037037035,0.0,0.0,0.42592592592592593,0.05555555555555555,0.018518518518518517,0.018518518518518517,0.037037037037037035,0.4074074074074074,3,0.0,126.785313390442,36.5183954803246,2,True,0,False,0,False,3,True,0
충남,청양군,운곡면,44790310,True,True,48,0.8367198902586216,0.041666666666666664,0.0625,0.0,0.020833333333333332,0.3541666666666667,0.041666666666666664,0.0,0.0625,0.0625,0.3541666666666667,2,0.0,126.843722969439,36.52129182947375,1,True,0,False,0,False,2,True,0
충남,청양군,장평면,44790360,True,True,79,0.8137364621446292,0.012658227848101266,0.02531645569620253,0.0,0.0,0.4177215189873418,0.0759493670886076,0.02531645569620253,0.0379746835443038,0.02531645569620253,0.379746835443038,6,0.0,126.893474823682,36.3554206248799,0,False,0,False,0,False,2,True,0
충남,청양군,정산면,44790330,True,True,232,0.8027343304987633,0.03879310344827586,0.021551724137931036,0.008620689655172414,0.017241379310344827,0.2543103448275862,0.10344827586206896,0.017241379310344827,0.02586206896551724,0.02586206896551724,0.4870689655172414,24,0.02586206896551724,126.9488067326685,36.411152507554945,3,True,3,True,2,True,3,True,1
충남,청양군,청남면,44790350,True,True,45,0.8722519434984264,0.06666666666666667,0.022222222222222223,0.0,0.0,0.4222222222222222,0.06666666666666667,0.044444444444444446,0.022222222222222223,0.0,0.35555555555555557,3,0.022222222222222223,126.95229391739,36.3535373024029,0,False,0,False,0,False,2,True,0
충남,청양군,청양읍,44790250,True,True,1003,0.82901657466556,0.05583250249252243,0.0259222333000997,0.02193419740777667,0.01694915254237288,0.3419740777666999,0.11266201395812563,0.015952143569292122,0.028913260219341975,0.04287138584247258,0.3369890329012961,113,0.07178464606181456,126.802365615954,36.4505308186266,17,True,10,True,18,True,7,True,1
충남,청양군,화성면,44790380,True,True,57,0.8721146952680279,0.03508771929824561,0.017543859649122806,0.0,0.017543859649122806,0.3333333333333333,0.12280701754385964,0.017543859649122806,0.017543859649122806,0.05263157894736842,0.38596491228070173,7,0.0,126.715447382024,36.4281873543841,0,False,0,False,0,False,2,True,0
충남,태안군,고남면,44825310,True,True,218,0.6182054059038044,0.0,0.0,0.0,0.0,0.22477064220183487,0.03211009174311927,0.5,0.009174311926605505,0.05963302752293578,0.1743119266055046,7,0.0045871559633027525,126.409154662361,36.4189805456725,3,True,0,False,0,False,2,True,2
충남,태안군,근흥면,44825330,True,True,414,0.6910777635484111,0.012077294685990338,0.0,0.0,0.00966183574879227,0.28019323671497587,0.028985507246376812,0.2632850241545894,0.021739130434782608,0.050724637681159424,0.3333333333333333,12,0.026570048309178744,126.15281238901801,36.6823101249601,11,True,1,True,0,False,5,True,2
충남,태안군,남면,44825320,True,True,653,0.5477718014438978,0.01225114854517611,0.015313935681470138,0.0,0.006125574272588055,0.20520673813169985,0.006125574272588055,0.5130168453292496,0.009188361408882083,0.045941807044410414,0.18683001531393567,4,0.026033690658499236,126.298017074306,36.6406207796376,19,True,1,True,0,False,7,True,2
충남,태안군,소원면,44825340,True,True,415,0.6126536320241425,0.024096385542168676,0.012048192771084338,0.0,0.00963855421686747,0.20481927710843373,0.016867469879518072,0.42650602409638555,0.016867469879518072,0.03855421686746988,0.25060240963855424,7,0.012048192771084338,126.145135886621,36.7806062253813,11,True,1,True,0,False,4,True,2
충남,태안군,안면읍,44825253,True,True,1136,0.58474712573874,0.009683098591549295,0.01232394366197183,0.0008802816901408451,0.009683098591549295,0.19190140845070422,0.028169014084507043,0.4154929577464789,0.02464788732394366,0.03609154929577465,0.2711267605633803,32,0.03345070422535211,126.339827488096,36.5181235841433,22,True,7,True,1,True,5,True,2
충남,태안군,원북면,44825350,True,True,319,0.6376397160356861,0.03761755485893417,0.009404388714733543,0.003134796238244514,0.003134796238244514,0.22884012539184953,0.025078369905956112,0.3667711598746082,0.03134796238244514,0.02821316614420063,0.2664576802507837,8,0.03134796238244514,126.207534100071,36.8365564656437,17,True,2,True,1,True,3,True,2
충남,태안군,이원면,44825360,True,True,138,0.6167071127940081,0.028985507246376812,0.0,0.0,0.014492753623188406,0.2028985507246377,0.007246376811594203,0.5362318840579711,0.0,0.050724637681159424,0.15942028985507245,1,0.0,126.2975355469845,36.9299354929193,2,True,0,False,0,False,1,True,2
충남,태안군,태안읍,44825250,True,True,2025,0.7978997094413592,0.056296296296296296,0.025185185185185185,0.005925925925925926,0.02962962962962963,0.30271604938271607,0.13876543209876543,0.02666666666666667,0.04,0.0345679012345679,0.3402469135802469,281,0.09876543209876543,126.299836867332,36.7519049534102,38,True,18,True,7,True,11,True,1
충남,홍성군,갈산면,44800380,False,True,210,0.8456855194100991,0.047619047619047616,0.014285714285714285,0.01904761904761905,0.014285714285714285,0.30952380952380953,0.13333333333333333,0.01904761904761905,0.04285714285714286,0.023809523809523808,0.3761904761904762,28,0.014285714285714285,126.550782837049,36.603561017150696,3,True,2,True,3,True,4,True,0
충남,홍성군,결성면,44800360,False,True,55,0.9020304760580773,0.03636363636363636,0.01818181818181818,0.0,0.0,0.21818181818181817,0.16363636363636364,0.03636363636363636,0.07272727272727272,0.05454545454545454,0.4,9,0.0,126.54805714613,36.5250606573148,1,True,0,False,0,False,1,True,0
충남,홍성군,광천읍,44800253,False,True,653,0.7940646519931943,0.019908116385911178,0.013782542113323124,0.013782542113323124,0.015313935681470138,0.46248085758039814,0.13016845329249618,0.026033690658499236,0.03522205206738132,0.022970903522205207,0.26033690658499237,85,0.019908116385911178,126.62467288292,36.5021590723283,8,True,6,True,9,True,8,True,1
충남,홍성군,구항면,44800390,False,True,97,0.8835363611025393,0.030927835051546393,0.010309278350515464,0.0,0.020618556701030927,0.3402061855670103,0.13402061855670103,0.05154639175257732,0.08247422680412371,0.030927835051546393,0.29896907216494845,13,0.041237113402061855,126.609083175068,36.5862999061274,5,True,0,False,0,False,3,True,0
충남,홍성군,금마면,44800320,False,True,115,0.8714588269896237,0.008695652173913044,0.02608695652173913,0.008695652173913044,0.0,0.4434782608695652,0.14782608695652175,0.05217391304347826,0.043478260869565216,0.017391304347826087,0.25217391304347825,17,0.043478260869565216,126.717343166008,36.617060664369,4,True,0,False,1,True,5,True,0
충남,홍성군,서부면,44800370,False,True,340,0.6408316996105895,0.011764705882352941,0.0029411764705882353,0.0,0.008823529411764706,0.3088235294117647,0.026470588235294117,0.12941176470588237,0.01764705882352941,0.023529411764705882,0.47058823529411764,9,0.020588235294117647,126.470320579572,36.5469600088158,7,True,0,False,0,False,5,True,2
충남,홍성군,은하면,44800350,False,True,54,0.8945961262963176,0.07407407407407407,0.018518518518518517,0.018518518518518517,0.018518518518518517,0.5,0.05555555555555555,0.0,0.07407407407407407,0.0,0.24074074074074073,3,0.037037037037037035,126.589015688565,36.548612068112845,1,True,0,False,0,False,5,True,0
충남,홍성군,장곡면,44800340,False,True,53,0.9136591909206024,0.09433962264150944,0.07547169811320754,0.0,0.0,0.3584905660377358,0.09433962264150944,0.05660377358490566,0.03773584905660377,0.03773584905660377,0.24528301886792453,5,0.018867924528301886,126.698795823166,36.5009230497024,0,False,0,False,0,False,3,True,0
충남,홍성군,홍동면,44800330,False,True,78,0.9265864874814898,0.07692307692307693,0.10256410256410256,0.01282051282051282,0.0,0.32051282051282054,0.05128205128205128,0.038461538461538464,0.10256410256410256,0.08974358974358974,0.20512820512820512,4,0.038461538461538464,126.69835429531301,36.5602645913157,1,True,1,True,1,True,3,True,0
충남,홍성군,홍북읍,44800256,False,True,1286,0.8037852624894857,0.0660964230171073,0.1026438569206843,0.02177293934681182,0.03965785381026438,0.1749611197511664,0.10342146189735614,0.008553654743390357,0.03965785381026438,0.04432348367029549,0.3989113530326594,133,0.1905132192846034,126.679283761827,36.6559023802855,23,True,6,True,26,True,4,True,1
충남,홍성군,홍성읍,44800250,False,True,3152,0.8327973135161766,0.06503807106598984,0.0491751269035533,0.022208121827411168,0.021573604060913704,0.29314720812182743,0.14403553299492386,0.01015228426395939,0.04473350253807107,0.04092639593908629,0.309010152284264,454,0.04631979695431472,126.664775692659,36.6001614714902,52,True,28,True,55,True,19,True,1
충북,괴산군,감물면,43760310,True,True,37,0.875208646471999,0.02702702702702703,0.08108108108108109,0.0,0.02702702702702703,0.32432432432432434,0.10810810810810811,0.08108108108108109,0.02702702702702703,0.0,0.32432432432432434,4,0.0,127.874136976195,36.8373297778591,1,True,0,False,0,False,0,False,0
충북,괴산군,괴산읍,43760250,True,True,845,0.7954708251959678,0.07337278106508875,0.027218934911242602,0.008284023668639054,0.040236686390532544,0.27455621301775146,0.08875739644970414,0.01893491124260355,0.03550295857988166,0.0378698224852071,0.3952662721893491,75,0.03076923076923077,127.79391221636,36.8096158366927,20,True,9,True,6,True,7,True,1
충북,괴산군,문광면,43760350,True,True,54,0.879894051462832,0.05555555555555555,0.018518518518518517,0.018518518518518517,0.0,0.35185185185185186,0.07407407407407407,0.037037037037037035,0.07407407407407407,0.07407407407407407,0.2962962962962963,4,0.018518518518518517,127.7718915790685,36.790015653377196,0,False,0,False,0,False,1,True,0
충북,괴산군,불정면,43760410,True,True,100,0.7951306301212682,0.04,0.01,0.0,0.01,0.39,0.07,0.02,0.09,0.03,0.34,7,0.0,127.8532116858935,36.8727206752544,1,True,0,False,0,False,3,True,0
충북,괴산군,사리면,43760390,True,True,71,0.8923224454878654,0.09859154929577464,0.028169014084507043,0.0,0.014084507042253521,0.30985915492957744,0.04225352112676056,0.04225352112676056,0.09859154929577464,0.028169014084507043,0.3380281690140845,3,0.028169014084507043,127.64983893977,36.8132134204994,3,True,0,False,0,False,3,True,0
충북,괴산군,소수면,43760400,True,True,37,0.9309283966953705,0.21621621621621623,0.05405405405405406,0.0,0.0,0.32432432432432434,0.0,0.02702702702702703,0.02702702702702703,0.02702702702702703,0.32432432432432434,0,0.02702702702702703,127.744373364127,36.8563668394791,0,False,0,False,0,False,2,True,0
충북,괴산군,연풍면,43760330,True,True,150,0.765122949194584,0.006666666666666667,0.02,0.0,0.006666666666666667,0.29333333333333333,0.07333333333333333,0.14,0.02,0.0,0.44,11,0.02,127.996620704651,36.76539338491395,2,True,1,True,0,False,5,True,2
충북,괴산군,장연면,43760320,True,True,47,0.9127408740811905,0.0425531914893617,0.0425531914893617,0.0,0.06382978723404255,0.40425531914893614,0.02127659574468085,0.0425531914893617,0.02127659574468085,0.0,0.3617021276595745,1,0.0425531914893617,127.953324113697,36.8314125885601,1,True,0,False,0,False,4,True,0
충북,괴산군,청안면,43760370,True,True,103,0.7980991661927144,0.07766990291262135,0.02912621359223301,0.0,0.009708737864077669,0.22330097087378642,0.05825242718446602,0.05825242718446602,0.06796116504854369,0.0,0.47572815533980584,6,0.009708737864077669,127.639755047612,36.772858715242,2,True,0,False,0,False,7,True,2
충북,괴산군,청천면,43760360,True,True,376,0.6369005544571803,0.018617021276595744,0.034574468085106384,0.005319148936170213,0.015957446808510637,0.2154255319148936,0.02925531914893617,0.35904255319148937,0.02925531914893617,0.007978723404255319,0.2845744680851064,11,0.0,127.786213438356,36.67038936691455,4,True,1,True,1,True,4,True,2
충북,괴산군,칠성면,43760340,True,True,283,0.6835576072700443,0.028268551236749116,0.028268551236749116,0.007067137809187279,0.01060070671378092,0.1872791519434629,0.028268551236749116,0.24381625441696114,0.0353356890459364,0.024734982332155476,0.40636042402826855,8,0.02120141342756184,127.863929856633,36.7681629567704,2,True,0,False,1,True,5,True,2
충북,단양군,가곡면,43800320,True,True,200,0.5843339976108242,0.015,0.02,0.0,0.005,0.1,0.005,0.55,0.025,0.095,0.185,1,0.005,128.410241192437,37.006615408173246,1,True,0,False,0,False,1,True,2
충북,단양군,단성면,43800360,True,True,117,0.7292122091021668,0.008547008547008548,0.017094017094017096,0.0,0.008547008547008548,0.3247863247863248,0.03418803418803419,0.28205128205128205,0.02564102564102564,0.008547008547008548,0.2905982905982906,4,0.0,128.308683967669,36.9230587657235,1,True,0,False,0,False,2,True,2
충북,단양군,단양읍,43800250,True,True,1075,0.7842821496624388,0.046511627906976744,0.04186046511627907,0.01581395348837209,0.014883720930232559,0.24093023255813953,0.08744186046511628,0.08186046511627906,0.024186046511627906,0.04,0.40651162790697676,94,0.026976744186046512,128.369381410591,36.9821722847373,14,True,6,True,13,True,3,True,1
충북,단양군,대강면,43800310,True,True,205,0.7113387956451391,0.004878048780487805,0.0,0.0,0.01951219512195122,0.2975609756097561,0.03414634146341464,0.28292682926829266,0.014634146341463415,0.024390243902439025,0.32195121951219513,7,0.00975609756097561,128.353582784019,36.9002118117604,4,True,0,False,0,False,3,True,2
충북,단양군,매포읍,43800253,True,True,315,0.8464348579404057,0.022222222222222223,0.02857142857142857,0.009523809523809525,0.015873015873015872,0.28888888888888886,0.11428571428571428,0.015873015873015872,0.09206349206349207,0.025396825396825397,0.3873015873015873,36,0.025396825396825397,128.299851113711,37.0337367860249,6,True,2,True,3,True,13,True,1
충북,단양군,어상천면,43800340,True,True,43,0.8989893026043755,0.046511627906976744,0.06976744186046512,0.0,0.046511627906976744,0.3488372093023256,0.09302325581395349,0.06976744186046512,0.0,0.023255813953488372,0.3023255813953488,4,0.0,128.3529651213,37.1029040527448,0,False,0,False,0,False,1,True,0
충북,단양군,영춘면,43800330,True,True,199,0.7371787326928502,0.010050251256281407,0.010050251256281407,0.010050251256281407,0.005025125628140704,0.2814070351758794,0.04522613065326633,0.2914572864321608,0.010050251256281407,0.04020100502512563,0.2964824120603015,9,0.01507537688442211,128.489800480826,37.0697852458326,2,True,1,True,1,True,1,True,2
충북,단양군,적성면,43800350,True,True,56,0.8273345197805281,0.03571428571428571,0.03571428571428571,0.0,0.0,0.26785714285714285,0.05357142857142857,0.32142857142857145,0.017857142857142856,0.0,0.26785714285714285,3,0.0,128.2850049591255,36.9772663242589,0,False,0,False,0,False,1,True,2
충북,보은군,내북면,43720390,True,True,63,0.8017552385703443,0.0,0.031746031746031744,0.031746031746031744,0.015873015873015872,0.2857142857142857,0.047619047619047616,0.12698412698412698,0.031746031746031744,0.031746031746031744,0.3968253968253968,3,0.031746031746031744,127.662283612079,36.5776435174757,0,False,0,False,1,True,1,True,2
충북,보은군,마로면,43720330,True,True,86,0.8521663857199775,0.046511627906976744,0.011627906976744186,0.046511627906976744,0.0,0.32558139534883723,0.06976744186046512,0.0,0.0,0.023255813953488372,0.47674418604651164,6,0.011627906976744186,127.819606455968,36.4353412170224,1,True,1,True,4,True,2,True,0
충북,보은군,보은읍,43720250,True,True,1156,0.8225167421373171,0.056228373702422146,0.04671280276816609,0.01903114186851211,0.019896193771626297,0.3070934256055363,0.12370242214532871,0.018166089965397925,0.05103806228373702,0.03892733564013841,0.31920415224913495,143,0.08910034602076125,127.719370462691,36.48428784621055,16,True,10,True,20,True,10,True,1
충북,보은군,산외면,43720400,True,True,52,0.8085662696709705,0.07692307692307693,0.038461538461538464,0.0,0.0,0.3076923076923077,0.019230769230769232,0.3269230769230769,0.038461538461538464,0.019230769230769232,0.17307692307692307,1,0.0,127.7313164854815,36.56859056960335,0,False,0,False,0,False,0,False,2
충북,보은군,삼승면,43720350,True,True,98,0.8468797598527594,0.01020408163265306,0.0,0.01020408163265306,0.030612244897959183,0.3469387755102041,0.08163265306122448,0.04081632653061224,0.04081632653061224,0.01020408163265306,0.42857142857142855,8,0.02040816326530612,127.73241405643,36.396685338058745,2,True,1,True,1,True,4,True,0
충북,보은군,속리산면,43720315,True,True,305,0.6885685187255776,0.013114754098360656,0.003278688524590164,0.006557377049180328,0.0,0.25573770491803277,0.009836065573770493,0.2754098360655738,0.009836065573770493,0.03278688524590164,0.39344262295081966,3,0.009836065573770493,127.820750921508,36.5303611768166,3,True,1,True,0,False,3,True,2
충북,보은군,수한면,43720360,True,True,55,0.8178955706224337,0.01818181818181818,0.03636363636363636,0.01818181818181818,0.0,0.3090909090909091,0.01818181818181818,0.12727272727272726,0.07272727272727272,0.01818181818181818,0.38181818181818183,1,0.05454545454545454,127.69866201855,36.4726329047892,0,False,0,False,0,False,6,True,2
충북,보은군,장안면,43720325,True,True,36,0.8284953388181562,0.0,0.027777777777777776,0.0,0.0,0.2222222222222222,0.027777777777777776,0.16666666666666666,0.1111111111111111,0.027777777777777776,0.4166666666666667,1,0.0,127.7899789864085,36.4707046685292,1,True,0,False,0,False,0,False,2
충북,보은군,탄부면,43720340,True,True,23,0.9726693286359419,0.08695652173913043,0.043478260869565216,0.0,0.0,0.391304347826087,0.08695652173913043,0.0,0.08695652173913043,0.13043478260869565,0.17391304347826086,2,0.0,127.796482649986,36.4359677570821,0,False,0,False,0,False,1,True,0
충북,보은군,회남면,43720370,True,True,28,0.8060429471378555,0.03571428571428571,0.03571428571428571,0.0,0.0,0.17857142857142858,0.03571428571428571,0.10714285714285714,0.0,0.03571428571428571,0.5714285714285714,1,0.0,127.56797881752951,36.43850835311865,0,False,0,False,0,False,0,False,2
충북,보은군,회인면,43720385,True,True,64,0.9105188672495431,0.03125,0.015625,0.0,0.03125,0.40625,0.078125,0.03125,0.0625,0.03125,0.3125,5,0.015625,127.597612889378,36.491662605641,1,True,1,True,0,False,3,True,0
충북,영동군,매곡면,43740340,True,True,47,0.8476598678648698,0.0425531914893617,0.06382978723404255,0.0,0.02127659574468085,0.48936170212765956,0.06382978723404255,0.06382978723404255,0.0,0.02127659574468085,0.23404255319148937,3,0.0,127.936720238429,36.1818021235845,0,False,0,False,0,False,2,True,0
충북,영동군,상촌면,43740350,True,True,146,0.6779761638133042,0.0136986301369863,0.0136986301369863,0.0,0.0,0.3219178082191781,0.03424657534246575,0.3219178082191781,0.00684931506849315,0.0136986301369863,0.273972602739726,5,0.0,127.89466559016199,36.113592094164,1,True,0,False,0,False,2,True,2
충북,영동군,심천면,43740400,True,True,87,0.7923417748236661,0.034482758620689655,0.034482758620689655,0.011494252873563218,0.011494252873563218,0.367816091954023,0.04597701149425287,0.11494252873563218,0.034482758620689655,0.0,0.3448275862068966,4,0.0,127.714173323002,36.2125612351689,1,True,0,False,0,False,2,True,0
충북,영동군,양강면,43740360,True,True,62,0.8861739737130725,0.06451612903225806,0.08064516129032258,0.016129032258064516,0.0,0.4838709677419355,0.0967741935483871,0.016129032258064516,0.016129032258064516,0.016129032258064516,0.20967741935483872,6,0.0,127.7487985357445,36.144651692009305,0,False,0,False,0,False,2,True,0
충북,영동군,양산면,43740390,True,True,88,0.8088557294406757,0.022727272727272728,0.045454545454545456,0.0,0.011363636363636364,0.25,0.06818181818181818,0.125,0.0,0.03409090909090909,0.4431818181818182,6,0.011363636363636364,127.66773296804351,36.1291738630609,1,True,0,False,0,False,3,True,2
충북,영동군,영동읍,43740250,True,True,1568,0.8190060893521071,0.054209183673469385,0.049107142857142856,0.029336734693877552,0.015306122448979591,0.3112244897959184,0.12372448979591837,0.011479591836734694,0.03125,0.04145408163265306,0.33290816326530615,194,0.04846938775510204,127.777709005692,36.174511408778,23,True,21,True,42,True,7,True,1
충북,영동군,용산면,43740310,True,True,161,0.8138984000833902,0.018633540372670808,0.018633540372670808,0.006211180124223602,0.024844720496894408,0.2484472049689441,0.09937888198757763,0.062111801242236024,0.031055900621118012,0.037267080745341616,0.453416149068323,16,0.018633540372670808,127.828207557658,36.2610522311968,4,True,0,False,1,True,2,True,2
충북,영동군,용화면,43740370,True,True,22,0.8906101810071296,0.045454545454545456,0.0,0.0,0.045454545454545456,0.36363636363636365,0.045454545454545456,0.18181818181818182,0.045454545454545456,0.0,0.2727272727272727,1,0.0,127.765887999595,36.0323311778588,0,False,0,False,0,False,0,False,0
충북,영동군,추풍령면,43740335,True,True,104,0.8269622683730444,0.009615384615384616,0.0,0.0,0.019230769230769232,0.3269230769230769,0.057692307692307696,0.038461538461538464,0.009615384615384616,0.038461538461538464,0.5,6,0.009615384615384616,128.0011539041295,36.212020377715106,1,True,1,True,0,False,1,True,2
충북,영동군,학산면,43740380,True,True,64,0.8366853453515777,0.0,0.03125,0.0,0.0,0.3125,0.109375,0.03125,0.03125,0.03125,0.453125,7,0.0,127.683456821958,36.097962255685204,1,True,1,True,0,False,2,True,0
충북,영동군,황간면,43740320,True,True,231,0.8049567759883645,0.025974025974025976,0.025974025974025976,0.017316017316017316,0.017316017316017316,0.3116883116883117,0.09956709956709957,0.05627705627705628,0.025974025974025976,0.017316017316017316,0.4025974025974026,23,0.0,127.908746460161,36.2279731733063,2,True,2,True,3,True,4,True,2
충북,옥천군,군북면,43730380,True,True,199,0.7690046058915417,0.035175879396984924,0.02512562814070352,0.0,0.010050251256281407,0.36180904522613067,0.020100502512562814,0.12562814070351758,0.03015075376884422,0.05527638190954774,0.33668341708542715,4,0.02512562814070352,127.537317024873,36.3489839845413,4,True,0,False,0,False,2,True,2
충북,옥천군,군서면,43730370,True,True,105,0.7624880392675291,0.0380952380952381,0.01904761904761905,0.0,0.009523809523809525,0.26666666666666666,0.01904761904761905,0.22857142857142856,0.0380952380952381,0.047619047619047616,0.3333333333333333,2,0.0,127.535835854163,36.2673544582304,0,False,0,False,0,False,0,False,2
충북,옥천군,동이면,43730310,True,True,144,0.8299803218348367,0.04861111111111111,0.006944444444444444,0.0,0.006944444444444444,0.3263888888888889,0.04861111111111111,0.1111111111111111,0.041666666666666664,0.04861111111111111,0.3611111111111111,7,0.006944444444444444,127.628997409605,36.27934921008635,3,True,0,False,0,False,4,True,0
충북,옥천군,안남면,43730320,True,True,54,0.8388705279469663,0.018518518518518517,0.037037037037037035,0.0,0.018518518518518517,0.5740740740740741,0.037037037037037035,0.018518518518518517,0.037037037037037035,0.018518518518518517,0.24074074074074073,2,0.037037037037037035,127.674646805999,36.357053467613696,0,False,0,False,0,False,1,True,0
충북,옥천군,안내면,43730330,True,True,79,0.8399965957661104,0.0379746835443038,0.0379746835443038,0.0,0.012658227848101266,0.27848101265822783,0.08860759493670886,0.08860759493670886,0.012658227848101266,0.02531645569620253,0.4177215189873418,7,0.02531645569620253,127.659189729588,36.3937675556978,1,True,0,False,0,False,1,True,2
충북,옥천군,옥천읍,43730250,True,True,1905,0.8118685188371171,0.05459317585301837,0.04199475065616798,0.028346456692913385,0.01732283464566929,0.29238845144356956,0.12755905511811025,0.01732283464566929,0.03727034120734908,0.03569553805774278,0.34750656167979005,243,0.09553805774278215,127.569483497787,36.3013525848886,37,True,19,True,48,True,17,True,1
충북,옥천군,이원면,43730360,True,True,183,0.8327796608606503,0.03278688524590164,0.02185792349726776,0.01092896174863388,0.0,0.46994535519125685,0.04918032786885246,0.0273224043715847,0.04371584699453552,0.02185792349726776,0.3224043715846995,9,0.00546448087431694,127.622257035871,36.2459966951286,2,True,2,True,2,True,4,True,0
충북,옥천군,청산면,43730350,True,True,150,0.8469936860152242,0.013333333333333334,0.006666666666666667,0.013333333333333334,0.02,0.26666666666666666,0.12666666666666668,0.07333333333333333,0.02666666666666667,0.013333333333333334,0.44,19,0.0,127.793221671803,36.34496786445585,4,True,0,False,2,True,2,True,2
충북,옥천군,청성면,43730340,True,True,59,0.8432038773585596,0.05084745762711865,0.05084745762711865,0.01694915254237288,0.01694915254237288,0.4576271186440678,0.01694915254237288,0.1694915254237288,0.01694915254237288,0.05084745762711865,0.15254237288135594,1,0.0,127.73486726297,36.3248651899613,0,False,0,False,0,False,1,True,0
충북,음성군,감곡면,43770370,False,True,639,0.8148397844823108,0.03755868544600939,0.018779342723004695,0.012519561815336464,0.03442879499217527,0.2895148669796557,0.11580594679186229,0.0297339593114241,0.056338028169014086,0.050078247261345854,0.35524256651017216,74,0.04381846635367762,127.641868353459,37.1176645775424,20,True,4,True,8,True,7,True,1
충북,음성군,금왕읍,43770253,False,True,1462,0.8191421136029096,0.04103967168262654,0.02667578659370725,0.024623803009575923,0.03556771545827633,0.25786593707250344,0.11764705882352941,0.01709986320109439,0.07181942544459645,0.04103967168262654,0.36662106703146374,172,0.11422708618331054,127.5924318283005,36.992039747107,48,True,11,True,30,True,15,True,1
충북,음성군,대소읍,43770256,False,True,1217,0.8177328193948746,0.03697617091207888,0.018077239112571898,0.01314708299096138,0.04847986852917009,0.2736236647493837,0.11832374691865243,0.023007395234182416,0.07559572719802794,0.05012325390304026,0.34264585045193097,144,0.06902218570254724,127.487421413318,36.9682593627517,48,True,7,True,14,True,22,True,1
충북,음성군,맹동면,43770330,False,True,1383,0.7898388826541628,0.28633405639913234,0.046999276934201015,0.010845986984815618,0.0368763557483731,0.1279826464208243,0.09544468546637744,0.006507592190889371,0.028922631959508314,0.04772234273318872,0.3123644251626898,132,0.16052060737527116,127.544936125186,36.9089417928875,27,True,8,True,14,True,8,True,1
충북,음성군,삼성면,43770350,False,True,506,0.8347523829994253,0.041501976284584984,0.011857707509881422,0.007905138339920948,0.029644268774703556,0.2865612648221344,0.10474308300395258,0.011857707509881422,0.11067193675889328,0.041501976284584984,0.35375494071146246,53,0.06324110671936758,127.498103592241,37.01907689995575,17,True,2,True,4,True,6,True,1
충북,음성군,생극면,43770360,False,True,239,0.821562366684107,0.029288702928870293,0.008368200836820083,0.008368200836820083,0.02092050209205021,0.28870292887029286,0.11715481171548117,0.02092050209205021,0.0794979079497908,0.05439330543933055,0.3723849372384937,28,0.04184100418410042,127.606968111207,37.0333426551356,7,True,1,True,0,False,6,True,1
충북,음성군,소이면,43770310,False,True,79,0.8507449978605681,0.06329113924050633,0.0379746835443038,0.0,0.0,0.3670886075949367,0.0379746835443038,0.012658227848101266,0.13924050632911392,0.02531645569620253,0.31645569620253167,3,0.02531645569620253,127.752397832235,36.925647073094,0,False,0,False,0,False,6,True,0
충북,음성군,원남면,43770320,False,True,139,0.8549404030118963,0.03597122302158273,0.014388489208633094,0.0,0.02158273381294964,0.302158273381295,0.03597122302158273,0.05755395683453238,0.08633093525179857,0.04316546762589928,0.4028776978417266,5,0.02877697841726619,127.665720940718,36.8871435172219,4,True,0,False,0,False,6,True,0
충북,음성군,음성읍,43770250,False,True,1153,0.8226225452449876,0.08065915004336513,0.032090199479618386,0.020815264527320035,0.033824804856895055,0.26019080659150046,0.10581092801387684,0.014744145706851692,0.06678230702515178,0.03469210754553339,0.35039028620988727,122,0.09366869037294015,127.690661099451,36.9351107911465,22,True,12,True,20,True,18,True,1
충북,제천시,교동,43150510,True,False,921,0.7900508650074087,0.031487513572204126,0.09446254071661238,0.0054288816503800215,0.026058631921824105,0.1997828447339848,0.21715526601520088,0.002171552660152009,0.02714440825190011,0.053203040173724216,0.34310532030401736,200,0.07166123778501629,128.223823367682,37.1540263736112,18,True,2,True,5,True,4,True,1
충북,제천시,금성면,43150310,True,False,130,0.7926611893668388,0.03076923076923077,0.007692307692307693,0.015384615384615385,0.023076923076923078,0.3076923076923077,0.06153846153846154,0.16923076923076924,0.03076923076923077,0.03076923076923077,0.3230769230769231,8,0.023076923076923078,128.1744599070715,37.0632413068538,3,True,0,False,0,False,3,True,2
충북,제천시,남현동,43150537,True,False,351,0.8694224045309592,0.04843304843304843,0.039886039886039885,0.08831908831908832,0.022792022792022793,0.31339031339031337,0.1737891737891738,0.005698005698005698,0.04843304843304843,0.045584045584045586,0.21367521367521367,61,0.07407407407407407,128.213966108411,37.1351902963904,6,True,8,True,30,True,0,False,1
충북,제천시,덕산면,43150340,True,False,162,0.8213613258939987,0.018518518518518517,0.043209876543209874,0.012345679012345678,0.018518518518518517,0.345679012345679,0.06790123456790123,0.16666666666666666,0.012345679012345678,0.030864197530864196,0.2839506172839506,11,0.0,128.164737882716,36.9089338338997,1,True,1,True,2,True,2,True,2
충북,제천시,백운면,43150360,True,False,237,0.7784746671734075,0.04219409282700422,0.02109704641350211,0.004219409282700422,0.016877637130801686,0.29535864978902954,0.04219409282700422,0.1729957805907173,0.016877637130801686,0.03375527426160337,0.35443037974683544,10,0.046413502109704644,128.022461412437,37.1449489401552,5,True,1,True,1,True,6,True,2
충북,제천시,봉양읍,43150250,True,False,323,0.7493092608360802,0.021671826625386997,0.018575851393188854,0.006191950464396285,0.01238390092879257,0.21981424148606812,0.08978328173374613,0.20123839009287925,0.030959752321981424,0.043343653250773995,0.3560371517027864,29,0.015479876160990712,128.122592222951,37.1526825221371,5,True,0,False,1,True,9,True,2
충북,제천시,송학면,43150380,True,False,205,0.8437649413042434,0.05853658536585366,0.024390243902439025,0.0,0.01951219512195122,0.3463414634146341,0.06829268292682927,0.06341463414634146,0.06341463414634146,0.03414634146341464,0.32195121951219513,14,0.00975609756097561,128.263064175379,37.1867688541486,7,True,0,False,0,False,4,True,0
충북,제천시,수산면,43150330,True,False,139,0.7657302211203684,0.02158273381294964,0.04316546762589928,0.0,0.02877697841726619,0.2805755395683453,0.04316546762589928,0.26618705035971224,0.02158273381294964,0.02877697841726619,0.26618705035971224,6,0.0,128.19712083369,36.9357377449731,2,True,1,True,0,False,2,True,2
충북,제천시,신백동,43150577,True,False,389,0.8351266391313028,0.061696658097686374,0.07197943444730077,0.010282776349614395,0.017994858611825194,0.2236503856041131,0.19794344473007713,0.017994858611825194,0.04627249357326478,0.043701799485861184,0.30848329048843187,77,0.012853470437017995,128.227129890038,37.131210435426,7,True,2,True,3,True,7,True,1
충북,제천시,영서동,43150547,True,False,497,0.8247136495058935,0.07243460764587525,0.04225352112676056,0.008048289738430584,0.02414486921529175,0.19919517102615694,0.13682092555331993,0.08651911468812877,0.052313883299798795,0.02414486921529175,0.35412474849094566,68,0.06639839034205232,128.203277241625,37.1311027309904,7,True,1,True,1,True,9,True,1
충북,제천시,용두동,43150560,True,False,790,0.7999674222825008,0.039240506329113925,0.09873417721518987,0.017721518987341773,0.021518987341772152,0.22151898734177214,0.13037974683544304,0.002531645569620253,0.013924050632911392,0.04556962025316456,0.4088607594936709,103,0.0759493670886076,128.197497607583,37.142198110797054,22,True,6,True,13,True,5,True,1
충북,제천시,의림지동,43150518,True,False,429,0.807714091239383,0.04428904428904429,0.0675990675990676,0.011655011655011656,0.011655011655011656,0.1655011655011655,0.15151515151515152,0.006993006993006993,0.04195804195804196,0.06993006993006994,0.4289044289044289,65,0.11421911421911422,128.216838288002,37.1634349795008,11,True,3,True,2,True,7,True,1
충북,제천시,중앙동,43150528,True,False,1862,0.7749969630067115,0.05209452201933405,0.03276047261009667,0.04833512352309345,0.010741138560687433,0.37755102040816324,0.10365198711063373,0.020945220193340493,0.027389903329752954,0.030612244897959183,0.29591836734693877,193,0.11009667024704618,128.211170939578,37.138483992471,14,True,21,True,81,True,5,True,1
충북,제천시,청전동,43150590,True,False,1033,0.7937010583071691,0.05033881897386254,0.04065827686350436,0.01936108422071636,0.030009680542110357,0.20813165537270087,0.14230396902226525,0.003872216844143272,0.03872216844143272,0.07647628267182963,0.39012584704743464,147,0.07163601161665054,128.212866511625,37.1479584928348,22,True,5,True,18,True,6,True,1
충북,제천시,청풍면,43150320,True,False,210,0.6762398721996772,0.01904761904761905,0.01904761904761905,0.004761904761904762,0.009523809523809525,0.20476190476190476,0.014285714285714285,0.36666666666666664,0.014285714285714285,0.03333333333333333,0.3142857142857143,3,0.01904761904761905,128.166763815505,37.0012666495084,2,True,0,False,1,True,1,True,2
충북,제천시,한수면,43150350,True,False,112,0.7121616773177343,0.008928571428571428,0.017857142857142856,0.0,0.0,0.23214285714285715,0.0,0.3392857142857143,0.017857142857142856,0.05357142857142857,0.33035714285714285,0,0.008928571428571428,128.0811971390615,36.8826469491236,1,True,0,False,0,False,2,True,2
충북,제천시,화산동,43150605,True,False,821,0.8356041712106467,0.04506699147381242,0.05968331303288672,0.0036540803897685747,0.01705237515225335,0.28867235079171744,0.14981729598051158,0.040194884287454324,0.0535931790499391,0.02679658952496955,0.315468940316687,123,0.07551766138855055,128.208091136314,37.1275452204467,14,True,2,True,2,True,13,True,1
충북,증평군,도안면,43745310,False,True,58,0.9291242347478619,0.08620689655172414,0.034482758620689655,0.0,0.0,0.3620689655172414,0.05172413793103448,0.017241379310344827,0.1206896551724138,0.017241379310344827,0.3103448275862069,3,0.06896551724137931,127.61296546340151,36.8147026156139,4,True,0,False,0,False,2,True,0
충북,증평군,증평읍,43745250,False,True,2026,0.7932421360284716,0.034550839091806514,0.031095755182625865,0.009378084896347482,0.021224086870681145,0.2690029615004936,0.15153010858835142,0.01579466929911155,0.03603158933859822,0.045409674234945706,0.3859822309970385,307,0.10118460019743336,127.581472131404,36.783531156062,48,True,27,True,11,True,16,True,1
충북,진천군,광혜원면,43750370,False,True,792,0.7823894868664978,0.015151515151515152,0.03409090909090909,0.015151515151515152,0.020202020202020204,0.19065656565656566,0.11237373737373738,0.02904040404040404,0.07702020202020202,0.045454545454545456,0.46085858585858586,89,0.13005050505050506,127.441346267348,36.9900718017187,25,True,6,True,12,True,9,True,1
충북,진천군,덕산읍,43750253,False,True,1171,0.8050029827035625,0.029888983774551667,0.09564474807856532,0.017079419299743808,0.04269854824935952,0.20666097352690008,0.09222886421861656,0.009393680614859094,0.06404782237403928,0.036720751494449186,0.40563620836891545,108,0.14005123825789922,127.523744937658,36.9041562372055,44,True,14,True,17,True,9,True,1
충북,진천군,문백면,43750330,False,True,177,0.8339286294729125,0.03389830508474576,0.022598870056497175,0.005649717514124294,0.011299435028248588,0.2655367231638418,0.05649717514124294,0.06779661016949153,0.10734463276836158,0.04519774011299435,0.384180790960452,10,0.01694915254237288,127.446608722388,36.7895209223457,7,True,0,False,0,False,11,True,0
충북,진천군,백곡면,43750340,False,True,87,0.8653974898112297,0.034482758620689655,0.0,0.0,0.022988505747126436,0.2988505747126437,0.05747126436781609,0.11494252873563218,0.022988505747126436,0.05747126436781609,0.39080459770114945,5,0.011494252873563218,127.376217627843,36.8832273871161,2,True,0,False,0,False,2,True,0
충북,진천군,이월면,43750350,False,True,408,0.7982978541447825,0.031862745098039214,0.024509803921568627,0.012254901960784314,0.022058823529411766,0.23039215686274508,0.0784313725490196,0.024509803921568627,0.08088235294117647,0.041666666666666664,0.4534313725490196,32,0.05392156862745098,127.429480596132,36.9306927030136,20,True,2,True,4,True,9,True,1
충북,진천군,진천읍,43750250,False,True,2204,0.8188884371307112,0.059437386569872956,0.03901996370235935,0.023139745916515426,0.028584392014519056,0.2690562613430127,0.11978221415607986,0.017241379310344827,0.04945553539019964,0.041742286751361164,0.352540834845735,264,0.11070780399274047,127.443377913474,36.85656879309385,50,True,20,True,48,True,25,True,1
충북,진천군,초평면,43750320,False,True,123,0.8563646404103374,0.04065040650406504,0.008130081300813009,0.008130081300813009,0.024390243902439025,0.2601626016260163,0.04065040650406504,0.04065040650406504,0.17886178861788618,0.04878048780487805,0.34959349593495936,5,0.04065040650406504,127.522618825773,36.8209040836066,6,True,0,False,0,False,5,True,0
